Participant ID,Condition,Statement ID,Agreement-Text,Agreement-Value,Initial Estimate,Final Estimate
P0001,Season,1,Strongly agree,5,80,96
P0001,Season,2,Strongly agree,5,73,85
P0001,Season,3,Strongly agree,5,80,77
P0001,Season,4,Strongly agree,5,44,44
P0001,Season,5,Strongly agree,5,44,72
P0001,Season,6,Strongly agree,5,38,81
P0001,Season,7,Strongly disagree,1,50,30
P0001,Season,8,Strongly disagree,1,41,49
P0001,Season,9,Strongly disagree,1,40,48
P0001,Season,10,Strongly disagree,1,61,69
P0001,Season,11,Strongly disagree,1,77,51
P0001,Season,12,Strongly disagree,1,61,30
P0002,Individual,1,Strongly agree,5,56,100
P0002,Individual,2,Strongly agree,5,85,85
P0002,Individual,3,Strongly agree,5,74,74
P0002,Individual,4,Disagree,2,15,15
P0002,Individual,5,Strongly agree,5,72,72
P0002,Individual,6,Strongly agree,5,77,77
P0002,Individual,7,Strongly disagree,1,20,20
P0002,Individual,8,Strongly disagree,1,36,36
P0002,Individual,9,Strongly disagree,1,64,64
P0002,Individual,10,Strongly disagree,1,42,42
P0002,Individual,11,Strongly disagree,1,86,86
P0002,Individual,12,Strongly disagree,1,67,67
P0003,Conformity,1,Strongly agree,5,41,41
P0003,Conformity,2,Strongly agree,5,79,79
P0003,Conformity,3,Strongly agree,5,61,61
P0003,Conformity,4,Agree,4,62,62
P0003,Conformity,5,Agree,4,45,45
P0003,Conformity,6,Strongly agree,5,62,62
P0003,Conformity,7,Strongly disagree,1,30,30
P0003,Conformity,8,Strongly disagree,1,55,55
P0003,Conformity,9,Strongly disagree,1,23,23
P0003,Conformity,10,Strongly disagree,1,21,0
P0003,Conformity,11,Strongly disagree,1,54,54
P0003,Conformity,12,Strongly disagree,1,23,23
P0004,Season,1,Agree,4,97,97
P0004,Season,2,Strongly agree,5,93,93
P0004,Season,3,Agree,4,62,62
P0004,Season,4,Neither agree nor disagree,3,20,20
P0004,Season,5,Neither agree nor disagree,3,37,37
P0004,Season,6,Agree,4,90,90
P0004,Season,7,Neither agree nor disagree,3,28,28
P0004,Season,8,Neither agree nor disagree,3,31,31
P0004,Season,9,Disagree,2,10,10
P0004,Season,10,Neither agree nor disagree,3,32,32
P0004,Season,11,Neither agree nor disagree,3,33,33
P0004,Season,12,Disagree,2,29,29
P0005,Individual,1,Strongly agree,5,90,100
P0005,Individual,2,Agree,4,75,75
P0005,Individual,3,Strongly agree,5,85,85
P0005,Individual,4,Agree,4,70,70
P0005,Individual,5,Agree,4,80,80
P0005,Individual,6,Strongly disagree,1,85,85
P0005,Individual,7,Disagree,2,20,20
P0005,Individual,8,Strongly disagree,1,15,15
P0005,Individual,9,Strongly disagree,1,5,5
P0005,Individual,10,Disagree,2,8,8
P0005,Individual,11,Disagree,2,10,10
P0005,Individual,12,Strongly disagree,1,6,6
P0006,Season,1,Strongly agree,5,100,100
P0006,Season,2,Strongly agree,5,100,100
P0006,Season,3,Strongly agree,5,100,100
P0006,Season,4,Agree,4,70,70
P0006,Season,5,Agree,4,82,91
P0006,Season,6,Strongly agree,5,100,100
P0006,Season,7,Disagree,2,15,15
P0006,Season,8,Strongly disagree,1,0,10
P0006,Season,9,Disagree,2,10,10
P0006,Season,10,Neither agree nor disagree,3,10,23
P0006,Season,11,Neither agree nor disagree,3,70,50
P0006,Season,12,Disagree,2,15,15
P0007,Age,1,Agree,4,85,90
P0007,Age,2,Agree,4,90,90
P0007,Age,3,Agree,4,90,90
P0007,Age,4,Neither agree nor disagree,3,50,50
P0007,Age,5,Neither agree nor disagree,3,20,55
P0007,Age,6,Agree,4,85,85
P0007,Age,7,Disagree,2,10,10
P0007,Age,8,Disagree,2,20,10
P0007,Age,9,Disagree,2,5,5
P0007,Age,10,Disagree,2,25,25
P0007,Age,11,Disagree,2,20,20
P0007,Age,12,Disagree,2,20,15
P0008,Individual,1,Strongly agree,5,92,100
P0008,Individual,2,Strongly agree,5,79,79
P0008,Individual,3,Strongly agree,5,90,90
P0008,Individual,4,Neither agree nor disagree,3,59,34
P0008,Individual,5,Agree,4,25,25
P0008,Individual,6,Strongly agree,5,69,69
P0008,Individual,7,Disagree,2,19,19
P0008,Individual,8,Disagree,2,50,50
P0008,Individual,9,Disagree,2,19,19
P0008,Individual,10,Neither agree nor disagree,3,32,32
P0008,Individual,11,Neither agree nor disagree,3,40,40
P0008,Individual,12,Disagree,2,51,51
P0009,Prestige,1,Strongly agree,5,90,90
P0009,Prestige,2,Strongly agree,5,82,90
P0009,Prestige,3,Strongly agree,5,73,83
P0009,Prestige,4,Agree,4,63,63
P0009,Prestige,5,Agree,4,50,63
P0009,Prestige,6,Strongly agree,5,50,85
P0009,Prestige,7,Disagree,2,5,5
P0009,Prestige,8,Disagree,2,20,7
P0009,Prestige,9,Strongly disagree,1,9,6
P0009,Prestige,10,Disagree,2,29,15
P0009,Prestige,11,Disagree,2,18,18
P0009,Prestige,12,Strongly disagree,1,19,12
P0010,Prestige,1,Strongly agree,5,97,97
P0010,Prestige,2,Strongly agree,5,95,95
P0010,Prestige,3,Strongly agree,5,90,90
P0010,Prestige,4,Agree,4,79,79
P0010,Prestige,5,Strongly agree,5,72,72
P0010,Prestige,6,Strongly agree,5,89,89
P0010,Prestige,7,Strongly disagree,1,4,4
P0010,Prestige,8,Strongly disagree,1,4,4
P0010,Prestige,9,Strongly disagree,1,6,6
P0010,Prestige,10,Strongly disagree,1,7,7
P0010,Prestige,11,Strongly disagree,1,23,23
P0010,Prestige,12,Strongly disagree,1,17,17
P0011,Conformity,1,Strongly agree,5,94,94
P0011,Conformity,2,Strongly agree,5,89,93
P0011,Conformity,3,Strongly agree,5,83,88
P0011,Conformity,4,Agree,4,65,65
P0011,Conformity,5,Strongly agree,5,70,70
P0011,Conformity,6,Strongly agree,5,71,89
P0011,Conformity,7,Strongly disagree,1,13,13
P0011,Conformity,8,Neither agree nor disagree,3,54,20
P0011,Conformity,9,Strongly disagree,1,15,9
P0011,Conformity,10,Strongly disagree,1,28,19
P0011,Conformity,11,Neither agree nor disagree,3,83,61
P0011,Conformity,12,Strongly disagree,1,32,19
P0012,Age,1,Strongly agree,5,95,95
P0012,Age,2,Agree,4,97,97
P0012,Age,3,Agree,4,75,96
P0012,Age,4,Neither agree nor disagree,3,64,65
P0012,Age,5,Neither agree nor disagree,3,8,73
P0012,Age,6,Strongly agree,5,96,96
P0012,Age,7,Disagree,2,13,13
P0012,Age,8,Disagree,2,16,2
P0012,Age,9,Disagree,2,8,2
P0012,Age,10,Neither agree nor disagree,3,30,16
P0012,Age,11,Neither agree nor disagree,3,62,13
P0012,Age,12,Strongly disagree,1,1,5
P0013,Conformity,1,Agree,4,93,93
P0013,Conformity,2,Agree,4,95,95
P0013,Conformity,3,Strongly agree,5,85,85
P0013,Conformity,4,Agree,4,80,80
P0013,Conformity,5,Agree,4,60,60
P0013,Conformity,6,Agree,4,78,78
P0013,Conformity,7,Disagree,2,12,12
P0013,Conformity,8,Disagree,2,15,15
P0013,Conformity,9,Disagree,2,20,15
P0013,Conformity,10,Disagree,2,15,0
P0013,Conformity,11,Disagree,2,40,25
P0013,Conformity,12,Disagree,2,30,25
P0014,Prestige,1,Agree,4,50,95
P0014,Prestige,2,Strongly agree,5,80,85
P0014,Prestige,3,Strongly agree,5,90,90
P0014,Prestige,4,Strongly agree,5,60,60
P0014,Prestige,5,Neither agree nor disagree,3,80,80
P0014,Prestige,6,Strongly agree,5,70,95
P0014,Prestige,7,Neither agree nor disagree,3,40,30
P0014,Prestige,8,Strongly disagree,1,20,15
P0014,Prestige,9,Disagree,2,40,15
P0014,Prestige,10,Agree,4,50,20
P0014,Prestige,11,Disagree,2,30,30
P0014,Prestige,12,Strongly disagree,1,60,10
P0015,Age,1,Strongly agree,5,60,60
P0015,Age,2,Strongly agree,5,80,80
P0015,Age,3,Agree,4,61,61
P0015,Age,4,Neither agree nor disagree,3,50,50
P0015,Age,5,Strongly agree,5,50,50
P0015,Age,6,Agree,4,70,70
P0015,Age,7,Strongly disagree,1,60,60
P0015,Age,8,Disagree,2,60,60
P0015,Age,9,Strongly disagree,1,50,50
P0015,Age,10,Disagree,2,85,85
P0015,Age,11,Strongly disagree,1,50,50
P0015,Age,12,Agree,4,85,85
P0016,Conformity,1,Strongly agree,5,40,80
P0016,Conformity,2,Strongly agree,5,64,71
P0016,Conformity,3,Strongly agree,5,53,68
P0016,Conformity,4,Strongly agree,5,42,42
P0016,Conformity,5,Strongly agree,5,50,50
P0016,Conformity,6,Strongly agree,5,20,85
P0016,Conformity,7,Strongly disagree,1,32,23
P0016,Conformity,8,Strongly disagree,1,20,15
P0016,Conformity,9,Strongly disagree,1,30,24
P0016,Conformity,10,Strongly disagree,1,20,20
P0016,Conformity,11,Strongly disagree,1,30,20
P0016,Conformity,12,Strongly disagree,1,10,10
P0017,Prestige,1,Agree,4,12,12
P0017,Prestige,2,Agree,4,95,95
P0017,Prestige,3,Neither agree nor disagree,3,61,61
P0017,Prestige,4,Disagree,2,20,21
P0017,Prestige,5,Neither agree nor disagree,3,30,30
P0017,Prestige,6,Neither agree nor disagree,3,50,50
P0017,Prestige,7,Neither agree nor disagree,3,40,40
P0017,Prestige,8,Disagree,2,11,11
P0017,Prestige,9,Disagree,2,26,26
P0017,Prestige,10,Neither agree nor disagree,3,21,21
P0017,Prestige,11,Neither agree nor disagree,3,25,25
P0017,Prestige,12,Disagree,2,39,39
P0018,Season,1,Agree,4,95,95
P0018,Season,2,Strongly agree,5,95,95
P0018,Season,3,Strongly agree,5,96,96
P0018,Season,4,Disagree,2,66,66
P0018,Season,5,Neither agree nor disagree,3,70,70
P0018,Season,6,Agree,4,83,90
P0018,Season,7,Neither agree nor disagree,3,10,10
P0018,Season,8,Strongly disagree,1,6,6
P0018,Season,9,Disagree,2,2,2
P0018,Season,10,Neither agree nor disagree,3,20,16
P0018,Season,11,Neither agree nor disagree,3,40,17
P0018,Season,12,Disagree,2,3,6
P0019,Conformity,1,Strongly agree,5,92,92
P0019,Conformity,2,Strongly agree,5,92,92
P0019,Conformity,3,Strongly agree,5,90,90
P0019,Conformity,4,Strongly agree,5,71,71
P0019,Conformity,5,Strongly agree,5,75,75
P0019,Conformity,6,Strongly agree,5,67,76
P0019,Conformity,7,Strongly disagree,1,17,12
P0019,Conformity,8,Strongly disagree,1,24,10
P0019,Conformity,9,Strongly disagree,1,21,10
P0019,Conformity,10,Strongly disagree,1,14,0
P0019,Conformity,11,Strongly disagree,1,42,17
P0019,Conformity,12,Strongly disagree,1,29,18
P0020,Individual,1,Strongly agree,5,95,100
P0020,Individual,2,Strongly agree,5,94,94
P0020,Individual,3,Strongly agree,5,97,97
P0020,Individual,4,Agree,4,78,78
P0020,Individual,5,Strongly agree,5,83,83
P0020,Individual,6,Strongly agree,5,93,93
P0020,Individual,7,Strongly disagree,1,3,3
P0020,Individual,8,Strongly disagree,1,8,8
P0020,Individual,9,Strongly disagree,1,0,0
P0020,Individual,10,Disagree,2,46,46
P0020,Individual,11,Strongly disagree,1,87,87
P0020,Individual,12,Strongly disagree,1,5,5
P0021,Individual,1,Agree,4,55,100
P0021,Individual,2,Agree,4,55,55
P0021,Individual,3,Strongly agree,5,45,45
P0021,Individual,4,Strongly agree,5,45,45
P0021,Individual,5,Agree,4,30,30
P0021,Individual,6,Strongly agree,5,75,75
P0021,Individual,7,Disagree,2,35,35
P0021,Individual,8,Strongly disagree,1,25,25
P0021,Individual,9,Strongly disagree,1,30,30
P0021,Individual,10,Neither agree nor disagree,3,45,45
P0021,Individual,11,Disagree,2,65,65
P0021,Individual,12,Strongly disagree,1,25,25
P0022,Prestige,1,Agree,4,84,84
P0022,Prestige,2,Agree,4,68,68
P0022,Prestige,3,Agree,4,68,68
P0022,Prestige,4,Strongly disagree,1,32,32
P0022,Prestige,5,Agree,4,68,68
P0022,Prestige,6,Agree,4,84,84
P0022,Prestige,7,Disagree,2,5,5
P0022,Prestige,8,Agree,4,68,68
P0022,Prestige,9,Disagree,2,32,32
P0022,Prestige,10,Disagree,2,16,16
P0022,Prestige,11,Neither agree nor disagree,3,68,68
P0022,Prestige,12,Disagree,2,5,5
P0023,Individual,1,Strongly agree,5,37,100
P0023,Individual,2,Strongly agree,5,63,63
P0023,Individual,3,Strongly agree,5,61,61
P0023,Individual,4,Strongly agree,5,95,95
P0023,Individual,5,Agree,4,40,40
P0023,Individual,6,Strongly agree,5,100,100
P0023,Individual,7,Disagree,2,10,10
P0023,Individual,8,Strongly disagree,1,2,2
P0023,Individual,9,Strongly disagree,1,20,20
P0023,Individual,10,Strongly disagree,1,5,5
P0023,Individual,11,Neither agree nor disagree,3,3,3
P0023,Individual,12,Strongly disagree,1,8,8
P0024,Age,1,Strongly agree,5,99,97
P0024,Age,2,Strongly agree,5,97,97
P0024,Age,3,Strongly agree,5,92,92
P0024,Age,4,Agree,4,47,50
P0024,Age,5,Strongly agree,5,92,90
P0024,Age,6,Strongly agree,5,84,88
P0024,Age,7,Strongly disagree,1,4,9
P0024,Age,8,Strongly disagree,1,12,9
P0024,Age,9,Strongly disagree,1,19,13
P0024,Age,10,Strongly disagree,1,8,8
P0024,Age,11,Strongly disagree,1,24,21
P0024,Age,12,Neither agree nor disagree,3,31,24
P0025,Individual,1,Strongly agree,5,85,100
P0025,Individual,2,Strongly agree,5,90,90
P0025,Individual,3,Strongly agree,5,70,70
P0025,Individual,4,Agree,4,51,51
P0025,Individual,5,Strongly agree,5,71,71
P0025,Individual,6,Strongly agree,5,65,65
P0025,Individual,7,Disagree,2,25,25
P0025,Individual,8,Strongly disagree,1,30,30
P0025,Individual,9,Disagree,2,40,40
P0025,Individual,10,Disagree,2,25,25
P0025,Individual,11,Strongly disagree,1,40,40
P0025,Individual,12,Strongly disagree,1,33,33
P0026,Age,1,Strongly agree,5,65,78
P0026,Age,2,Strongly agree,5,82,82
P0026,Age,3,Strongly agree,5,88,88
P0026,Age,4,Strongly agree,5,55,55
P0026,Age,5,Strongly agree,5,52,68
P0026,Age,6,Strongly agree,5,77,85
P0026,Age,7,Strongly disagree,1,25,25
P0026,Age,8,Strongly disagree,1,20,10
P0026,Age,9,Strongly disagree,1,14,9
P0026,Age,10,Strongly disagree,1,30,21
P0026,Age,11,Strongly disagree,1,33,19
P0026,Age,12,Strongly disagree,1,17,17
P0027,Conformity,1,Neither agree nor disagree,3,100,100
P0027,Conformity,2,Strongly agree,5,95,95
P0027,Conformity,3,Strongly agree,5,93,93
P0027,Conformity,4,Strongly agree,5,94,56
P0027,Conformity,5,Strongly agree,5,93,71
P0027,Conformity,6,Strongly agree,5,93,93
P0027,Conformity,7,Strongly disagree,1,29,10
P0027,Conformity,8,Strongly disagree,1,38,5
P0027,Conformity,9,Disagree,2,40,4
P0027,Conformity,10,Strongly disagree,1,9,15
P0027,Conformity,11,Strongly disagree,1,79,15
P0027,Conformity,12,Strongly disagree,1,49,8
P0028,Prestige,1,Strongly agree,5,75,85
P0028,Prestige,2,Strongly agree,5,85,85
P0028,Prestige,3,Strongly agree,5,60,80
P0028,Prestige,4,Strongly agree,5,65,65
P0028,Prestige,5,Strongly agree,5,55,60
P0028,Prestige,6,Strongly agree,5,90,90
P0028,Prestige,7,Strongly disagree,1,20,20
P0028,Prestige,8,Disagree,2,30,20
P0028,Prestige,9,Strongly disagree,1,10,6
P0028,Prestige,10,Agree,4,80,40
P0028,Prestige,11,Strongly disagree,1,55,35
P0028,Prestige,12,Strongly disagree,1,25,20
P0029,Prestige,1,Strongly agree,5,97,97
P0029,Prestige,2,Strongly agree,5,80,80
P0029,Prestige,3,Strongly agree,5,80,91
P0029,Prestige,4,Agree,4,77,77
P0029,Prestige,5,Agree,4,61,71
P0029,Prestige,6,Strongly agree,5,81,81
P0029,Prestige,7,Strongly disagree,1,36,10
P0029,Prestige,8,Strongly disagree,1,15,5
P0029,Prestige,9,Strongly disagree,1,10,3
P0029,Prestige,10,Agree,4,40,15
P0029,Prestige,11,Neither agree nor disagree,3,30,15
P0029,Prestige,12,Strongly disagree,1,23,23
P0030,Conformity,1,Strongly agree,5,65,90
P0030,Conformity,2,Strongly agree,5,76,93
P0030,Conformity,3,Agree,4,72,90
P0030,Conformity,4,Agree,4,35,60
P0030,Conformity,5,Strongly agree,5,64,69
P0030,Conformity,6,Strongly agree,5,60,94
P0030,Conformity,7,Disagree,2,44,21
P0030,Conformity,8,Neither agree nor disagree,3,40,9
P0030,Conformity,9,Strongly disagree,1,40,15
P0030,Conformity,10,Disagree,2,40,18
P0030,Conformity,11,Neither agree nor disagree,3,40,17
P0030,Conformity,12,Strongly disagree,1,56,21
P0031,Age,1,Strongly agree,5,71,93
P0031,Age,2,Strongly agree,5,96,96
P0031,Age,3,Strongly agree,5,81,91
P0031,Age,4,Agree,4,51,61
P0031,Age,5,Strongly agree,5,80,71
P0031,Age,6,Strongly agree,5,93,96
P0031,Age,7,Strongly disagree,1,2,10
P0031,Age,8,Strongly disagree,1,6,5
P0031,Age,9,Strongly disagree,1,5,3
P0031,Age,10,Disagree,2,21,15
P0031,Age,11,Strongly disagree,1,22,15
P0031,Age,12,Strongly disagree,1,10,8
P0032,Conformity,1,Strongly agree,5,95,95
P0032,Conformity,2,Strongly agree,5,100,100
P0032,Conformity,3,Agree,4,76,93
P0032,Conformity,4,Agree,4,43,62
P0032,Conformity,5,Agree,4,56,71
P0032,Conformity,6,Strongly agree,5,100,95
P0032,Conformity,7,Disagree,2,71,14
P0032,Conformity,8,Strongly disagree,1,12,7
P0032,Conformity,9,Strongly disagree,1,24,3
P0032,Conformity,10,Disagree,2,65,18
P0032,Conformity,11,Neither agree nor disagree,3,36,12
P0032,Conformity,12,Strongly disagree,1,91,9
P0033,Season,1,Agree,4,85,85
P0033,Season,2,Agree,4,90,90
P0033,Season,3,Disagree,2,80,80
P0033,Season,4,Strongly disagree,1,60,60
P0033,Season,5,Strongly disagree,1,70,70
P0033,Season,6,Agree,4,95,95
P0033,Season,7,Disagree,2,40,40
P0033,Season,8,Agree,4,15,15
P0033,Season,9,Disagree,2,10,10
P0033,Season,10,Neither agree nor disagree,3,35,35
P0033,Season,11,Strongly agree,5,40,40
P0033,Season,12,Agree,4,25,25
P0034,Conformity,1,Agree,4,68,81
P0034,Conformity,2,Strongly agree,5,81,81
P0034,Conformity,3,Neither agree nor disagree,3,43,46
P0034,Conformity,4,Strongly agree,5,72,72
P0034,Conformity,5,Strongly agree,5,62,62
P0034,Conformity,6,Neither agree nor disagree,3,48,78
P0034,Conformity,7,Agree,4,63,63
P0034,Conformity,8,Strongly agree,5,76,76
P0034,Conformity,9,Agree,4,55,55
P0034,Conformity,10,Neither agree nor disagree,3,73,75
P0034,Conformity,11,Strongly agree,5,52,32
P0034,Conformity,12,Agree,4,81,18
P0035,Age,1,Strongly agree,5,92,92
P0035,Age,2,Strongly agree,5,85,85
P0035,Age,3,Strongly agree,5,70,70
P0035,Age,4,Agree,4,20,20
P0035,Age,5,Strongly agree,5,40,40
P0035,Age,6,Strongly agree,5,25,50
P0035,Age,7,Strongly disagree,1,65,60
P0035,Age,8,Strongly disagree,1,25,25
P0035,Age,9,Strongly disagree,1,8,8
P0035,Age,10,Disagree,2,50,50
P0035,Age,11,Strongly disagree,1,52,52
P0035,Age,12,Strongly disagree,1,35,35
P0036,Season,1,Agree,4,50,80
P0036,Season,2,Strongly agree,5,90,90
P0036,Season,3,Agree,4,60,60
P0036,Season,4,Agree,4,35,35
P0036,Season,5,Neither agree nor disagree,3,30,75
P0036,Season,6,Strongly agree,5,90,90
P0036,Season,7,Disagree,2,25,25
P0036,Season,8,Disagree,2,70,35
P0036,Season,9,Neither agree nor disagree,3,50,20
P0036,Season,10,Neither agree nor disagree,3,60,60
P0036,Season,11,Neither agree nor disagree,3,80,35
P0036,Season,12,Disagree,2,75,35
P0037,Season,1,Agree,4,62,90
P0037,Season,2,Strongly agree,5,96,96
P0037,Season,3,Strongly agree,5,94,90
P0037,Season,4,Agree,4,20,60
P0037,Season,5,Agree,4,40,68
P0037,Season,6,Strongly agree,5,65,91
P0037,Season,7,Strongly disagree,1,45,10
P0037,Season,8,Disagree,2,26,9
P0037,Season,9,Disagree,2,70,40
P0037,Season,10,Strongly disagree,1,37,20
P0037,Season,11,Disagree,2,80,25
P0037,Season,12,Strongly disagree,1,85,40
P0038,Individual,1,Strongly agree,5,75,100
P0038,Individual,2,Strongly agree,5,95,95
P0038,Individual,3,Strongly agree,5,82,82
P0038,Individual,4,Strongly agree,5,82,82
P0038,Individual,5,Strongly agree,5,80,80
P0038,Individual,6,Strongly agree,5,90,90
P0038,Individual,7,Strongly disagree,1,31,31
P0038,Individual,8,Strongly disagree,1,2,2
P0038,Individual,9,Strongly disagree,1,5,5
P0038,Individual,10,Disagree,2,10,10
P0038,Individual,11,Disagree,2,40,40
P0038,Individual,12,Strongly disagree,1,20,20
P0039,Individual,1,Agree,4,90,100
P0039,Individual,2,Neither agree nor disagree,3,20,20
P0039,Individual,3,Agree,4,75,75
P0039,Individual,4,Agree,4,90,90
P0039,Individual,5,Neither agree nor disagree,3,20,20
P0039,Individual,6,Agree,4,100,100
P0039,Individual,7,Disagree,2,55,55
P0039,Individual,8,Disagree,2,10,10
P0039,Individual,9,Disagree,2,10,10
P0039,Individual,10,Disagree,2,55,55
P0039,Individual,11,Neither agree nor disagree,3,10,10
P0039,Individual,12,Disagree,2,15,15
P0040,Prestige,1,Strongly agree,5,94,94
P0040,Prestige,2,Strongly agree,5,100,100
P0040,Prestige,3,Strongly agree,5,91,91
P0040,Prestige,4,Strongly agree,5,82,82
P0040,Prestige,5,Strongly agree,5,82,82
P0040,Prestige,6,Strongly agree,5,85,85
P0040,Prestige,7,Disagree,2,16,16
P0040,Prestige,8,Strongly agree,5,85,18
P0040,Prestige,9,Disagree,2,24,13
P0040,Prestige,10,Neither agree nor disagree,3,61,27
P0040,Prestige,11,Disagree,2,13,13
P0040,Prestige,12,Strongly agree,5,59,26
P0041,Season,1,Strongly agree,5,43,64
P0041,Season,2,Strongly agree,5,75,86
P0041,Season,3,Agree,4,70,73
P0041,Season,4,Agree,4,53,53
P0041,Season,5,Agree,4,53,55
P0041,Season,6,Strongly agree,5,68,80
P0041,Season,7,Strongly disagree,1,15,15
P0041,Season,8,Strongly disagree,1,10,10
P0041,Season,9,Strongly disagree,1,21,11
P0041,Season,10,Disagree,2,16,19
P0041,Season,11,Strongly disagree,1,38,33
P0041,Season,12,Strongly disagree,1,26,26
P0042,Prestige,1,Strongly agree,5,100,100
P0042,Prestige,2,Strongly disagree,1,50,50
P0042,Prestige,3,Neither agree nor disagree,3,36,69
P0042,Prestige,4,Strongly disagree,1,20,20
P0042,Prestige,5,Strongly disagree,1,20,20
P0042,Prestige,6,Strongly disagree,1,26,68
P0042,Prestige,7,Neither agree nor disagree,3,25,25
P0042,Prestige,8,Agree,4,48,26
P0042,Prestige,9,Neither agree nor disagree,3,25,25
P0042,Prestige,10,Neither agree nor disagree,3,34,34
P0042,Prestige,11,Strongly agree,5,96,96
P0042,Prestige,12,Neither agree nor disagree,3,34,19
P0043,Season,1,Agree,4,53,53
P0043,Season,2,Strongly agree,5,89,89
P0043,Season,3,Neither agree nor disagree,3,60,60
P0043,Season,4,Strongly disagree,1,37,37
P0043,Season,5,Strongly agree,5,56,56
P0043,Season,6,Disagree,2,9,9
P0043,Season,7,Strongly disagree,1,19,19
P0043,Season,8,Strongly disagree,1,8,8
P0043,Season,9,Strongly disagree,1,3,3
P0043,Season,10,Disagree,2,45,45
P0043,Season,11,Strongly disagree,1,19,15
P0043,Season,12,Agree,4,95,73
P0044,Age,1,Neither agree nor disagree,3,70,86
P0044,Age,2,Strongly agree,5,39,81
P0044,Age,3,Neither agree nor disagree,3,77,88
P0044,Age,4,Strongly agree,5,77,67
P0044,Age,5,Agree,4,61,61
P0044,Age,6,Neither agree nor disagree,3,65,80
P0044,Age,7,Agree,4,76,23
P0044,Age,8,Strongly agree,5,80,26
P0044,Age,9,Strongly agree,5,62,14
P0044,Age,10,Neither agree nor disagree,3,78,21
P0044,Age,11,Agree,4,73,16
P0044,Age,12,Agree,4,52,24
P0045,Season,1,Neither agree nor disagree,3,46,60
P0045,Season,2,Agree,4,70,72
P0045,Season,3,Agree,4,55,63
P0045,Season,4,Strongly agree,5,73,60
P0045,Season,5,Neither agree nor disagree,3,39,64
P0045,Season,6,Neither agree nor disagree,3,52,74
P0045,Season,7,Neither agree nor disagree,3,50,10
P0045,Season,8,Disagree,2,18,8
P0045,Season,9,Disagree,2,23,9
P0045,Season,10,Neither agree nor disagree,3,52,23
P0045,Season,11,Neither agree nor disagree,3,47,31
P0045,Season,12,Neither agree nor disagree,3,43,49
P0046,Conformity,1,Strongly agree,5,78,87
P0046,Conformity,2,Strongly agree,5,80,95
P0046,Conformity,3,Strongly agree,5,81,92
P0046,Conformity,4,Agree,4,56,58
P0046,Conformity,5,Agree,4,64,70
P0046,Conformity,6,Strongly agree,5,71,94
P0046,Conformity,7,Disagree,2,19,8
P0046,Conformity,8,Strongly disagree,1,16,6
P0046,Conformity,9,Strongly disagree,1,10,4
P0046,Conformity,10,Agree,4,19,14
P0046,Conformity,11,Disagree,2,28,15
P0046,Conformity,12,Strongly disagree,1,7,7
P0047,Individual,1,Agree,4,79,100
P0047,Individual,2,Strongly agree,5,92,92
P0047,Individual,3,Agree,4,81,81
P0047,Individual,4,Agree,4,78,78
P0047,Individual,5,Neither agree nor disagree,3,79,79
P0047,Individual,6,Neither agree nor disagree,3,72,72
P0047,Individual,7,Agree,4,82,82
P0047,Individual,8,Disagree,2,89,89
P0047,Individual,9,Agree,4,72,72
P0047,Individual,10,Disagree,2,79,79
P0047,Individual,11,Neither agree nor disagree,3,82,82
P0047,Individual,12,Agree,4,73,73
P0048,Age,1,Strongly agree,5,38,92
P0048,Age,2,Strongly agree,5,72,94
P0048,Age,3,Neither agree nor disagree,3,32,91
P0048,Age,4,Disagree,2,43,60
P0048,Age,5,Strongly agree,5,64,73
P0048,Age,6,Agree,4,51,82
P0048,Age,7,Neither agree nor disagree,3,23,14
P0048,Age,8,Strongly disagree,1,9,9
P0048,Age,9,Neither agree nor disagree,3,7,7
P0048,Age,10,Strongly disagree,1,12,12
P0048,Age,11,Neither agree nor disagree,3,54,23
P0048,Age,12,Disagree,2,23,9
P0049,Prestige,1,Strongly agree,5,90,90
P0049,Prestige,2,Strongly agree,5,90,90
P0049,Prestige,3,Strongly agree,5,85,85
P0049,Prestige,4,Disagree,2,25,50
P0049,Prestige,5,Strongly agree,5,85,75
P0049,Prestige,6,Strongly agree,5,95,95
P0049,Prestige,7,Neither agree nor disagree,3,49,20
P0049,Prestige,8,Strongly disagree,1,0,3
P0049,Prestige,9,Strongly disagree,1,0,0
P0049,Prestige,10,Neither agree nor disagree,3,55,30
P0049,Prestige,11,Agree,4,95,51
P0049,Prestige,12,Agree,4,60,10
P0050,Season,1,Agree,4,80,93
P0050,Season,2,Disagree,2,73,94
P0050,Season,3,Agree,4,72,91
P0050,Season,4,Neither agree nor disagree,3,76,60
P0050,Season,5,Agree,4,65,71
P0050,Season,6,Agree,4,70,95
P0050,Season,7,Agree,4,80,10
P0050,Season,8,Agree,4,69,5
P0050,Season,9,Neither agree nor disagree,3,84,6
P0050,Season,10,Agree,4,80,15
P0050,Season,11,Agree,4,81,15
P0050,Season,12,Agree,4,83,11
P0051,Age,1,Neither agree nor disagree,3,49,49
P0051,Age,2,Neither agree nor disagree,3,19,37
P0051,Age,3,Neither agree nor disagree,3,57,57
P0051,Age,4,Neither agree nor disagree,3,51,51
P0051,Age,5,Agree,4,0,59
P0051,Age,6,Neither agree nor disagree,3,49,49
P0051,Age,7,Neither agree nor disagree,3,48,48
P0051,Age,8,Neither agree nor disagree,3,51,51
P0051,Age,9,Neither agree nor disagree,3,52,52
P0051,Age,10,Neither agree nor disagree,3,57,57
P0051,Age,11,Agree,4,52,52
P0051,Age,12,Neither agree nor disagree,3,51,51
P0052,Prestige,1,Strongly agree,5,85,85
P0052,Prestige,2,Strongly agree,5,92,92
P0052,Prestige,3,Agree,4,62,72
P0052,Prestige,4,Disagree,2,55,55
P0052,Prestige,5,Agree,4,72,72
P0052,Prestige,6,Strongly agree,5,65,82
P0052,Prestige,7,Disagree,2,28,28
P0052,Prestige,8,Disagree,2,35,18
P0052,Prestige,9,Strongly disagree,1,35,35
P0052,Prestige,10,Agree,4,50,45
P0052,Prestige,11,Neither agree nor disagree,3,60,45
P0052,Prestige,12,Strongly disagree,1,18,18
P0053,Conformity,1,Strongly agree,5,91,91
P0053,Conformity,2,Strongly agree,5,87,96
P0053,Conformity,3,Agree,4,100,91
P0053,Conformity,4,Neither agree nor disagree,3,63,63
P0053,Conformity,5,Neither agree nor disagree,3,50,71
P0053,Conformity,6,Neither agree nor disagree,3,85,94
P0053,Conformity,7,Neither agree nor disagree,3,48,10
P0053,Conformity,8,Neither agree nor disagree,3,12,5
P0053,Conformity,9,Strongly disagree,1,10,3
P0053,Conformity,10,Neither agree nor disagree,3,19,0
P0053,Conformity,11,Neither agree nor disagree,3,8,15
P0053,Conformity,12,Strongly disagree,1,9,9
P0054,Individual,1,Strongly agree,5,54,100
P0054,Individual,2,Strongly agree,5,86,86
P0054,Individual,3,Strongly agree,5,73,73
P0054,Individual,4,Strongly agree,5,57,57
P0054,Individual,5,Strongly agree,5,54,54
P0054,Individual,6,Strongly agree,5,63,63
P0054,Individual,7,Strongly disagree,1,5,5
P0054,Individual,8,Strongly disagree,1,14,14
P0054,Individual,9,Strongly disagree,1,11,11
P0054,Individual,10,Strongly disagree,1,10,10
P0054,Individual,11,Strongly disagree,1,27,27
P0054,Individual,12,Strongly disagree,1,4,4
P0055,Age,1,Strongly agree,5,68,96
P0055,Age,2,Strongly agree,5,79,91
P0055,Age,3,Strongly agree,5,56,95
P0055,Age,4,Agree,4,60,60
P0055,Age,5,Strongly agree,5,65,73
P0055,Age,6,Strongly agree,5,67,99
P0055,Age,7,Strongly disagree,1,33,11
P0055,Age,8,Strongly disagree,1,11,3
P0055,Age,9,Strongly disagree,1,20,2
P0055,Age,10,Disagree,2,9,14
P0055,Age,11,Strongly disagree,1,30,11
P0055,Age,12,Strongly disagree,1,25,5
P0056,Prestige,1,Agree,4,61,61
P0056,Prestige,2,Agree,4,80,80
P0056,Prestige,3,Agree,4,70,70
P0056,Prestige,4,Agree,4,40,40
P0056,Prestige,5,Agree,4,50,50
P0056,Prestige,6,Agree,4,70,70
P0056,Prestige,7,Neither agree nor disagree,3,50,50
P0056,Prestige,8,Strongly disagree,1,10,10
P0056,Prestige,9,Strongly disagree,1,10,10
P0056,Prestige,10,Agree,4,40,40
P0056,Prestige,11,Strongly disagree,1,20,20
P0056,Prestige,12,Neither agree nor disagree,3,61,61
P0057,Individual,1,Agree,4,23,77
P0057,Individual,2,Strongly agree,5,96,96
P0057,Individual,3,Agree,4,92,92
P0057,Individual,4,Strongly agree,5,51,51
P0057,Individual,5,Strongly agree,5,76,76
P0057,Individual,6,Strongly agree,5,87,87
P0057,Individual,7,Disagree,2,25,25
P0057,Individual,8,Disagree,2,7,7
P0057,Individual,9,Disagree,2,4,4
P0057,Individual,10,Disagree,2,2,2
P0057,Individual,11,Disagree,2,5,5
P0057,Individual,12,Strongly disagree,1,1,1
P0058,Season,1,Strongly agree,5,95,95
P0058,Season,2,Strongly agree,5,85,85
P0058,Season,3,Strongly agree,5,95,95
P0058,Season,4,Disagree,2,60,60
P0058,Season,5,Agree,4,80,80
P0058,Season,6,Strongly agree,5,75,75
P0058,Season,7,Disagree,2,25,25
P0058,Season,8,Strongly disagree,1,10,10
P0058,Season,9,Disagree,2,80,80
P0058,Season,10,Disagree,2,30,30
P0058,Season,11,Agree,4,65,65
P0058,Season,12,Strongly disagree,1,15,15
P0059,Individual,1,Strongly agree,5,100,100
P0059,Individual,2,Strongly agree,5,95,95
P0059,Individual,3,Strongly agree,5,100,100
P0059,Individual,4,Strongly agree,5,80,80
P0059,Individual,5,Strongly agree,5,90,90
P0059,Individual,6,Strongly agree,5,85,85
P0059,Individual,7,Strongly disagree,1,20,20
P0059,Individual,8,Strongly disagree,1,10,10
P0059,Individual,9,Strongly disagree,1,0,0
P0059,Individual,10,Strongly disagree,1,40,40
P0059,Individual,11,Strongly disagree,1,70,70
P0059,Individual,12,Strongly disagree,1,40,40
P0060,Individual,1,Agree,4,72,100
P0060,Individual,2,Agree,4,55,55
P0060,Individual,3,Agree,4,100,100
P0060,Individual,4,Disagree,2,58,58
P0060,Individual,5,Disagree,2,38,38
P0060,Individual,6,Agree,4,51,51
P0060,Individual,7,Agree,4,33,21
P0060,Individual,8,Disagree,2,79,79
P0060,Individual,9,Disagree,2,56,50
P0060,Individual,10,Neither agree nor disagree,3,21,21
P0060,Individual,11,Agree,4,55,55
P0060,Individual,12,Disagree,2,1,1
P0061,Prestige,1,Strongly agree,5,100,96
P0061,Prestige,2,Strongly agree,5,100,100
P0061,Prestige,3,Strongly agree,5,85,86
P0061,Prestige,4,Strongly agree,5,75,66
P0061,Prestige,5,Agree,4,60,70
P0061,Prestige,6,Strongly agree,5,100,96
P0061,Prestige,7,Strongly disagree,1,15,12
P0061,Prestige,8,Strongly disagree,1,10,5
P0061,Prestige,9,Strongly disagree,1,15,2
P0061,Prestige,10,Disagree,2,11,11
P0061,Prestige,11,Neither agree nor disagree,3,30,20
P0061,Prestige,12,Strongly disagree,1,5,5
P0062,Season,1,Strongly agree,5,95,95
P0062,Season,2,Strongly agree,5,99,99
P0062,Season,3,Strongly agree,5,90,90
P0062,Season,4,Neither agree nor disagree,3,45,55
P0062,Season,5,Agree,4,65,71
P0062,Season,6,Strongly agree,5,96,96
P0062,Season,7,Strongly disagree,1,5,5
P0062,Season,8,Strongly disagree,1,10,5
P0062,Season,9,Disagree,2,3,3
P0062,Season,10,Strongly disagree,1,25,25
P0062,Season,11,Disagree,2,15,15
P0062,Season,12,Disagree,2,35,35
P0063,Age,1,Strongly agree,5,75,95
P0063,Age,2,Strongly agree,5,92,92
P0063,Age,3,Strongly agree,5,76,95
P0063,Age,4,Disagree,2,21,55
P0063,Age,5,Strongly agree,5,90,73
P0063,Age,6,Strongly agree,5,90,90
P0063,Age,7,Strongly disagree,1,10,10
P0063,Age,8,Strongly disagree,1,15,5
P0063,Age,9,Strongly disagree,1,20,8
P0063,Age,10,Disagree,2,17,17
P0063,Age,11,Strongly disagree,1,17,17
P0063,Age,12,Strongly disagree,1,15,6
P0064,Conformity,1,Neither agree nor disagree,3,91,91
P0064,Conformity,2,Neither agree nor disagree,3,89,89
P0064,Conformity,3,Neither agree nor disagree,3,90,90
P0064,Conformity,4,Disagree,2,50,50
P0064,Conformity,5,Disagree,2,55,55
P0064,Conformity,6,Agree,4,95,95
P0064,Conformity,7,Neither agree nor disagree,3,41,41
P0064,Conformity,8,Disagree,2,40,40
P0064,Conformity,9,Disagree,2,15,15
P0064,Conformity,10,Neither agree nor disagree,3,50,0
P0064,Conformity,11,Neither agree nor disagree,3,30,30
P0064,Conformity,12,Disagree,2,10,10
P0065,Prestige,1,Strongly agree,5,95,95
P0065,Prestige,2,Strongly agree,5,100,100
P0065,Prestige,3,Strongly agree,5,100,100
P0065,Prestige,4,Disagree,2,30,30
P0065,Prestige,5,Strongly agree,5,100,100
P0065,Prestige,6,Strongly agree,5,90,90
P0065,Prestige,7,Strongly disagree,1,11,11
P0065,Prestige,8,Strongly disagree,1,0,0
P0065,Prestige,9,Strongly disagree,1,10,10
P0065,Prestige,10,Strongly disagree,1,0,0
P0065,Prestige,11,Neither agree nor disagree,3,70,70
P0065,Prestige,12,Strongly disagree,1,40,40
P0066,Age,1,Strongly agree,5,95,95
P0066,Age,2,Strongly agree,5,95,95
P0066,Age,3,Strongly agree,5,85,90
P0066,Age,4,Agree,4,65,65
P0066,Age,5,Strongly agree,5,80,75
P0066,Age,6,Strongly agree,5,95,95
P0066,Age,7,Strongly disagree,1,10,10
P0066,Age,8,Neither agree nor disagree,3,35,5
P0066,Age,9,Disagree,2,55,10
P0066,Age,10,Strongly disagree,1,5,5
P0066,Age,11,Neither agree nor disagree,3,35,20
P0066,Age,12,Strongly disagree,1,25,10
P0067,Conformity,1,Strongly agree,5,86,86
P0067,Conformity,2,Strongly agree,5,79,91
P0067,Conformity,3,Strongly agree,5,80,80
P0067,Conformity,4,Strongly agree,5,30,50
P0067,Conformity,5,Strongly agree,5,41,60
P0067,Conformity,6,Strongly agree,5,76,88
P0067,Conformity,7,Strongly disagree,1,48,26
P0067,Conformity,8,Strongly disagree,1,20,15
P0067,Conformity,9,Strongly disagree,1,31,23
P0067,Conformity,10,Strongly disagree,1,40,21
P0067,Conformity,11,Strongly disagree,1,36,23
P0067,Conformity,12,Strongly disagree,1,57,31
P0068,Age,1,Strongly agree,5,70,93
P0068,Age,2,Strongly agree,5,100,96
P0068,Age,3,Strongly agree,5,100,91
P0068,Age,4,Strongly agree,5,100,60
P0068,Age,5,Strongly agree,5,80,71
P0068,Age,6,Strongly agree,5,75,95
P0068,Age,7,Strongly disagree,1,10,10
P0068,Age,8,Strongly disagree,1,10,5
P0068,Age,9,Strongly disagree,1,10,3
P0068,Age,10,Strongly disagree,1,10,15
P0068,Age,11,Strongly disagree,1,10,15
P0068,Age,12,Strongly disagree,1,20,8
P0069,Season,1,Agree,4,79,95
P0069,Season,2,Strongly agree,5,98,97
P0069,Season,3,Neither agree nor disagree,3,74,90
P0069,Season,4,Agree,4,47,62
P0069,Season,5,Disagree,2,37,67
P0069,Season,6,Agree,4,78,95
P0069,Season,7,Disagree,2,24,10
P0069,Season,8,Disagree,2,55,7
P0069,Season,9,Neither agree nor disagree,3,41,4
P0069,Season,10,Disagree,2,31,15
P0069,Season,11,Neither agree nor disagree,3,74,18
P0069,Season,12,Disagree,2,44,12
P0070,Individual,1,Strongly agree,5,92,100
P0070,Individual,2,Strongly agree,5,92,92
P0070,Individual,3,Strongly agree,5,86,86
P0070,Individual,4,Strongly agree,5,61,61
P0070,Individual,5,Agree,4,62,62
P0070,Individual,6,Strongly agree,5,82,82
P0070,Individual,7,Disagree,2,62,62
P0070,Individual,8,Strongly disagree,1,10,10
P0070,Individual,9,Strongly disagree,1,72,72
P0070,Individual,10,Neither agree nor disagree,3,56,56
P0070,Individual,11,Disagree,2,73,73
P0070,Individual,12,Strongly disagree,1,58,58
P0071,Conformity,1,Strongly agree,5,75,93
P0071,Conformity,2,Strongly agree,5,95,96
P0071,Conformity,3,Strongly agree,5,70,91
P0071,Conformity,4,Strongly agree,5,75,60
P0071,Conformity,5,Strongly agree,5,60,71
P0071,Conformity,6,Strongly agree,5,70,95
P0071,Conformity,7,Disagree,2,10,10
P0071,Conformity,8,Strongly disagree,1,75,5
P0071,Conformity,9,Strongly disagree,1,90,3
P0071,Conformity,10,Strongly disagree,1,75,15
P0071,Conformity,11,Strongly disagree,1,60,15
P0071,Conformity,12,Strongly disagree,1,30,8
P0072,Prestige,1,Strongly agree,5,98,98
P0072,Prestige,2,Strongly agree,5,97,97
P0072,Prestige,3,Strongly agree,5,95,95
P0072,Prestige,4,Agree,4,83,61
P0072,Prestige,5,Strongly agree,5,80,72
P0072,Prestige,6,Strongly agree,5,64,70
P0072,Prestige,7,Strongly disagree,1,30,10
P0072,Prestige,8,Strongly disagree,1,5,5
P0072,Prestige,9,Strongly disagree,1,21,21
P0072,Prestige,10,Strongly disagree,1,20,20
P0072,Prestige,11,Strongly disagree,1,30,30
P0072,Prestige,12,Disagree,2,40,40
P0073,Season,1,Strongly agree,5,90,90
P0073,Season,2,Strongly agree,5,93,94
P0073,Season,3,Strongly agree,5,87,88
P0073,Season,4,Agree,4,65,65
P0073,Season,5,Agree,4,72,72
P0073,Season,6,Strongly agree,5,65,85
P0073,Season,7,Disagree,2,70,46
P0073,Season,8,Disagree,2,15,9
P0073,Season,9,Disagree,2,35,20
P0073,Season,10,Disagree,2,35,30
P0073,Season,11,Disagree,2,55,40
P0073,Season,12,Strongly disagree,1,10,9
P0074,Age,1,Strongly agree,5,85,95
P0074,Age,2,Agree,4,80,98
P0074,Age,3,Strongly agree,5,65,93
P0074,Age,4,Agree,4,30,60
P0074,Age,5,Strongly agree,5,70,70
P0074,Age,6,Strongly agree,5,60,95
P0074,Age,7,Strongly disagree,1,10,10
P0074,Age,8,Disagree,2,20,8
P0074,Age,9,Strongly disagree,1,40,5
P0074,Age,10,Strongly disagree,1,15,15
P0074,Age,11,Neither agree nor disagree,3,56,17
P0074,Age,12,Strongly disagree,1,55,10
P0075,Individual,1,Strongly agree,5,86,100
P0075,Individual,2,Strongly agree,5,78,78
P0075,Individual,3,Strongly agree,5,70,70
P0075,Individual,4,Disagree,2,55,55
P0075,Individual,5,Disagree,2,36,36
P0075,Individual,6,Strongly agree,5,73,73
P0075,Individual,7,Neither agree nor disagree,3,46,46
P0075,Individual,8,Neither agree nor disagree,3,57,57
P0075,Individual,9,Strongly disagree,1,31,31
P0075,Individual,10,Neither agree nor disagree,3,41,41
P0075,Individual,11,Strongly agree,5,70,70
P0075,Individual,12,Disagree,2,64,64
P0076,Conformity,1,Strongly agree,5,95,95
P0076,Conformity,2,Strongly agree,5,100,98
P0076,Conformity,3,Strongly agree,5,98,94
P0076,Conformity,4,Agree,4,55,55
P0076,Conformity,5,Agree,4,71,71
P0076,Conformity,6,Strongly agree,5,88,94
P0076,Conformity,7,Disagree,2,23,13
P0076,Conformity,8,Strongly disagree,1,3,3
P0076,Conformity,9,Strongly disagree,1,5,5
P0076,Conformity,10,Neither agree nor disagree,3,26,0
P0076,Conformity,11,Neither agree nor disagree,3,46,24
P0076,Conformity,12,Strongly disagree,1,38,10
P0077,Age,1,Strongly agree,5,100,100
P0077,Age,2,Strongly agree,5,100,100
P0077,Age,3,Strongly agree,5,94,94
P0077,Age,4,Strongly agree,5,100,82
P0077,Age,5,Agree,4,95,95
P0077,Age,6,Strongly agree,5,99,99
P0077,Age,7,Strongly disagree,1,3,8
P0077,Age,8,Neither agree nor disagree,3,12,5
P0077,Age,9,Strongly disagree,1,2,2
P0077,Age,10,Strongly disagree,1,7,7
P0077,Age,11,Neither agree nor disagree,3,3,13
P0077,Age,12,Strongly disagree,1,1,8
P0078,Individual,1,Strongly agree,5,85,100
P0078,Individual,2,Strongly agree,5,75,75
P0078,Individual,3,Strongly agree,5,40,40
P0078,Individual,4,Strongly agree,5,60,60
P0078,Individual,5,Strongly agree,5,50,50
P0078,Individual,6,Strongly agree,5,30,30
P0078,Individual,7,Neither agree nor disagree,3,70,70
P0078,Individual,8,Disagree,2,75,75
P0078,Individual,9,Strongly disagree,1,40,40
P0078,Individual,10,Disagree,2,40,40
P0078,Individual,11,Disagree,2,75,75
P0078,Individual,12,Strongly disagree,1,60,60
P0079,Individual,1,Strongly agree,5,95,100
P0079,Individual,2,Strongly agree,5,97,97
P0079,Individual,3,Strongly agree,5,97,97
P0079,Individual,4,Agree,4,78,78
P0079,Individual,5,Disagree,2,73,73
P0079,Individual,6,Strongly agree,5,80,80
P0079,Individual,7,Strongly agree,5,36,36
P0079,Individual,8,Disagree,2,20,20
P0079,Individual,9,Strongly disagree,1,10,10
P0079,Individual,10,Strongly agree,5,27,27
P0079,Individual,11,Neither agree nor disagree,3,25,25
P0079,Individual,12,Strongly disagree,1,20,20
P0080,Season,1,Agree,4,62,62
P0080,Season,2,Strongly agree,5,100,100
P0080,Season,3,Neither agree nor disagree,3,88,88
P0080,Season,4,Neither agree nor disagree,3,69,69
P0080,Season,5,Agree,4,81,81
P0080,Season,6,Strongly agree,5,43,43
P0080,Season,7,Neither agree nor disagree,3,73,73
P0080,Season,8,Strongly disagree,1,12,12
P0080,Season,9,Disagree,2,7,7
P0080,Season,10,Neither agree nor disagree,3,82,82
P0080,Season,11,Strongly disagree,1,52,52
P0080,Season,12,Strongly disagree,1,14,14
P0081,Season,1,Agree,4,90,90
P0081,Season,2,Agree,4,100,100
P0081,Season,3,Agree,4,85,89
P0081,Season,4,Agree,4,81,75
P0081,Season,5,Agree,4,65,65
P0081,Season,6,Agree,4,80,80
P0081,Season,7,Strongly disagree,1,1,5
P0081,Season,8,Strongly disagree,1,5,5
P0081,Season,9,Strongly disagree,1,10,10
P0081,Season,10,Disagree,2,11,11
P0081,Season,11,Neither agree nor disagree,3,11,11
P0081,Season,12,Disagree,2,31,14
P0082,Individual,1,Strongly agree,5,60,100
P0082,Individual,2,Strongly agree,5,73,73
P0082,Individual,3,Disagree,2,61,61
P0082,Individual,4,Disagree,2,41,41
P0082,Individual,5,Agree,4,49,49
P0082,Individual,6,Agree,4,66,66
P0082,Individual,7,Disagree,2,16,16
P0082,Individual,8,Disagree,2,4,4
P0082,Individual,9,Strongly disagree,1,4,4
P0082,Individual,10,Disagree,2,32,32
P0082,Individual,11,Disagree,2,26,26
P0082,Individual,12,Disagree,2,11,11
P0083,Age,1,Agree,4,80,80
P0083,Age,2,Agree,4,80,85
P0083,Age,3,Agree,4,70,77
P0083,Age,4,Neither agree nor disagree,3,70,70
P0083,Age,5,Agree,4,50,55
P0083,Age,6,Agree,4,60,80
P0083,Age,7,Disagree,2,25,15
P0083,Age,8,Disagree,2,30,20
P0083,Age,9,Neither agree nor disagree,3,30,15
P0083,Age,10,Agree,4,40,25
P0083,Age,11,Strongly disagree,1,65,40
P0083,Age,12,Disagree,2,60,40
P0084,Season,1,Agree,4,85,91
P0084,Season,2,Agree,4,88,95
P0084,Season,3,Agree,4,93,90
P0084,Season,4,Strongly disagree,1,30,60
P0084,Season,5,Strongly disagree,1,65,70
P0084,Season,6,Neither agree nor disagree,3,70,92
P0084,Season,7,Neither agree nor disagree,3,45,15
P0084,Season,8,Neither agree nor disagree,3,50,7
P0084,Season,9,Agree,4,15,5
P0084,Season,10,Neither agree nor disagree,3,35,20
P0084,Season,11,Strongly agree,5,75,20
P0084,Season,12,Agree,4,25,10
P0085,Individual,1,Strongly agree,5,91,100
P0085,Individual,2,Strongly agree,5,97,97
P0085,Individual,3,Strongly agree,5,97,97
P0085,Individual,4,Strongly agree,5,76,76
P0085,Individual,5,Agree,4,71,71
P0085,Individual,6,Strongly agree,5,91,91
P0085,Individual,7,Strongly disagree,1,14,14
P0085,Individual,8,Strongly disagree,1,40,40
P0085,Individual,9,Strongly disagree,1,5,5
P0085,Individual,10,Strongly disagree,1,10,10
P0085,Individual,11,Strongly disagree,1,76,76
P0085,Individual,12,Strongly disagree,1,22,22
P0086,Individual,1,Strongly agree,5,33,100
P0086,Individual,2,Strongly agree,5,68,68
P0086,Individual,3,Strongly agree,5,82,82
P0086,Individual,4,Strongly agree,5,58,58
P0086,Individual,5,Strongly agree,5,46,46
P0086,Individual,6,Strongly agree,5,83,83
P0086,Individual,7,Strongly disagree,1,23,23
P0086,Individual,8,Strongly disagree,1,24,24
P0086,Individual,9,Strongly disagree,1,13,13
P0086,Individual,10,Disagree,2,25,25
P0086,Individual,11,Strongly disagree,1,21,21
P0086,Individual,12,Strongly disagree,1,29,29
P0087,Age,1,Strongly agree,5,100,100
P0087,Age,2,Strongly agree,5,100,100
P0087,Age,3,Strongly agree,5,85,85
P0087,Age,4,Strongly agree,5,66,66
P0087,Age,5,Neither agree nor disagree,3,45,53
P0087,Age,6,Strongly agree,5,82,82
P0087,Age,7,Strongly disagree,1,2,9
P0087,Age,8,Strongly disagree,1,21,11
P0087,Age,9,Strongly disagree,1,2,2
P0087,Age,10,Disagree,2,25,26
P0087,Age,11,Strongly disagree,1,62,13
P0087,Age,12,Strongly disagree,1,3,6
P0088,Season,1,Agree,4,45,45
P0088,Season,2,Neither agree nor disagree,3,100,100
P0088,Season,3,Agree,4,18,18
P0088,Season,4,Neither agree nor disagree,3,91,91
P0088,Season,5,Agree,4,32,32
P0088,Season,6,Neither agree nor disagree,3,28,43
P0088,Season,7,Agree,4,80,80
P0088,Season,8,Disagree,2,77,77
P0088,Season,9,Disagree,2,35,35
P0088,Season,10,Neither agree nor disagree,3,71,71
P0088,Season,11,Agree,4,56,56
P0088,Season,12,Disagree,2,67,67
P0089,Conformity,1,Strongly agree,5,98,98
P0089,Conformity,2,Strongly agree,5,98,98
P0089,Conformity,3,Strongly agree,5,90,90
P0089,Conformity,4,Agree,4,71,71
P0089,Conformity,5,Strongly agree,5,85,85
P0089,Conformity,6,Strongly agree,5,85,85
P0089,Conformity,7,Disagree,2,80,10
P0089,Conformity,8,Strongly disagree,1,90,5
P0089,Conformity,9,Disagree,2,81,10
P0089,Conformity,10,Neither agree nor disagree,3,80,15
P0089,Conformity,11,Neither agree nor disagree,3,75,15
P0089,Conformity,12,Strongly disagree,1,75,75
P0090,Prestige,1,Strongly agree,5,60,84
P0090,Prestige,2,Strongly agree,5,70,84
P0090,Prestige,3,Strongly agree,5,77,82
P0090,Prestige,4,Agree,4,39,50
P0090,Prestige,5,Neither agree nor disagree,3,27,49
P0090,Prestige,6,Agree,4,30,51
P0090,Prestige,7,Neither agree nor disagree,3,61,29
P0090,Prestige,8,Strongly disagree,1,20,10
P0090,Prestige,9,Strongly disagree,1,21,9
P0090,Prestige,10,Neither agree nor disagree,3,53,40
P0090,Prestige,11,Neither agree nor disagree,3,69,50
P0090,Prestige,12,Strongly disagree,1,48,30
P0091,Prestige,1,Strongly agree,5,99,99
P0091,Prestige,2,Strongly agree,5,78,90
P0091,Prestige,3,Strongly agree,5,95,93
P0091,Prestige,4,Disagree,2,66,64
P0091,Prestige,5,Agree,4,75,75
P0091,Prestige,6,Strongly agree,5,76,86
P0091,Prestige,7,Disagree,2,3,5
P0091,Prestige,8,Strongly disagree,1,4,4
P0091,Prestige,9,Strongly disagree,1,5,4
P0091,Prestige,10,Strongly disagree,1,85,15
P0091,Prestige,11,Disagree,2,25,20
P0091,Prestige,12,Strongly disagree,1,22,15
P0092,Individual,1,Strongly agree,5,88,88
P0092,Individual,2,Strongly agree,5,90,90
P0092,Individual,3,Strongly agree,5,93,93
P0092,Individual,4,Strongly disagree,1,13,13
P0092,Individual,5,Neither agree nor disagree,3,66,66
P0092,Individual,6,Agree,4,84,84
P0092,Individual,7,Strongly disagree,1,17,12
P0092,Individual,8,Disagree,2,34,31
P0092,Individual,9,Strongly disagree,1,13,13
P0092,Individual,10,Disagree,2,28,20
P0092,Individual,11,Agree,4,82,80
P0092,Individual,12,Strongly disagree,1,72,61
P0093,Season,1,Strongly agree,5,100,97
P0093,Season,2,Strongly agree,5,100,100
P0093,Season,3,Neither agree nor disagree,3,95,95
P0093,Season,4,Disagree,2,28,52
P0093,Season,5,Neither agree nor disagree,3,56,67
P0093,Season,6,Agree,4,95,95
P0093,Season,7,Neither agree nor disagree,3,49,13
P0093,Season,8,Disagree,2,14,9
P0093,Season,9,Neither agree nor disagree,3,29,5
P0093,Season,10,Agree,4,46,19
P0093,Season,11,Agree,4,61,15
P0093,Season,12,Disagree,2,9,9
P0094,Individual,1,Agree,4,12,100
P0094,Individual,2,Strongly agree,5,88,88
P0094,Individual,3,Agree,4,27,27
P0094,Individual,4,Disagree,2,65,65
P0094,Individual,5,Agree,4,65,65
P0094,Individual,6,Strongly agree,5,60,60
P0094,Individual,7,Disagree,2,10,10
P0094,Individual,8,Disagree,2,58,43
P0094,Individual,9,Disagree,2,8,8
P0094,Individual,10,Agree,4,76,76
P0094,Individual,11,Neither agree nor disagree,3,60,60
P0094,Individual,12,Strongly disagree,1,47,47
P0095,Age,1,Strongly agree,5,71,83
P0095,Age,2,Strongly agree,5,72,80
P0095,Age,3,Agree,4,57,71
P0095,Age,4,Agree,4,51,51
P0095,Age,5,Strongly agree,5,34,48
P0095,Age,6,Agree,4,53,68
P0095,Age,7,Disagree,2,47,34
P0095,Age,8,Disagree,2,37,14
P0095,Age,9,Strongly disagree,1,34,14
P0095,Age,10,Disagree,2,44,25
P0095,Age,11,Disagree,2,52,21
P0095,Age,12,Disagree,2,55,31
P0096,Prestige,1,Strongly agree,5,74,74
P0096,Prestige,2,Strongly agree,5,73,95
P0096,Prestige,3,Strongly agree,5,91,91
P0096,Prestige,4,Disagree,2,81,60
P0096,Prestige,5,Neither agree nor disagree,3,70,70
P0096,Prestige,6,Strongly agree,5,70,85
P0096,Prestige,7,Neither agree nor disagree,3,50,14
P0096,Prestige,8,Neither agree nor disagree,3,30,9
P0096,Prestige,9,Disagree,2,28,28
P0096,Prestige,10,Agree,4,71,16
P0096,Prestige,11,Disagree,2,41,24
P0096,Prestige,12,Strongly disagree,1,35,19
P0097,Prestige,1,Strongly agree,5,95,95
P0097,Prestige,2,Strongly agree,5,94,94
P0097,Prestige,3,Agree,4,80,85
P0097,Prestige,4,Agree,4,90,68
P0097,Prestige,5,Neither agree nor disagree,3,61,61
P0097,Prestige,6,Strongly agree,5,83,91
P0097,Prestige,7,Disagree,2,11,11
P0097,Prestige,8,Disagree,2,48,12
P0097,Prestige,9,Strongly disagree,1,15,10
P0097,Prestige,10,Neither agree nor disagree,3,54,18
P0097,Prestige,11,Disagree,2,62,15
P0097,Prestige,12,Disagree,2,10,10
P0098,Conformity,1,Strongly agree,5,80,86
P0098,Conformity,2,Strongly agree,5,92,92
P0098,Conformity,3,Strongly agree,5,82,82
P0098,Conformity,4,Agree,4,30,64
P0098,Conformity,5,Strongly agree,5,31,56
P0098,Conformity,6,Strongly agree,5,43,80
P0098,Conformity,7,Strongly disagree,1,14,14
P0098,Conformity,8,Strongly disagree,1,46,21
P0098,Conformity,9,Strongly disagree,1,46,15
P0098,Conformity,10,Strongly disagree,1,40,15
P0098,Conformity,11,Disagree,2,67,41
P0098,Conformity,12,Strongly disagree,1,54,11
P0099,Season,1,Agree,4,71,71
P0099,Season,2,Strongly disagree,1,70,70
P0099,Season,3,Neither agree nor disagree,3,84,84
P0099,Season,4,Strongly disagree,1,8,8
P0099,Season,5,Strongly disagree,1,20,20
P0099,Season,6,Strongly agree,5,81,81
P0099,Season,7,Neither agree nor disagree,3,19,19
P0099,Season,8,Strongly disagree,1,0,0
P0099,Season,9,Strongly agree,5,24,24
P0099,Season,10,Strongly agree,5,55,55
P0099,Season,11,Strongly agree,5,33,33
P0099,Season,12,Strongly disagree,1,5,5
P0100,Conformity,1,Strongly agree,5,90,90
P0100,Conformity,2,Strongly agree,5,85,95
P0100,Conformity,3,Strongly agree,5,75,85
P0100,Conformity,4,Agree,4,55,55
P0100,Conformity,5,Strongly agree,5,66,66
P0100,Conformity,6,Strongly agree,5,70,85
P0100,Conformity,7,Strongly disagree,1,24,10
P0100,Conformity,8,Strongly disagree,1,20,10
P0100,Conformity,9,Strongly disagree,1,5,5
P0100,Conformity,10,Strongly disagree,1,17,0
P0100,Conformity,11,Strongly disagree,1,30,18
P0100,Conformity,12,Strongly disagree,1,35,10
P0101,Conformity,1,Strongly agree,5,75,93
P0101,Conformity,2,Strongly agree,5,77,96
P0101,Conformity,3,Strongly agree,5,80,91
P0101,Conformity,4,Strongly agree,5,60,60
P0101,Conformity,5,Agree,4,40,71
P0101,Conformity,6,Strongly agree,5,80,95
P0101,Conformity,7,Strongly disagree,1,15,10
P0101,Conformity,8,Disagree,2,39,5
P0101,Conformity,9,Strongly disagree,1,1,1
P0101,Conformity,10,Disagree,2,10,15
P0101,Conformity,11,Disagree,2,39,15
P0101,Conformity,12,Strongly disagree,1,5,8
P0102,Age,1,Agree,4,93,93
P0102,Age,2,Agree,4,72,98
P0102,Age,3,Strongly agree,5,97,92
P0102,Age,4,Disagree,2,88,66
P0102,Age,5,Disagree,2,59,72
P0102,Age,6,Agree,4,80,97
P0102,Age,7,Neither agree nor disagree,3,16,9
P0102,Age,8,Disagree,2,40,2
P0102,Age,9,Strongly disagree,1,18,1
P0102,Age,10,Neither agree nor disagree,3,19,17
P0102,Age,11,Strongly agree,5,20,20
P0102,Age,12,Agree,4,37,5
P0103,Season,1,Agree,4,100,98
P0103,Season,2,Agree,4,86,90
P0103,Season,3,Strongly agree,5,100,91
P0103,Season,4,Agree,4,96,65
P0103,Season,5,Agree,4,81,75
P0103,Season,6,Agree,4,100,94
P0103,Season,7,Disagree,2,14,14
P0103,Season,8,Disagree,2,7,7
P0103,Season,9,Disagree,2,0,3
P0103,Season,10,Disagree,2,27,17
P0103,Season,11,Disagree,2,40,14
P0103,Season,12,Disagree,2,0,5
P0104,Conformity,1,Strongly agree,5,85,93
P0104,Conformity,2,Strongly agree,5,93,93
P0104,Conformity,3,Strongly agree,5,91,91
P0104,Conformity,4,Agree,4,56,56
P0104,Conformity,5,Strongly agree,5,73,73
P0104,Conformity,6,Strongly agree,5,87,87
P0104,Conformity,7,Strongly disagree,1,45,22
P0104,Conformity,8,Strongly disagree,1,0,0
P0104,Conformity,9,Strongly disagree,1,13,13
P0104,Conformity,10,Strongly disagree,1,45,30
P0104,Conformity,11,Strongly disagree,1,26,18
P0104,Conformity,12,Strongly disagree,1,35,10
P0105,Individual,1,Strongly agree,5,34,43
P0105,Individual,2,Strongly agree,5,43,43
P0105,Individual,3,Strongly agree,5,73,73
P0105,Individual,4,Strongly agree,5,38,38
P0105,Individual,5,Strongly agree,5,43,43
P0105,Individual,6,Strongly agree,5,40,40
P0105,Individual,7,Strongly disagree,1,22,22
P0105,Individual,8,Strongly disagree,1,25,25
P0105,Individual,9,Strongly disagree,1,28,28
P0105,Individual,10,Strongly disagree,1,52,52
P0105,Individual,11,Strongly disagree,1,54,54
P0105,Individual,12,Disagree,2,55,55
P0106,Prestige,1,Strongly agree,5,40,40
P0106,Prestige,2,Strongly agree,5,30,30
P0106,Prestige,3,Strongly agree,5,35,35
P0106,Prestige,4,Agree,4,20,20
P0106,Prestige,5,Strongly agree,5,45,71
P0106,Prestige,6,Agree,4,45,45
P0106,Prestige,7,Disagree,2,62,10
P0106,Prestige,8,Disagree,2,76,5
P0106,Prestige,9,Disagree,2,40,40
P0106,Prestige,10,Disagree,2,56,56
P0106,Prestige,11,Disagree,2,70,70
P0106,Prestige,12,Disagree,2,49,49
P0107,Age,1,Disagree,2,94,94
P0107,Age,2,Disagree,2,85,90
P0107,Age,3,Neither agree nor disagree,3,94,94
P0107,Age,4,Disagree,2,92,80
P0107,Age,5,Disagree,2,88,85
P0107,Age,6,Agree,4,84,90
P0107,Age,7,Neither agree nor disagree,3,10,10
P0107,Age,8,Agree,4,17,12
P0107,Age,9,Disagree,2,15,10
P0107,Age,10,Neither agree nor disagree,3,25,20
P0107,Age,11,Agree,4,20,20
P0107,Age,12,Neither agree nor disagree,3,10,10
P0108,Individual,1,Strongly agree,5,91,91
P0108,Individual,2,Strongly agree,5,95,95
P0108,Individual,3,Agree,4,96,97
P0108,Individual,4,Strongly disagree,1,20,18
P0108,Individual,5,Neither agree nor disagree,3,50,50
P0108,Individual,6,Neither agree nor disagree,3,79,80
P0108,Individual,7,Disagree,2,6,5
P0108,Individual,8,Agree,4,30,22
P0108,Individual,9,Disagree,2,9,7
P0108,Individual,10,Agree,4,31,26
P0108,Individual,11,Agree,4,50,50
P0108,Individual,12,Agree,4,20,14
P0109,Prestige,1,Strongly agree,5,13,13
P0109,Prestige,2,Agree,4,28,28
P0109,Prestige,3,Strongly agree,5,78,78
P0109,Prestige,4,Strongly agree,5,90,90
P0109,Prestige,5,Agree,4,98,98
P0109,Prestige,6,Strongly agree,5,20,20
P0109,Prestige,7,Disagree,2,13,13
P0109,Prestige,8,Strongly disagree,1,11,11
P0109,Prestige,9,Strongly disagree,1,14,14
P0109,Prestige,10,Disagree,2,23,23
P0109,Prestige,11,Disagree,2,11,11
P0109,Prestige,12,Strongly disagree,1,5,5
P0110,Season,1,Strongly agree,5,70,70
P0110,Season,2,Strongly agree,5,50,50
P0110,Season,3,Strongly agree,5,80,80
P0110,Season,4,Strongly agree,5,10,50
P0110,Season,5,Strongly agree,5,50,80
P0110,Season,6,Strongly agree,5,60,60
P0110,Season,7,Strongly disagree,1,100,70
P0110,Season,8,Strongly disagree,1,85,40
P0110,Season,9,Strongly disagree,1,70,20
P0110,Season,10,Neither agree nor disagree,3,100,70
P0110,Season,11,Strongly disagree,1,80,65
P0110,Season,12,Strongly disagree,1,75,40
P0111,Season,1,Agree,4,100,96
P0111,Season,2,Strongly agree,5,98,98
P0111,Season,3,Neither agree nor disagree,3,60,87
P0111,Season,4,Agree,4,76,65
P0111,Season,5,Neither agree nor disagree,3,75,75
P0111,Season,6,Agree,4,100,100
P0111,Season,7,Neither agree nor disagree,3,15,12
P0111,Season,8,Disagree,2,0,2
P0111,Season,9,Disagree,2,11,4
P0111,Season,10,Neither agree nor disagree,3,33,25
P0111,Season,11,Neither agree nor disagree,3,32,18
P0111,Season,12,Disagree,2,51,13
P0112,Prestige,1,Strongly agree,5,98,98
P0112,Prestige,2,Strongly agree,5,82,82
P0112,Prestige,3,Strongly agree,5,83,83
P0112,Prestige,4,Agree,4,20,61
P0112,Prestige,5,Strongly agree,5,63,63
P0112,Prestige,6,Strongly agree,5,71,71
P0112,Prestige,7,Strongly disagree,1,30,30
P0112,Prestige,8,Strongly disagree,1,42,42
P0112,Prestige,9,Strongly disagree,1,44,44
P0112,Prestige,10,Strongly disagree,1,50,50
P0112,Prestige,11,Strongly disagree,1,50,36
P0112,Prestige,12,Strongly disagree,1,69,40
P0113,Season,1,Neither agree nor disagree,3,100,100
P0113,Season,2,Strongly agree,5,100,100
P0113,Season,3,Strongly agree,5,100,100
P0113,Season,4,Strongly disagree,1,0,0
P0113,Season,5,Neither agree nor disagree,3,0,0
P0113,Season,6,Strongly agree,5,100,100
P0113,Season,7,Strongly agree,5,100,100
P0113,Season,8,Strongly disagree,1,0,0
P0113,Season,9,Strongly disagree,1,0,0
P0113,Season,10,Strongly agree,5,100,100
P0113,Season,11,Strongly agree,5,100,100
P0113,Season,12,Strongly disagree,1,0,0
P0114,Prestige,1,Agree,4,86,81
P0114,Prestige,2,Agree,4,82,91
P0114,Prestige,3,Agree,4,93,93
P0114,Prestige,4,Disagree,2,22,55
P0114,Prestige,5,Neither agree nor disagree,3,30,30
P0114,Prestige,6,Neither agree nor disagree,3,46,75
P0114,Prestige,7,Neither agree nor disagree,3,35,18
P0114,Prestige,8,Neither agree nor disagree,3,68,34
P0114,Prestige,9,Disagree,2,27,13
P0114,Prestige,10,Agree,4,65,24
P0114,Prestige,11,Agree,4,76,30
P0114,Prestige,12,Neither agree nor disagree,3,40,25
P0115,Prestige,1,Agree,4,71,75
P0115,Prestige,2,Strongly agree,5,71,83
P0115,Prestige,3,Agree,4,74,83
P0115,Prestige,4,Disagree,2,40,42
P0115,Prestige,5,Agree,4,55,61
P0115,Prestige,6,Agree,4,66,77
P0115,Prestige,7,Neither agree nor disagree,3,38,24
P0115,Prestige,8,Disagree,2,30,25
P0115,Prestige,9,Disagree,2,35,25
P0115,Prestige,10,Neither agree nor disagree,3,35,30
P0115,Prestige,11,Disagree,2,45,38
P0115,Prestige,12,Disagree,2,47,35
P0116,Conformity,1,Strongly agree,5,100,97
P0116,Conformity,2,Strongly agree,5,100,100
P0116,Conformity,3,Agree,4,80,80
P0116,Conformity,4,Disagree,2,30,30
P0116,Conformity,5,Neither agree nor disagree,3,18,18
P0116,Conformity,6,Agree,4,76,76
P0116,Conformity,7,Disagree,2,10,10
P0116,Conformity,8,Disagree,2,21,21
P0116,Conformity,9,Strongly disagree,1,12,12
P0116,Conformity,10,Neither agree nor disagree,3,18,0
P0116,Conformity,11,Agree,4,50,50
P0116,Conformity,12,Disagree,2,25,25
P0117,Individual,1,Strongly agree,5,100,100
P0117,Individual,2,Strongly agree,5,100,100
P0117,Individual,3,Strongly agree,5,100,100
P0117,Individual,4,Strongly agree,5,90,90
P0117,Individual,5,Strongly agree,5,90,90
P0117,Individual,6,Strongly agree,5,100,100
P0117,Individual,7,Strongly disagree,1,2,2
P0117,Individual,8,Strongly disagree,1,3,3
P0117,Individual,9,Strongly disagree,1,0,0
P0117,Individual,10,Strongly disagree,1,5,5
P0117,Individual,11,Disagree,2,86,86
P0117,Individual,12,Strongly disagree,1,5,5
P0118,Prestige,1,Strongly agree,5,70,80
P0118,Prestige,2,Strongly agree,5,81,86
P0118,Prestige,3,Strongly agree,5,62,74
P0118,Prestige,4,Strongly agree,5,51,58
P0118,Prestige,5,Strongly agree,5,41,68
P0118,Prestige,6,Strongly agree,5,58,70
P0118,Prestige,7,Strongly disagree,1,27,20
P0118,Prestige,8,Strongly disagree,1,38,30
P0118,Prestige,9,Strongly disagree,1,34,25
P0118,Prestige,10,Strongly disagree,1,33,29
P0118,Prestige,11,Strongly disagree,1,41,33
P0118,Prestige,12,Strongly disagree,1,34,30
P0119,Prestige,1,Strongly agree,5,99,83
P0119,Prestige,2,Strongly agree,5,99,88
P0119,Prestige,3,Strongly agree,5,85,88
P0119,Prestige,4,Neither agree nor disagree,3,74,52
P0119,Prestige,5,Strongly agree,5,74,65
P0119,Prestige,6,Strongly agree,5,81,85
P0119,Prestige,7,Strongly disagree,1,2,12
P0119,Prestige,8,Strongly disagree,1,4,7
P0119,Prestige,9,Strongly disagree,1,11,8
P0119,Prestige,10,Strongly disagree,1,4,21
P0119,Prestige,11,Strongly disagree,1,55,41
P0119,Prestige,12,Strongly disagree,1,5,10
P0120,Age,1,Strongly agree,5,95,95
P0120,Age,2,Strongly agree,5,97,97
P0120,Age,3,Strongly agree,5,91,91
P0120,Age,4,Neither agree nor disagree,3,51,63
P0120,Age,5,Strongly agree,5,64,75
P0120,Age,6,Strongly agree,5,87,97
P0120,Age,7,Strongly disagree,1,28,5
P0120,Age,8,Strongly disagree,1,42,4
P0120,Age,9,Strongly disagree,1,51,5
P0120,Age,10,Disagree,2,21,14
P0120,Age,11,Strongly disagree,1,25,11
P0120,Age,12,Strongly disagree,1,21,7
P0121,Conformity,1,Strongly agree,5,90,90
P0121,Conformity,2,Strongly agree,5,100,100
P0121,Conformity,3,Strongly agree,5,95,95
P0121,Conformity,4,Strongly agree,5,55,55
P0121,Conformity,5,Agree,4,90,75
P0121,Conformity,6,Strongly agree,5,95,95
P0121,Conformity,7,Disagree,2,50,10
P0121,Conformity,8,Strongly disagree,1,5,5
P0121,Conformity,9,Strongly disagree,1,10,5
P0121,Conformity,10,Neither agree nor disagree,3,30,10
P0121,Conformity,11,Disagree,2,60,10
P0121,Conformity,12,Strongly disagree,1,5,5
P0122,Conformity,1,Strongly agree,5,100,100
P0122,Conformity,2,Strongly agree,5,100,100
P0122,Conformity,3,Strongly agree,5,100,100
P0122,Conformity,4,Strongly disagree,1,30,30
P0122,Conformity,5,Neither agree nor disagree,3,50,50
P0122,Conformity,6,Strongly agree,5,100,100
P0122,Conformity,7,Strongly agree,5,50,20
P0122,Conformity,8,Neither agree nor disagree,3,0,5
P0122,Conformity,9,Strongly disagree,1,0,3
P0122,Conformity,10,Strongly agree,5,100,75
P0122,Conformity,11,Strongly agree,5,51,51
P0122,Conformity,12,Strongly disagree,1,25,25
P0123,Prestige,1,Strongly agree,5,90,90
P0123,Prestige,2,Strongly agree,5,90,90
P0123,Prestige,3,Strongly agree,5,90,90
P0123,Prestige,4,Neither agree nor disagree,3,70,70
P0123,Prestige,5,Agree,4,80,80
P0123,Prestige,6,Strongly agree,5,80,80
P0123,Prestige,7,Strongly disagree,1,20,20
P0123,Prestige,8,Disagree,2,50,20
P0123,Prestige,9,Strongly disagree,1,30,30
P0123,Prestige,10,Disagree,2,30,30
P0123,Prestige,11,Neither agree nor disagree,3,40,40
P0123,Prestige,12,Strongly disagree,1,25,25
P0124,Prestige,1,Strongly agree,5,87,89
P0124,Prestige,2,Strongly agree,5,89,91
P0124,Prestige,3,Strongly agree,5,95,94
P0124,Prestige,4,Disagree,2,4,35
P0124,Prestige,5,Strongly agree,5,39,53
P0124,Prestige,6,Strongly agree,5,85,88
P0124,Prestige,7,Strongly disagree,1,20,15
P0124,Prestige,8,Strongly disagree,1,33,11
P0124,Prestige,9,Strongly disagree,1,15,7
P0124,Prestige,10,Strongly disagree,1,25,20
P0124,Prestige,11,Strongly disagree,1,60,30
P0124,Prestige,12,Strongly disagree,1,19,12
P0125,Individual,1,Strongly agree,5,99,100
P0125,Individual,2,Strongly agree,5,95,95
P0125,Individual,3,Neither agree nor disagree,3,87,87
P0125,Individual,4,Disagree,2,77,77
P0125,Individual,5,Neither agree nor disagree,3,74,74
P0125,Individual,6,Agree,4,86,86
P0125,Individual,7,Neither agree nor disagree,3,35,35
P0125,Individual,8,Disagree,2,21,21
P0125,Individual,9,Disagree,2,11,11
P0125,Individual,10,Neither agree nor disagree,3,45,45
P0125,Individual,11,Agree,4,45,45
P0125,Individual,12,Neither agree nor disagree,3,26,26
P0126,Conformity,1,Neither agree nor disagree,3,45,85
P0126,Conformity,2,Agree,4,85,85
P0126,Conformity,3,Agree,4,92,92
P0126,Conformity,4,Disagree,2,39,63
P0126,Conformity,5,Disagree,2,49,49
P0126,Conformity,6,Agree,4,91,91
P0126,Conformity,7,Agree,4,80,80
P0126,Conformity,8,Neither agree nor disagree,3,20,20
P0126,Conformity,9,Strongly disagree,1,6,4
P0126,Conformity,10,Agree,4,18,0
P0126,Conformity,11,Agree,4,80,19
P0126,Conformity,12,Disagree,2,39,8
P0127,Season,1,Strongly agree,5,100,100
P0127,Season,2,Strongly agree,5,80,94
P0127,Season,3,Strongly agree,5,60,91
P0127,Season,4,Strongly disagree,1,15,15
P0127,Season,5,Strongly agree,5,79,79
P0127,Season,6,Strongly agree,5,100,100
P0127,Season,7,Neither agree nor disagree,3,35,10
P0127,Season,8,Strongly disagree,1,5,5
P0127,Season,9,Strongly disagree,1,50,3
P0127,Season,10,Agree,4,80,15
P0127,Season,11,Strongly agree,5,70,15
P0127,Season,12,Strongly agree,5,45,49
P0128,Individual,1,Strongly agree,5,70,70
P0128,Individual,2,Strongly agree,5,75,75
P0128,Individual,3,Strongly agree,5,80,84
P0128,Individual,4,Agree,4,65,65
P0128,Individual,5,Strongly agree,5,72,72
P0128,Individual,6,Strongly agree,5,45,45
P0128,Individual,7,Strongly disagree,1,35,35
P0128,Individual,8,Strongly disagree,1,56,56
P0128,Individual,9,Strongly disagree,1,30,30
P0128,Individual,10,Disagree,2,34,34
P0128,Individual,11,Strongly disagree,1,45,45
P0128,Individual,12,Strongly disagree,1,25,25
P0129,Conformity,1,Strongly agree,5,98,98
P0129,Conformity,2,Strongly agree,5,75,96
P0129,Conformity,3,Agree,4,85,83
P0129,Conformity,4,Strongly agree,5,67,65
P0129,Conformity,5,Agree,4,71,71
P0129,Conformity,6,Strongly agree,5,45,94
P0129,Conformity,7,Neither agree nor disagree,3,15,11
P0129,Conformity,8,Strongly disagree,1,8,7
P0129,Conformity,9,Strongly disagree,1,4,4
P0129,Conformity,10,Disagree,2,13,0
P0129,Conformity,11,Neither agree nor disagree,3,25,15
P0129,Conformity,12,Strongly disagree,1,23,10
P0130,Conformity,1,Strongly agree,5,86,90
P0130,Conformity,2,Strongly agree,5,95,95
P0130,Conformity,3,Strongly agree,5,81,85
P0130,Conformity,4,Neither agree nor disagree,3,32,32
P0130,Conformity,5,Strongly agree,5,62,66
P0130,Conformity,6,Strongly agree,5,86,90
P0130,Conformity,7,Strongly disagree,1,19,14
P0130,Conformity,8,Strongly disagree,1,40,15
P0130,Conformity,9,Strongly disagree,1,40,16
P0130,Conformity,10,Strongly disagree,1,15,0
P0130,Conformity,11,Disagree,2,55,36
P0130,Conformity,12,Strongly disagree,1,40,18
P0131,Conformity,1,Strongly agree,5,52,93
P0131,Conformity,2,Strongly agree,5,96,96
P0131,Conformity,3,Neither agree nor disagree,3,57,91
P0131,Conformity,4,Disagree,2,47,60
P0131,Conformity,5,Neither agree nor disagree,3,14,72
P0131,Conformity,6,Strongly agree,5,91,93
P0131,Conformity,7,Agree,4,33,10
P0131,Conformity,8,Strongly disagree,1,12,7
P0131,Conformity,9,Disagree,2,2,3
P0131,Conformity,10,Neither agree nor disagree,3,42,15
P0131,Conformity,11,Neither agree nor disagree,3,16,16
P0131,Conformity,12,Strongly disagree,1,5,8
P0132,Conformity,1,Strongly agree,5,88,90
P0132,Conformity,2,Strongly agree,5,92,92
P0132,Conformity,3,Strongly agree,5,84,89
P0132,Conformity,4,Neither agree nor disagree,3,45,52
P0132,Conformity,5,Strongly agree,5,58,64
P0132,Conformity,6,Strongly agree,5,71,82
P0132,Conformity,7,Strongly disagree,1,27,17
P0132,Conformity,8,Strongly disagree,1,17,13
P0132,Conformity,9,Strongly disagree,1,45,18
P0132,Conformity,10,Disagree,2,54,23
P0132,Conformity,11,Strongly disagree,1,42,25
P0132,Conformity,12,Strongly disagree,1,23,17
P0133,Individual,1,Strongly agree,5,100,100
P0133,Individual,2,Strongly agree,5,90,90
P0133,Individual,3,Strongly agree,5,80,80
P0133,Individual,4,Agree,4,60,60
P0133,Individual,5,Strongly agree,5,70,70
P0133,Individual,6,Strongly agree,5,75,75
P0133,Individual,7,Strongly disagree,1,15,15
P0133,Individual,8,Strongly disagree,1,5,5
P0133,Individual,9,Strongly disagree,1,20,15
P0133,Individual,10,Strongly disagree,1,35,35
P0133,Individual,11,Neither agree nor disagree,3,70,60
P0133,Individual,12,Disagree,2,15,50
P0134,Season,1,Agree,4,80,80
P0134,Season,2,Agree,4,90,90
P0134,Season,3,Agree,4,81,81
P0134,Season,4,Disagree,2,75,75
P0134,Season,5,Strongly agree,5,60,60
P0134,Season,6,Agree,4,88,88
P0134,Season,7,Agree,4,86,15
P0134,Season,8,Disagree,2,40,10
P0134,Season,9,Disagree,2,40,10
P0134,Season,10,Disagree,2,50,30
P0134,Season,11,Disagree,2,37,37
P0134,Season,12,Disagree,2,25,20
P0135,Age,1,Strongly agree,5,65,65
P0135,Age,2,Strongly agree,5,75,75
P0135,Age,3,Strongly agree,5,65,65
P0135,Age,4,Strongly agree,5,45,45
P0135,Age,5,Strongly agree,5,55,55
P0135,Age,6,Strongly agree,5,55,55
P0135,Age,7,Disagree,2,60,60
P0135,Age,8,Strongly disagree,1,15,15
P0135,Age,9,Strongly disagree,1,55,45
P0135,Age,10,Disagree,2,55,55
P0135,Age,11,Strongly disagree,1,55,55
P0135,Age,12,Strongly disagree,1,45,45
P0136,Individual,1,Strongly agree,5,87,100
P0136,Individual,2,Strongly agree,5,99,99
P0136,Individual,3,Strongly agree,5,100,100
P0136,Individual,4,Strongly agree,5,78,78
P0136,Individual,5,Strongly agree,5,79,79
P0136,Individual,6,Strongly agree,5,100,100
P0136,Individual,7,Strongly disagree,1,6,6
P0136,Individual,8,Strongly disagree,1,8,8
P0136,Individual,9,Strongly disagree,1,10,10
P0136,Individual,10,Agree,4,29,29
P0136,Individual,11,Disagree,2,69,69
P0136,Individual,12,Strongly disagree,1,1,1
P0137,Prestige,1,Strongly agree,5,93,93
P0137,Prestige,2,Strongly agree,5,61,61
P0137,Prestige,3,Strongly agree,5,88,88
P0137,Prestige,4,Disagree,2,73,73
P0137,Prestige,5,Neither agree nor disagree,3,50,50
P0137,Prestige,6,Strongly agree,5,88,88
P0137,Prestige,7,Neither agree nor disagree,3,32,32
P0137,Prestige,8,Disagree,2,7,7
P0137,Prestige,9,Strongly disagree,1,26,26
P0137,Prestige,10,Neither agree nor disagree,3,22,22
P0137,Prestige,11,Neither agree nor disagree,3,51,24
P0137,Prestige,12,Strongly disagree,1,9,9
P0138,Conformity,1,Strongly agree,5,84,90
P0138,Conformity,2,Strongly agree,5,100,100
P0138,Conformity,3,Strongly agree,5,83,89
P0138,Conformity,4,Strongly agree,5,60,60
P0138,Conformity,5,Strongly agree,5,57,71
P0138,Conformity,6,Strongly agree,5,60,70
P0138,Conformity,7,Strongly disagree,1,29,29
P0138,Conformity,8,Strongly disagree,1,19,10
P0138,Conformity,9,Strongly disagree,1,28,10
P0138,Conformity,10,Strongly disagree,1,40,40
P0138,Conformity,11,Strongly disagree,1,60,22
P0138,Conformity,12,Strongly disagree,1,34,34
P0139,Individual,1,Agree,4,95,100
P0139,Individual,2,Disagree,2,73,73
P0139,Individual,3,Disagree,2,71,71
P0139,Individual,4,Strongly disagree,1,80,80
P0139,Individual,5,Strongly disagree,1,51,51
P0139,Individual,6,Neither agree nor disagree,3,86,86
P0139,Individual,7,Agree,4,36,36
P0139,Individual,8,Neither agree nor disagree,3,8,8
P0139,Individual,9,Disagree,2,9,9
P0139,Individual,10,Agree,4,24,24
P0139,Individual,11,Strongly agree,5,20,20
P0139,Individual,12,Neither agree nor disagree,3,35,35
P0140,Individual,1,Strongly agree,5,100,100
P0140,Individual,2,Strongly agree,5,100,100
P0140,Individual,3,Strongly agree,5,100,100
P0140,Individual,4,Disagree,2,70,70
P0140,Individual,5,Agree,4,100,100
P0140,Individual,6,Agree,4,100,100
P0140,Individual,7,Strongly disagree,1,10,10
P0140,Individual,8,Strongly disagree,1,0,0
P0140,Individual,9,Strongly disagree,1,0,0
P0140,Individual,10,Disagree,2,10,10
P0140,Individual,11,Agree,4,80,80
P0140,Individual,12,Neither agree nor disagree,3,50,50
P0141,Conformity,1,Agree,4,72,85
P0141,Conformity,2,Agree,4,87,87
P0141,Conformity,3,Agree,4,86,86
P0141,Conformity,4,Agree,4,94,77
P0141,Conformity,5,Agree,4,77,77
P0141,Conformity,6,Agree,4,84,93
P0141,Conformity,7,Strongly disagree,1,3,3
P0141,Conformity,8,Disagree,2,3,3
P0141,Conformity,9,Strongly disagree,1,9,9
P0141,Conformity,10,Disagree,2,14,0
P0141,Conformity,11,Neither agree nor disagree,3,10,10
P0141,Conformity,12,Disagree,2,1,2
P0142,Age,1,Strongly agree,5,82,93
P0142,Age,2,Strongly agree,5,89,96
P0142,Age,3,Strongly agree,5,100,91
P0142,Age,4,Neither agree nor disagree,3,90,60
P0142,Age,5,Neither agree nor disagree,3,80,71
P0142,Age,6,Disagree,2,91,95
P0142,Age,7,Strongly disagree,1,24,10
P0142,Age,8,Neither agree nor disagree,3,32,5
P0142,Age,9,Strongly disagree,1,7,3
P0142,Age,10,Neither agree nor disagree,3,48,15
P0142,Age,11,Strongly agree,5,51,15
P0142,Age,12,Neither agree nor disagree,3,25,8
P0143,Individual,1,Agree,4,82,100
P0143,Individual,2,Agree,4,84,84
P0143,Individual,3,Agree,4,92,92
P0143,Individual,4,Disagree,2,60,60
P0143,Individual,5,Agree,4,75,75
P0143,Individual,6,Agree,4,68,68
P0143,Individual,7,Disagree,2,10,10
P0143,Individual,8,Disagree,2,10,10
P0143,Individual,9,Disagree,2,11,11
P0143,Individual,10,Disagree,2,10,10
P0143,Individual,11,Disagree,2,9,9
P0143,Individual,12,Disagree,2,10,10
P0144,Season,1,Strongly agree,5,82,89
P0144,Season,2,Strongly agree,5,83,86
P0144,Season,3,Strongly agree,5,82,82
P0144,Season,4,Strongly agree,5,71,71
P0144,Season,5,Agree,4,41,41
P0144,Season,6,Strongly agree,5,70,82
P0144,Season,7,Strongly disagree,1,30,23
P0144,Season,8,Strongly disagree,1,30,21
P0144,Season,9,Strongly disagree,1,30,20
P0144,Season,10,Strongly disagree,1,30,27
P0144,Season,11,Strongly disagree,1,30,25
P0144,Season,12,Strongly disagree,1,30,25
P0145,Age,1,Strongly agree,5,79,96
P0145,Age,2,Strongly agree,5,96,96
P0145,Age,3,Strongly agree,5,92,92
P0145,Age,4,Agree,4,76,67
P0145,Age,5,Agree,4,80,73
P0145,Age,6,Strongly agree,5,84,97
P0145,Age,7,Disagree,2,21,13
P0145,Age,8,Strongly disagree,1,12,5
P0145,Age,9,Strongly disagree,1,2,2
P0145,Age,10,Disagree,2,31,16
P0145,Age,11,Strongly disagree,1,15,15
P0145,Age,12,Strongly disagree,1,21,10
P0146,Season,1,Strongly agree,5,80,80
P0146,Season,2,Strongly agree,5,90,90
P0146,Season,3,Agree,4,95,95
P0146,Season,4,Strongly disagree,1,25,25
P0146,Season,5,Neither agree nor disagree,3,55,55
P0146,Season,6,Agree,4,40,40
P0146,Season,7,Agree,4,60,60
P0146,Season,8,Disagree,2,60,60
P0146,Season,9,Strongly disagree,1,40,40
P0146,Season,10,Strongly agree,5,60,60
P0146,Season,11,Agree,4,66,66
P0146,Season,12,Neither agree nor disagree,3,25,25
P0147,Prestige,1,Agree,4,76,93
P0147,Prestige,2,Strongly agree,5,100,96
P0147,Prestige,3,Strongly agree,5,100,91
P0147,Prestige,4,Strongly disagree,1,10,60
P0147,Prestige,5,Disagree,2,25,71
P0147,Prestige,6,Agree,4,100,95
P0147,Prestige,7,Disagree,2,0,10
P0147,Prestige,8,Neither agree nor disagree,3,11,5
P0147,Prestige,9,Strongly disagree,1,0,3
P0147,Prestige,10,Disagree,2,10,15
P0147,Prestige,11,Strongly agree,5,60,15
P0147,Prestige,12,Disagree,2,5,8
P0148,Season,1,Strongly agree,5,51,93
P0148,Season,2,Strongly agree,5,69,93
P0148,Season,3,Strongly agree,5,84,89
P0148,Season,4,Disagree,2,82,67
P0148,Season,5,Strongly agree,5,66,68
P0148,Season,6,Strongly disagree,1,76,93
P0148,Season,7,Strongly disagree,1,23,9
P0148,Season,8,Strongly disagree,1,53,4
P0148,Season,9,Strongly disagree,1,13,4
P0148,Season,10,Strongly disagree,1,37,17
P0148,Season,11,Strongly disagree,1,63,15
P0148,Season,12,Agree,4,37,9
P0149,Individual,1,Agree,4,24,100
P0149,Individual,2,Agree,4,96,96
P0149,Individual,3,Agree,4,93,93
P0149,Individual,4,Strongly agree,5,70,70
P0149,Individual,5,Disagree,2,19,19
P0149,Individual,6,Strongly agree,5,85,85
P0149,Individual,7,Disagree,2,10,10
P0149,Individual,8,Disagree,2,5,5
P0149,Individual,9,Strongly disagree,1,2,2
P0149,Individual,10,Disagree,2,16,16
P0149,Individual,11,Disagree,2,5,5
P0149,Individual,12,Strongly disagree,1,5,5
P0150,Age,1,Strongly agree,5,83,86
P0150,Age,2,Strongly agree,5,98,95
P0150,Age,3,Strongly agree,5,91,90
P0150,Age,4,Strongly agree,5,56,52
P0150,Age,5,Strongly agree,5,87,69
P0150,Age,6,Strongly agree,5,70,86
P0150,Age,7,Strongly disagree,1,13,13
P0150,Age,8,Strongly disagree,1,46,11
P0150,Age,9,Strongly disagree,1,48,11
P0150,Age,10,Disagree,2,38,23
P0150,Age,11,Disagree,2,32,22
P0150,Age,12,Strongly disagree,1,39,25
P0151,Prestige,1,Strongly agree,5,50,50
P0151,Prestige,2,Strongly agree,5,60,60
P0151,Prestige,3,Strongly agree,5,61,61
P0151,Prestige,4,Strongly agree,5,42,42
P0151,Prestige,5,Strongly agree,5,52,52
P0151,Prestige,6,Strongly agree,5,71,71
P0151,Prestige,7,Strongly disagree,1,45,45
P0151,Prestige,8,Strongly disagree,1,33,33
P0151,Prestige,9,Strongly disagree,1,30,30
P0151,Prestige,10,Strongly disagree,1,42,42
P0151,Prestige,11,Strongly disagree,1,35,35
P0151,Prestige,12,Strongly disagree,1,41,41
P0152,Prestige,1,Strongly agree,5,53,78
P0152,Prestige,2,Agree,4,64,83
P0152,Prestige,3,Strongly agree,5,73,90
P0152,Prestige,4,Neither agree nor disagree,3,24,66
P0152,Prestige,5,Agree,4,34,73
P0152,Prestige,6,Strongly agree,5,38,81
P0152,Prestige,7,Strongly disagree,1,55,17
P0152,Prestige,8,Disagree,2,26,14
P0152,Prestige,9,Disagree,2,30,10
P0152,Prestige,10,Disagree,2,30,18
P0152,Prestige,11,Disagree,2,75,38
P0152,Prestige,12,Disagree,2,71,27
P0153,Season,1,Agree,4,98,95
P0153,Season,2,Strongly agree,5,95,95
P0153,Season,3,Strongly agree,5,88,90
P0153,Season,4,Neither agree nor disagree,3,51,55
P0153,Season,5,Strongly agree,5,81,75
P0153,Season,6,Strongly agree,5,95,95
P0153,Season,7,Strongly disagree,1,20,13
P0153,Season,8,Strongly disagree,1,10,10
P0153,Season,9,Disagree,2,15,7
P0153,Season,10,Disagree,2,20,16
P0153,Season,11,Disagree,2,15,15
P0153,Season,12,Disagree,2,25,13
P0154,Age,1,Strongly agree,5,96,96
P0154,Age,2,Strongly agree,5,65,81
P0154,Age,3,Strongly agree,5,87,87
P0154,Age,4,Strongly disagree,1,41,51
P0154,Age,5,Neither agree nor disagree,3,37,59
P0154,Age,6,Strongly agree,5,23,56
P0154,Age,7,Disagree,2,19,16
P0154,Age,8,Disagree,2,41,16
P0154,Age,9,Disagree,2,5,5
P0154,Age,10,Disagree,2,20,20
P0154,Age,11,Agree,4,49,25
P0154,Age,12,Strongly disagree,1,37,25
P0155,Individual,1,Agree,4,100,100
P0155,Individual,2,Agree,4,89,89
P0155,Individual,3,Agree,4,92,92
P0155,Individual,4,Agree,4,54,54
P0155,Individual,5,Agree,4,75,75
P0155,Individual,6,Strongly agree,5,90,94
P0155,Individual,7,Disagree,2,27,27
P0155,Individual,8,Strongly disagree,1,34,28
P0155,Individual,9,Strongly disagree,1,29,29
P0155,Individual,10,Neither agree nor disagree,3,21,21
P0155,Individual,11,Disagree,2,42,42
P0155,Individual,12,Strongly disagree,1,0,0
P0156,Individual,1,Strongly agree,5,92,92
P0156,Individual,2,Strongly agree,5,82,82
P0156,Individual,3,Strongly agree,5,72,72
P0156,Individual,4,Strongly disagree,1,21,21
P0156,Individual,5,Strongly disagree,1,69,69
P0156,Individual,6,Agree,4,71,71
P0156,Individual,7,Disagree,2,32,32
P0156,Individual,8,Disagree,2,36,36
P0156,Individual,9,Strongly disagree,1,13,13
P0156,Individual,10,Disagree,2,23,23
P0156,Individual,11,Neither agree nor disagree,3,62,62
P0156,Individual,12,Disagree,2,36,36
P0157,Conformity,1,Agree,4,90,91
P0157,Conformity,2,Agree,4,100,97
P0157,Conformity,3,Agree,4,94,94
P0157,Conformity,4,Disagree,2,71,68
P0157,Conformity,5,Agree,4,66,68
P0157,Conformity,6,Agree,4,95,95
P0157,Conformity,7,Disagree,2,24,14
P0157,Conformity,8,Disagree,2,0,2
P0157,Conformity,9,Disagree,2,36,7
P0157,Conformity,10,Neither agree nor disagree,3,20,18
P0157,Conformity,11,Neither agree nor disagree,3,50,18
P0157,Conformity,12,Disagree,2,28,12
P0158,Individual,1,Strongly agree,5,99,100
P0158,Individual,2,Strongly agree,5,95,97
P0158,Individual,3,Strongly agree,5,88,90
P0158,Individual,4,Disagree,2,35,35
P0158,Individual,5,Agree,4,67,72
P0158,Individual,6,Strongly agree,5,81,87
P0158,Individual,7,Disagree,2,16,13
P0158,Individual,8,Strongly disagree,1,56,45
P0158,Individual,9,Disagree,2,8,6
P0158,Individual,10,Strongly disagree,1,22,20
P0158,Individual,11,Strongly disagree,1,30,26
P0158,Individual,12,Strongly disagree,1,15,15
P0159,Season,1,Strongly agree,5,90,90
P0159,Season,2,Strongly agree,5,95,95
P0159,Season,3,Strongly agree,5,85,90
P0159,Season,4,Agree,4,70,70
P0159,Season,5,Strongly agree,5,65,68
P0159,Season,6,Strongly agree,5,85,85
P0159,Season,7,Strongly disagree,1,20,10
P0159,Season,8,Strongly disagree,1,15,10
P0159,Season,9,Strongly disagree,1,10,5
P0159,Season,10,Disagree,2,15,15
P0159,Season,11,Neither agree nor disagree,3,55,20
P0159,Season,12,Strongly disagree,1,40,10
P0160,Individual,1,Strongly agree,5,86,87
P0160,Individual,2,Strongly agree,5,95,95
P0160,Individual,3,Strongly agree,5,91,91
P0160,Individual,4,Agree,4,88,88
P0160,Individual,5,Strongly agree,5,100,94
P0160,Individual,6,Strongly agree,5,95,95
P0160,Individual,7,Strongly disagree,1,8,8
P0160,Individual,8,Strongly disagree,1,1,1
P0160,Individual,9,Strongly disagree,1,1,1
P0160,Individual,10,Strongly disagree,1,8,10
P0160,Individual,11,Strongly disagree,1,14,14
P0160,Individual,12,Strongly disagree,1,12,9
P0161,Season,1,Strongly agree,5,96,96
P0161,Season,2,Agree,4,85,90
P0161,Season,3,Strongly agree,5,95,95
P0161,Season,4,Disagree,2,29,40
P0161,Season,5,Agree,4,61,61
P0161,Season,6,Strongly agree,5,85,85
P0161,Season,7,Disagree,2,15,15
P0161,Season,8,Disagree,2,20,14
P0161,Season,9,Disagree,2,35,14
P0161,Season,10,Disagree,2,18,18
P0161,Season,11,Disagree,2,45,25
P0161,Season,12,Strongly disagree,1,25,17
P0162,Age,1,Strongly agree,5,89,91
P0162,Age,2,Strongly agree,5,70,92
P0162,Age,3,Agree,4,79,92
P0162,Age,4,Disagree,2,40,60
P0162,Age,5,Agree,4,54,74
P0162,Age,6,Agree,4,70,93
P0162,Age,7,Disagree,2,65,15
P0162,Age,8,Disagree,2,42,7
P0162,Age,9,Disagree,2,59,10
P0162,Age,10,Neither agree nor disagree,3,65,16
P0162,Age,11,Disagree,2,65,15
P0162,Age,12,Neither agree nor disagree,3,40,10
P0163,Age,1,Strongly agree,5,98,98
P0163,Age,2,Strongly agree,5,95,95
P0163,Age,3,Strongly agree,5,98,98
P0163,Age,4,Strongly agree,5,92,92
P0163,Age,5,Neither agree nor disagree,3,6,6
P0163,Age,6,Strongly agree,5,98,98
P0163,Age,7,Strongly disagree,1,1,1
P0163,Age,8,Strongly disagree,1,1,1
P0163,Age,9,Strongly disagree,1,1,1
P0163,Age,10,Strongly disagree,1,1,1
P0163,Age,11,Strongly disagree,1,7,7
P0163,Age,12,Strongly disagree,1,6,6
P0164,Season,1,Strongly agree,5,0,0
P0164,Season,2,Strongly agree,5,100,100
P0164,Season,3,Strongly agree,5,100,100
P0164,Season,4,Strongly agree,5,100,100
P0164,Season,5,Strongly agree,5,100,100
P0164,Season,6,Strongly agree,5,100,100
P0164,Season,7,Neither agree nor disagree,3,0,0
P0164,Season,8,Strongly disagree,1,0,0
P0164,Season,9,Strongly disagree,1,0,0
P0164,Season,10,Neither agree nor disagree,3,0,0
P0164,Season,11,Strongly disagree,1,0,0
P0164,Season,12,Strongly disagree,1,0,0
P0165,Conformity,1,Strongly agree,5,95,93
P0165,Conformity,2,Strongly agree,5,72,95
P0165,Conformity,3,Strongly agree,5,97,97
P0165,Conformity,4,Agree,4,55,55
P0165,Conformity,5,Strongly agree,5,80,71
P0165,Conformity,6,Strongly agree,5,52,85
P0165,Conformity,7,Disagree,2,3,10
P0165,Conformity,8,Disagree,2,45,45
P0165,Conformity,9,Strongly disagree,1,6,6
P0165,Conformity,10,Agree,4,64,25
P0165,Conformity,11,Neither agree nor disagree,3,83,70
P0165,Conformity,12,Strongly disagree,1,50,10
P0166,Age,1,Strongly agree,5,92,92
P0166,Age,2,Strongly agree,5,94,94
P0166,Age,3,Strongly agree,5,93,93
P0166,Age,4,Disagree,2,40,53
P0166,Age,5,Neither agree nor disagree,3,50,70
P0166,Age,6,Strongly agree,5,93,94
P0166,Age,7,Strongly disagree,1,15,10
P0166,Age,8,Disagree,2,30,9
P0166,Age,9,Strongly disagree,1,5,3
P0166,Age,10,Disagree,2,22,16
P0166,Age,11,Neither agree nor disagree,3,30,13
P0166,Age,12,Strongly disagree,1,15,8
P0167,Age,1,Strongly agree,5,44,44
P0167,Age,2,Agree,4,86,86
P0167,Age,3,Strongly agree,5,47,47
P0167,Age,4,Disagree,2,14,14
P0167,Age,5,Neither agree nor disagree,3,15,32
P0167,Age,6,Strongly agree,5,90,90
P0167,Age,7,Disagree,2,33,33
P0167,Age,8,Strongly disagree,1,63,35
P0167,Age,9,Strongly disagree,1,54,54
P0167,Age,10,Disagree,2,42,35
P0167,Age,11,Disagree,2,71,58
P0167,Age,12,Strongly disagree,1,38,38
P0168,Season,1,Strongly agree,5,97,97
P0168,Season,2,Strongly agree,5,95,95
P0168,Season,3,Strongly agree,5,95,95
P0168,Season,4,Disagree,2,40,62
P0168,Season,5,Agree,4,64,70
P0168,Season,6,Strongly agree,5,57,95
P0168,Season,7,Strongly disagree,1,5,5
P0168,Season,8,Strongly disagree,1,48,6
P0168,Season,9,Strongly disagree,1,6,4
P0168,Season,10,Strongly disagree,1,17,17
P0168,Season,11,Strongly disagree,1,23,17
P0168,Season,12,Strongly disagree,1,60,7
P0169,Prestige,1,Agree,4,62,81
P0169,Prestige,2,Strongly agree,5,78,95
P0169,Prestige,3,Disagree,2,21,82
P0169,Prestige,4,Agree,4,18,63
P0169,Prestige,5,Strongly agree,5,17,75
P0169,Prestige,6,Strongly agree,5,25,85
P0169,Prestige,7,Disagree,2,51,21
P0169,Prestige,8,Disagree,2,34,28
P0169,Prestige,9,Disagree,2,67,5
P0169,Prestige,10,Neither agree nor disagree,3,55,27
P0169,Prestige,11,Disagree,2,84,22
P0169,Prestige,12,Strongly disagree,1,86,18
P0170,Age,1,Strongly agree,5,67,100
P0170,Age,2,Strongly agree,5,100,100
P0170,Age,3,Strongly agree,5,73,98
P0170,Age,4,Neither agree nor disagree,3,40,70
P0170,Age,5,Neither agree nor disagree,3,75,75
P0170,Age,6,Strongly agree,5,90,95
P0170,Age,7,Neither agree nor disagree,3,50,20
P0170,Age,8,Strongly disagree,1,10,10
P0170,Age,9,Strongly disagree,1,20,10
P0170,Age,10,Agree,4,24,24
P0170,Age,11,Disagree,2,34,20
P0170,Age,12,Disagree,2,71,23
P0171,Individual,1,Strongly agree,5,96,100
P0171,Individual,2,Agree,4,80,80
P0171,Individual,3,Strongly agree,5,95,95
P0171,Individual,4,Disagree,2,35,35
P0171,Individual,5,Strongly agree,5,70,70
P0171,Individual,6,Strongly agree,5,82,82
P0171,Individual,7,Agree,4,36,36
P0171,Individual,8,Strongly disagree,1,10,10
P0171,Individual,9,Strongly disagree,1,10,10
P0171,Individual,10,Agree,4,84,84
P0171,Individual,11,Strongly disagree,1,45,45
P0171,Individual,12,Strongly disagree,1,5,5
P0172,Season,1,Strongly agree,5,98,98
P0172,Season,2,Agree,4,60,85
P0172,Season,3,Strongly agree,5,95,95
P0172,Season,4,Neither agree nor disagree,3,55,55
P0172,Season,5,Disagree,2,40,70
P0172,Season,6,Agree,4,90,90
P0172,Season,7,Neither agree nor disagree,3,20,15
P0172,Season,8,Neither agree nor disagree,3,70,20
P0172,Season,9,Disagree,2,8,5
P0172,Season,10,Agree,4,40,20
P0172,Season,11,Agree,4,50,20
P0172,Season,12,Disagree,2,15,10
P0173,Age,1,Strongly agree,5,100,100
P0173,Age,2,Strongly agree,5,94,99
P0173,Age,3,Strongly agree,5,93,93
P0173,Age,4,Agree,4,50,60
P0173,Age,5,Agree,4,16,77
P0173,Age,6,Strongly agree,5,100,95
P0173,Age,7,Disagree,2,10,10
P0173,Age,8,Strongly disagree,1,12,4
P0173,Age,9,Strongly disagree,1,4,4
P0173,Age,10,Disagree,2,7,16
P0173,Age,11,Disagree,2,18,18
P0173,Age,12,Neither agree nor disagree,3,13,8
P0174,Prestige,1,Strongly agree,5,82,82
P0174,Prestige,2,Strongly agree,5,62,62
P0174,Prestige,3,Strongly agree,5,62,62
P0174,Prestige,4,Disagree,2,30,30
P0174,Prestige,5,Strongly agree,5,19,19
P0174,Prestige,6,Strongly agree,5,78,78
P0174,Prestige,7,Strongly disagree,1,20,20
P0174,Prestige,8,Strongly disagree,1,10,10
P0174,Prestige,9,Strongly disagree,1,20,20
P0174,Prestige,10,Disagree,2,21,21
P0174,Prestige,11,Strongly disagree,1,50,50
P0174,Prestige,12,Strongly disagree,1,30,30
P0175,Prestige,1,Agree,4,30,71
P0175,Prestige,2,Strongly agree,5,75,90
P0175,Prestige,3,Agree,4,85,85
P0175,Prestige,4,Strongly agree,5,80,70
P0175,Prestige,5,Strongly agree,5,35,71
P0175,Prestige,6,Agree,4,60,90
P0175,Prestige,7,Strongly disagree,1,60,20
P0175,Prestige,8,Strongly disagree,1,20,20
P0175,Prestige,9,Strongly disagree,1,10,10
P0175,Prestige,10,Disagree,2,50,25
P0175,Prestige,11,Strongly disagree,1,50,30
P0175,Prestige,12,Disagree,2,10,10
P0176,Age,1,Strongly agree,5,80,80
P0176,Age,2,Strongly agree,5,75,75
P0176,Age,3,Strongly agree,5,72,72
P0176,Age,4,Strongly agree,5,57,57
P0176,Age,5,Strongly agree,5,65,65
P0176,Age,6,Strongly agree,5,65,80
P0176,Age,7,Strongly disagree,1,35,27
P0176,Age,8,Strongly disagree,1,36,26
P0176,Age,9,Strongly disagree,1,60,30
P0176,Age,10,Strongly disagree,1,40,30
P0176,Age,11,Strongly disagree,1,60,32
P0176,Age,12,Strongly disagree,1,40,30
P0177,Age,1,Strongly agree,5,91,92
P0177,Age,2,Strongly agree,5,84,94
P0177,Age,3,Strongly agree,5,66,88
P0177,Age,4,Strongly agree,5,33,66
P0177,Age,5,Strongly agree,5,56,67
P0177,Age,6,Strongly agree,5,67,93
P0177,Age,7,Strongly disagree,1,32,10
P0177,Age,8,Strongly disagree,1,31,7
P0177,Age,9,Strongly disagree,1,9,4
P0177,Age,10,Strongly disagree,1,30,16
P0177,Age,11,Strongly disagree,1,35,17
P0177,Age,12,Strongly disagree,1,22,11
P0178,Season,1,Agree,4,75,87
P0178,Season,2,Strongly agree,5,97,97
P0178,Season,3,Agree,4,70,85
P0178,Season,4,Agree,4,85,65
P0178,Season,5,Agree,4,81,81
P0178,Season,6,Strongly agree,5,90,90
P0178,Season,7,Neither agree nor disagree,3,40,20
P0178,Season,8,Strongly disagree,1,5,5
P0178,Season,9,Disagree,2,10,7
P0178,Season,10,Agree,4,35,25
P0178,Season,11,Neither agree nor disagree,3,25,25
P0178,Season,12,Disagree,2,30,15
P0179,Age,1,Strongly agree,5,80,85
P0179,Age,2,Strongly agree,5,85,92
P0179,Age,3,Strongly agree,5,73,95
P0179,Age,4,Agree,4,55,65
P0179,Age,5,Agree,4,52,78
P0179,Age,6,Strongly agree,5,60,75
P0179,Age,7,Strongly disagree,1,25,15
P0179,Age,8,Strongly disagree,1,35,20
P0179,Age,9,Strongly disagree,1,38,15
P0179,Age,10,Strongly disagree,1,35,10
P0179,Age,11,Disagree,2,60,35
P0179,Age,12,Strongly disagree,1,42,25
P0180,Individual,1,Strongly agree,5,70,100
P0180,Individual,2,Strongly agree,5,40,40
P0180,Individual,3,Strongly agree,5,60,60
P0180,Individual,4,Strongly agree,5,50,50
P0180,Individual,5,Strongly agree,5,40,40
P0180,Individual,6,Strongly agree,5,40,40
P0180,Individual,7,Strongly disagree,1,50,50
P0180,Individual,8,Strongly disagree,1,50,50
P0180,Individual,9,Strongly disagree,1,30,30
P0180,Individual,10,Strongly disagree,1,30,30
P0180,Individual,11,Strongly disagree,1,50,50
P0180,Individual,12,Strongly disagree,1,60,60
P0181,Conformity,1,Strongly agree,5,77,77
P0181,Conformity,2,Strongly agree,5,88,88
P0181,Conformity,3,Strongly agree,5,84,84
P0181,Conformity,4,Strongly agree,5,86,82
P0181,Conformity,5,Strongly agree,5,47,58
P0181,Conformity,6,Strongly agree,5,71,71
P0181,Conformity,7,Strongly disagree,1,43,13
P0181,Conformity,8,Strongly disagree,1,29,29
P0181,Conformity,9,Strongly disagree,1,40,40
P0181,Conformity,10,Strongly disagree,1,20,19
P0181,Conformity,11,Strongly disagree,1,77,77
P0181,Conformity,12,Strongly disagree,1,45,45
P0182,Season,1,Strongly agree,5,50,90
P0182,Season,2,Strongly agree,5,71,90
P0182,Season,3,Strongly disagree,1,50,92
P0182,Season,4,Disagree,2,50,60
P0182,Season,5,Agree,4,70,70
P0182,Season,6,Strongly agree,5,71,95
P0182,Season,7,Disagree,2,50,10
P0182,Season,8,Strongly disagree,1,50,10
P0182,Season,9,Strongly disagree,1,21,10
P0182,Season,10,Neither agree nor disagree,3,40,14
P0182,Season,11,Strongly disagree,1,50,15
P0182,Season,12,Strongly disagree,1,50,10
P0183,Conformity,1,Agree,4,90,93
P0183,Conformity,2,Strongly agree,5,77,88
P0183,Conformity,3,Agree,4,90,91
P0183,Conformity,4,Strongly disagree,1,20,20
P0183,Conformity,5,Neither agree nor disagree,3,45,45
P0183,Conformity,6,Agree,4,55,81
P0183,Conformity,7,Disagree,2,31,18
P0183,Conformity,8,Strongly disagree,1,9,9
P0183,Conformity,9,Disagree,2,5,5
P0183,Conformity,10,Neither agree nor disagree,3,50,20
P0183,Conformity,11,Agree,4,69,69
P0183,Conformity,12,Disagree,2,45,34
P0184,Individual,1,Strongly agree,5,28,100
P0184,Individual,2,Strongly agree,5,52,52
P0184,Individual,3,Strongly agree,5,75,75
P0184,Individual,4,Strongly agree,5,44,44
P0184,Individual,5,Strongly agree,5,25,25
P0184,Individual,6,Strongly agree,5,8,8
P0184,Individual,7,Strongly disagree,1,95,95
P0184,Individual,8,Strongly disagree,1,67,67
P0184,Individual,9,Strongly disagree,1,34,34
P0184,Individual,10,Strongly disagree,1,82,82
P0184,Individual,11,Strongly disagree,1,98,98
P0184,Individual,12,Strongly disagree,1,37,37
P0185,Conformity,1,Strongly agree,5,62,92
P0185,Conformity,2,Strongly agree,5,76,95
P0185,Conformity,3,Strongly agree,5,86,90
P0185,Conformity,4,Strongly agree,5,29,59
P0185,Conformity,5,Strongly agree,5,20,71
P0185,Conformity,6,Strongly agree,5,25,87
P0185,Conformity,7,Strongly disagree,1,40,10
P0185,Conformity,8,Strongly disagree,1,20,10
P0185,Conformity,9,Strongly disagree,1,39,5
P0185,Conformity,10,Disagree,2,40,20
P0185,Conformity,11,Strongly disagree,1,50,19
P0185,Conformity,12,Strongly disagree,1,26,12
P0186,Individual,1,Disagree,2,29,100
P0186,Individual,2,Agree,4,60,60
P0186,Individual,3,Disagree,2,10,10
P0186,Individual,4,Disagree,2,20,20
P0186,Individual,5,Disagree,2,25,25
P0186,Individual,6,Neither agree nor disagree,3,40,40
P0186,Individual,7,Agree,4,56,56
P0186,Individual,8,Strongly agree,5,90,90
P0186,Individual,9,Disagree,2,8,8
P0186,Individual,10,Agree,4,56,56
P0186,Individual,11,Agree,4,93,93
P0186,Individual,12,Agree,4,92,92
P0187,Age,1,Strongly agree,5,78,95
P0187,Age,2,Strongly agree,5,88,97
P0187,Age,3,Strongly agree,5,94,94
P0187,Age,4,Agree,4,82,65
P0187,Age,5,Strongly agree,5,74,74
P0187,Age,6,Strongly agree,5,88,96
P0187,Age,7,Strongly disagree,1,4,7
P0187,Age,8,Strongly disagree,1,3,3
P0187,Age,9,Strongly disagree,1,10,3
P0187,Age,10,Strongly disagree,1,15,15
P0187,Age,11,Strongly disagree,1,5,12
P0187,Age,12,Strongly disagree,1,5,6
P0188,Individual,1,Agree,4,90,91
P0188,Individual,2,Agree,4,90,94
P0188,Individual,3,Agree,4,70,78
P0188,Individual,4,Disagree,2,71,62
P0188,Individual,5,Neither agree nor disagree,3,71,66
P0188,Individual,6,Agree,4,65,78
P0188,Individual,7,Disagree,2,23,10
P0188,Individual,8,Disagree,2,4,4
P0188,Individual,9,Disagree,2,78,81
P0188,Individual,10,Disagree,2,30,20
P0188,Individual,11,Agree,4,44,63
P0188,Individual,12,Disagree,2,30,22
P0189,Age,1,Strongly agree,5,75,95
P0189,Age,2,Strongly agree,5,90,98
P0189,Age,3,Strongly agree,5,90,96
P0189,Age,4,Agree,4,90,75
P0189,Age,5,Neither agree nor disagree,3,50,81
P0189,Age,6,Strongly agree,5,80,98
P0189,Age,7,Neither agree nor disagree,3,36,20
P0189,Age,8,Disagree,2,20,13
P0189,Age,9,Strongly disagree,1,11,6
P0189,Age,10,Neither agree nor disagree,3,50,18
P0189,Age,11,Disagree,2,40,25
P0189,Age,12,Strongly disagree,1,80,13
P0190,Season,1,Strongly agree,5,90,90
P0190,Season,2,Neither agree nor disagree,3,80,90
P0190,Season,3,Strongly agree,5,90,90
P0190,Season,4,Disagree,2,15,45
P0190,Season,5,Neither agree nor disagree,3,86,75
P0190,Season,6,Strongly agree,5,90,90
P0190,Season,7,Disagree,2,10,10
P0190,Season,8,Neither agree nor disagree,3,10,10
P0190,Season,9,Strongly disagree,1,15,10
P0190,Season,10,Strongly disagree,1,10,13
P0190,Season,11,Strongly disagree,1,46,30
P0190,Season,12,Strongly disagree,1,10,10
P0191,Conformity,1,Strongly agree,5,91,91
P0191,Conformity,2,Strongly agree,5,100,99
P0191,Conformity,3,Agree,4,72,85
P0191,Conformity,4,Disagree,2,18,40
P0191,Conformity,5,Neither agree nor disagree,3,56,70
P0191,Conformity,6,Strongly agree,5,92,92
P0191,Conformity,7,Strongly disagree,1,9,9
P0191,Conformity,8,Strongly disagree,1,3,3
P0191,Conformity,9,Disagree,2,3,3
P0191,Conformity,10,Disagree,2,30,20
P0191,Conformity,11,Disagree,2,50,25
P0191,Conformity,12,Strongly disagree,1,8,8
P0192,Conformity,1,Agree,4,64,87
P0192,Conformity,2,Agree,4,60,77
P0192,Conformity,3,Agree,4,72,85
P0192,Conformity,4,Agree,4,41,41
P0192,Conformity,5,Agree,4,45,63
P0192,Conformity,6,Agree,4,24,71
P0192,Conformity,7,Disagree,2,5,7
P0192,Conformity,8,Disagree,2,11,7
P0192,Conformity,9,Disagree,2,15,5
P0192,Conformity,10,Disagree,2,5,8
P0192,Conformity,11,Disagree,2,48,48
P0192,Conformity,12,Disagree,2,31,10
P0193,Conformity,1,Strongly agree,5,85,95
P0193,Conformity,2,Strongly agree,5,75,94
P0193,Conformity,3,Agree,4,75,85
P0193,Conformity,4,Strongly agree,5,70,65
P0193,Conformity,5,Strongly agree,5,70,70
P0193,Conformity,6,Strongly agree,5,80,90
P0193,Conformity,7,Strongly disagree,1,15,12
P0193,Conformity,8,Strongly disagree,1,50,5
P0193,Conformity,9,Strongly disagree,1,9,3
P0193,Conformity,10,Strongly disagree,1,25,20
P0193,Conformity,11,Strongly disagree,1,35,20
P0193,Conformity,12,Strongly disagree,1,20,10
P0194,Conformity,1,Strongly agree,5,8,80
P0194,Conformity,2,Strongly agree,5,31,95
P0194,Conformity,3,Neither agree nor disagree,3,90,90
P0194,Conformity,4,Strongly agree,5,20,70
P0194,Conformity,5,Strongly agree,5,20,70
P0194,Conformity,6,Strongly agree,5,70,91
P0194,Conformity,7,Disagree,2,40,30
P0194,Conformity,8,Neither agree nor disagree,3,40,5
P0194,Conformity,9,Strongly disagree,1,30,10
P0194,Conformity,10,Agree,4,80,20
P0194,Conformity,11,Strongly disagree,1,85,40
P0194,Conformity,12,Strongly disagree,1,70,10
P0195,Prestige,1,Strongly agree,5,70,85
P0195,Prestige,2,Strongly agree,5,98,98
P0195,Prestige,3,Strongly agree,5,90,90
P0195,Prestige,4,Disagree,2,50,50
P0195,Prestige,5,Neither agree nor disagree,3,50,50
P0195,Prestige,6,Strongly agree,5,95,95
P0195,Prestige,7,Neither agree nor disagree,3,20,12
P0195,Prestige,8,Strongly disagree,1,10,8
P0195,Prestige,9,Strongly disagree,1,30,10
P0195,Prestige,10,Disagree,2,10,10
P0195,Prestige,11,Neither agree nor disagree,3,75,50
P0195,Prestige,12,Strongly disagree,1,10,10
P0196,Age,1,Strongly agree,5,86,91
P0196,Age,2,Strongly agree,5,86,91
P0196,Age,3,Strongly agree,5,92,92
P0196,Age,4,Disagree,2,45,48
P0196,Age,5,Neither agree nor disagree,3,68,68
P0196,Age,6,Strongly agree,5,83,85
P0196,Age,7,Strongly disagree,1,13,13
P0196,Age,8,Disagree,2,26,9
P0196,Age,9,Strongly disagree,1,12,7
P0196,Age,10,Strongly disagree,1,16,16
P0196,Age,11,Disagree,2,38,25
P0196,Age,12,Strongly disagree,1,7,7
P0197,Age,1,Strongly agree,5,83,96
P0197,Age,2,Strongly agree,5,82,97
P0197,Age,3,Strongly agree,5,81,94
P0197,Age,4,Strongly agree,5,85,75
P0197,Age,5,Strongly agree,5,44,81
P0197,Age,6,Strongly agree,5,76,92
P0197,Age,7,Strongly disagree,1,8,6
P0197,Age,8,Strongly disagree,1,19,3
P0197,Age,9,Strongly disagree,1,11,3
P0197,Age,10,Neither agree nor disagree,3,9,9
P0197,Age,11,Strongly disagree,1,11,15
P0197,Age,12,Strongly disagree,1,29,17
P0198,Season,1,Strongly agree,5,89,89
P0198,Season,2,Strongly agree,5,51,51
P0198,Season,3,Agree,4,79,79
P0198,Season,4,Strongly agree,5,90,90
P0198,Season,5,Neither agree nor disagree,3,65,69
P0198,Season,6,Agree,4,48,48
P0198,Season,7,Strongly disagree,1,12,12
P0198,Season,8,Strongly disagree,1,41,17
P0198,Season,9,Strongly disagree,1,40,22
P0198,Season,10,Disagree,2,9,9
P0198,Season,11,Disagree,2,54,54
P0198,Season,12,Disagree,2,19,11
P0199,Season,1,Strongly agree,5,85,90
P0199,Season,2,Strongly agree,5,95,95
P0199,Season,3,Strongly agree,5,80,87
P0199,Season,4,Agree,4,75,60
P0199,Season,5,Strongly agree,5,65,67
P0199,Season,6,Strongly agree,5,85,90
P0199,Season,7,Strongly disagree,1,15,10
P0199,Season,8,Strongly disagree,1,25,5
P0199,Season,9,Strongly disagree,1,25,5
P0199,Season,10,Strongly disagree,1,15,15
P0199,Season,11,Disagree,2,70,20
P0199,Season,12,Strongly disagree,1,30,10
P0200,Prestige,1,Strongly agree,5,58,63
P0200,Prestige,2,Strongly agree,5,58,62
P0200,Prestige,3,Strongly agree,5,38,38
P0200,Prestige,4,Strongly agree,5,32,38
P0200,Prestige,5,Strongly agree,5,32,36
P0200,Prestige,6,Strongly agree,5,36,36
P0200,Prestige,7,Strongly disagree,1,79,79
P0200,Prestige,8,Strongly disagree,1,64,38
P0200,Prestige,9,Strongly disagree,1,66,57
P0200,Prestige,10,Neither agree nor disagree,3,84,74
P0200,Prestige,11,Strongly disagree,1,75,73
P0200,Prestige,12,Strongly disagree,1,90,86
P0201,Season,1,Strongly agree,5,83,91
P0201,Season,2,Strongly agree,5,95,95
P0201,Season,3,Strongly agree,5,83,90
P0201,Season,4,Strongly agree,5,74,74
P0201,Season,5,Agree,4,78,78
P0201,Season,6,Strongly agree,5,61,61
P0201,Season,7,Strongly disagree,1,34,34
P0201,Season,8,Strongly disagree,1,20,20
P0201,Season,9,Strongly disagree,1,13,13
P0201,Season,10,Strongly disagree,1,29,20
P0201,Season,11,Strongly disagree,1,36,14
P0201,Season,12,Strongly disagree,1,43,8
P0202,Season,1,Agree,4,81,96
P0202,Season,2,Agree,4,91,94
P0202,Season,3,Agree,4,90,90
P0202,Season,4,Neither agree nor disagree,3,67,67
P0202,Season,5,Agree,4,81,81
P0202,Season,6,Agree,4,95,95
P0202,Season,7,Disagree,2,51,40
P0202,Season,8,Disagree,2,10,10
P0202,Season,9,Disagree,2,32,22
P0202,Season,10,Disagree,2,54,29
P0202,Season,11,Neither agree nor disagree,3,45,35
P0202,Season,12,Disagree,2,10,10
P0203,Conformity,1,Strongly agree,5,90,90
P0203,Conformity,2,Strongly agree,5,90,90
P0203,Conformity,3,Strongly agree,5,85,90
P0203,Conformity,4,Neither agree nor disagree,3,70,67
P0203,Conformity,5,Neither agree nor disagree,3,70,70
P0203,Conformity,6,Strongly agree,5,85,90
P0203,Conformity,7,Disagree,2,20,12
P0203,Conformity,8,Strongly disagree,1,10,8
P0203,Conformity,9,Strongly disagree,1,15,6
P0203,Conformity,10,Disagree,2,20,18
P0203,Conformity,11,Neither agree nor disagree,3,25,20
P0203,Conformity,12,Strongly disagree,1,20,12
P0204,Prestige,1,Strongly agree,5,50,90
P0204,Prestige,2,Strongly agree,5,65,85
P0204,Prestige,3,Strongly agree,5,65,85
P0204,Prestige,4,Strongly agree,5,25,50
P0204,Prestige,5,Strongly agree,5,25,71
P0204,Prestige,6,Strongly agree,5,60,90
P0204,Prestige,7,Strongly disagree,1,20,10
P0204,Prestige,8,Strongly disagree,1,60,30
P0204,Prestige,9,Strongly disagree,1,0,0
P0204,Prestige,10,Strongly disagree,1,70,20
P0204,Prestige,11,Strongly disagree,1,75,50
P0204,Prestige,12,Strongly disagree,1,14,10
P0205,Prestige,1,Strongly agree,5,96,96
P0205,Prestige,2,Agree,4,87,93
P0205,Prestige,3,Strongly agree,5,82,82
P0205,Prestige,4,Agree,4,61,61
P0205,Prestige,5,Strongly agree,5,75,75
P0205,Prestige,6,Strongly agree,5,91,91
P0205,Prestige,7,Strongly disagree,1,5,5
P0205,Prestige,8,Strongly disagree,1,15,11
P0205,Prestige,9,Strongly disagree,1,9,9
P0205,Prestige,10,Disagree,2,30,19
P0205,Prestige,11,Strongly disagree,1,60,20
P0205,Prestige,12,Strongly disagree,1,17,17
P0206,Prestige,1,Strongly agree,5,96,96
P0206,Prestige,2,Strongly agree,5,89,89
P0206,Prestige,3,Strongly agree,5,93,93
P0206,Prestige,4,Agree,4,40,40
P0206,Prestige,5,Agree,4,53,53
P0206,Prestige,6,Strongly agree,5,55,55
P0206,Prestige,7,Disagree,2,52,42
P0206,Prestige,8,Strongly disagree,1,54,41
P0206,Prestige,9,Agree,4,58,47
P0206,Prestige,10,Disagree,2,46,46
P0206,Prestige,11,Strongly disagree,1,45,45
P0206,Prestige,12,Strongly disagree,1,55,55
P0207,Conformity,1,Strongly agree,5,100,100
P0207,Conformity,2,Strongly agree,5,92,96
P0207,Conformity,3,Strongly agree,5,98,95
P0207,Conformity,4,Disagree,2,18,45
P0207,Conformity,5,Agree,4,69,70
P0207,Conformity,6,Strongly agree,5,96,96
P0207,Conformity,7,Strongly disagree,1,11,11
P0207,Conformity,8,Strongly disagree,1,18,7
P0207,Conformity,9,Strongly disagree,1,13,6
P0207,Conformity,10,Strongly disagree,1,12,14
P0207,Conformity,11,Disagree,2,22,18
P0207,Conformity,12,Strongly disagree,1,10,9
P0208,Conformity,1,Strongly agree,5,31,56
P0208,Conformity,2,Strongly agree,5,59,70
P0208,Conformity,3,Strongly agree,5,29,29
P0208,Conformity,4,Agree,4,33,59
P0208,Conformity,5,Strongly agree,5,59,69
P0208,Conformity,6,Strongly agree,5,45,69
P0208,Conformity,7,Agree,4,52,27
P0208,Conformity,8,Strongly disagree,1,71,58
P0208,Conformity,9,Strongly disagree,1,75,73
P0208,Conformity,10,Neither agree nor disagree,3,98,34
P0208,Conformity,11,Agree,4,94,94
P0208,Conformity,12,Strongly disagree,1,52,46
P0209,Season,1,Strongly agree,5,80,80
P0209,Season,2,Strongly agree,5,100,98
P0209,Season,3,Strongly agree,5,100,95
P0209,Season,4,Disagree,2,19,35
P0209,Season,5,Agree,4,45,58
P0209,Season,6,Strongly agree,5,77,82
P0209,Season,7,Strongly disagree,1,11,11
P0209,Season,8,Neither agree nor disagree,3,14,14
P0209,Season,9,Disagree,2,0,1
P0209,Season,10,Disagree,2,57,18
P0209,Season,11,Strongly disagree,1,33,25
P0209,Season,12,Strongly disagree,1,0,5
P0210,Prestige,1,Strongly agree,5,70,85
P0210,Prestige,2,Strongly agree,5,80,85
P0210,Prestige,3,Strongly agree,5,95,95
P0210,Prestige,4,Agree,4,65,65
P0210,Prestige,5,Agree,4,75,75
P0210,Prestige,6,Strongly agree,5,75,80
P0210,Prestige,7,Strongly disagree,1,20,20
P0210,Prestige,8,Strongly disagree,1,5,5
P0210,Prestige,9,Strongly disagree,1,5,5
P0210,Prestige,10,Disagree,2,25,25
P0210,Prestige,11,Disagree,2,45,30
P0210,Prestige,12,Strongly disagree,1,30,30
P0211,Individual,1,Strongly agree,5,85,90
P0211,Individual,2,Strongly agree,5,95,95
P0211,Individual,3,Strongly agree,5,95,95
P0211,Individual,4,Disagree,2,65,50
P0211,Individual,5,Neither agree nor disagree,3,60,60
P0211,Individual,6,Strongly agree,5,96,96
P0211,Individual,7,Neither agree nor disagree,3,55,55
P0211,Individual,8,Disagree,2,20,10
P0211,Individual,9,Strongly disagree,1,50,40
P0211,Individual,10,Disagree,2,50,50
P0211,Individual,11,Disagree,2,65,65
P0211,Individual,12,Disagree,2,15,15
P0212,Conformity,1,Agree,4,71,71
P0212,Conformity,2,Strongly agree,5,100,100
P0212,Conformity,3,Disagree,2,61,61
P0212,Conformity,4,Disagree,2,0,46
P0212,Conformity,5,Disagree,2,51,51
P0212,Conformity,6,Disagree,2,100,100
P0212,Conformity,7,Strongly agree,5,51,51
P0212,Conformity,8,Strongly disagree,1,0,0
P0212,Conformity,9,Disagree,2,0,0
P0212,Conformity,10,Disagree,2,8,17
P0212,Conformity,11,Agree,4,60,60
P0212,Conformity,12,Strongly agree,5,84,84
P0213,Prestige,1,Strongly agree,5,75,85
P0213,Prestige,2,Strongly agree,5,85,90
P0213,Prestige,3,Strongly agree,5,90,90
P0213,Prestige,4,Strongly agree,5,65,65
P0213,Prestige,5,Strongly agree,5,85,80
P0213,Prestige,6,Strongly agree,5,65,85
P0213,Prestige,7,Strongly disagree,1,40,40
P0213,Prestige,8,Strongly disagree,1,25,15
P0213,Prestige,9,Strongly disagree,1,45,15
P0213,Prestige,10,Disagree,2,30,25
P0213,Prestige,11,Strongly disagree,1,49,30
P0213,Prestige,12,Strongly disagree,1,60,20
P0214,Prestige,1,Strongly agree,5,99,99
P0214,Prestige,2,Strongly agree,5,97,97
P0214,Prestige,3,Strongly agree,5,95,95
P0214,Prestige,4,Strongly agree,5,81,81
P0214,Prestige,5,Strongly agree,5,81,81
P0214,Prestige,6,Strongly agree,5,81,81
P0214,Prestige,7,Strongly disagree,1,2,2
P0214,Prestige,8,Strongly disagree,1,36,12
P0214,Prestige,9,Strongly disagree,1,0,0
P0214,Prestige,10,Strongly disagree,1,20,20
P0214,Prestige,11,Strongly disagree,1,43,43
P0214,Prestige,12,Strongly disagree,1,32,32
P0215,Prestige,1,Agree,4,54,59
P0215,Prestige,2,Strongly agree,5,66,66
P0215,Prestige,3,Agree,4,52,53
P0215,Prestige,4,Neither agree nor disagree,3,29,37
P0215,Prestige,5,Neither agree nor disagree,3,42,42
P0215,Prestige,6,Agree,4,32,32
P0215,Prestige,7,Disagree,2,71,71
P0215,Prestige,8,Neither agree nor disagree,3,73,73
P0215,Prestige,9,Disagree,2,71,71
P0215,Prestige,10,Agree,4,75,75
P0215,Prestige,11,Agree,4,55,55
P0215,Prestige,12,Agree,4,76,80
P0216,Individual,1,Strongly agree,5,86,95
P0216,Individual,2,Strongly agree,5,98,98
P0216,Individual,3,Strongly agree,5,65,80
P0216,Individual,4,Disagree,2,25,20
P0216,Individual,5,Agree,4,52,60
P0216,Individual,6,Strongly agree,5,70,75
P0216,Individual,7,Disagree,2,15,30
P0216,Individual,8,Strongly disagree,1,20,15
P0216,Individual,9,Strongly disagree,1,3,2
P0216,Individual,10,Disagree,2,47,35
P0216,Individual,11,Disagree,2,64,55
P0216,Individual,12,Strongly disagree,1,20,15
P0217,Age,1,Strongly agree,5,80,95
P0217,Age,2,Strongly agree,5,90,90
P0217,Age,3,Strongly agree,5,50,90
P0217,Age,4,Agree,4,10,65
P0217,Age,5,Agree,4,20,66
P0217,Age,6,Strongly agree,5,20,90
P0217,Age,7,Disagree,2,50,15
P0217,Age,8,Strongly disagree,1,30,10
P0217,Age,9,Strongly disagree,1,15,5
P0217,Age,10,Disagree,2,40,16
P0217,Age,11,Strongly disagree,1,70,20
P0217,Age,12,Strongly disagree,1,80,10
P0218,Prestige,1,Strongly agree,5,95,95
P0218,Prestige,2,Strongly agree,5,78,78
P0218,Prestige,3,Strongly agree,5,93,93
P0218,Prestige,4,Agree,4,55,55
P0218,Prestige,5,Agree,4,38,44
P0218,Prestige,6,Strongly agree,5,89,92
P0218,Prestige,7,Strongly disagree,1,28,23
P0218,Prestige,8,Strongly disagree,1,62,39
P0218,Prestige,9,Strongly disagree,1,36,20
P0218,Prestige,10,Disagree,2,44,31
P0218,Prestige,11,Disagree,2,71,41
P0218,Prestige,12,Strongly disagree,1,14,14
P0219,Conformity,1,Strongly agree,5,62,70
P0219,Conformity,2,Strongly agree,5,99,99
P0219,Conformity,3,Strongly agree,5,92,92
P0219,Conformity,4,Neither agree nor disagree,3,50,50
P0219,Conformity,5,Strongly agree,5,86,86
P0219,Conformity,6,Strongly agree,5,87,87
P0219,Conformity,7,Strongly disagree,1,29,29
P0219,Conformity,8,Strongly disagree,1,50,25
P0219,Conformity,9,Strongly disagree,1,12,12
P0219,Conformity,10,Strongly disagree,1,29,0
P0219,Conformity,11,Disagree,2,67,39
P0219,Conformity,12,Strongly disagree,1,79,38
P0220,Prestige,1,Strongly agree,5,100,100
P0220,Prestige,2,Strongly agree,5,62,81
P0220,Prestige,3,Agree,4,74,74
P0220,Prestige,4,Strongly agree,5,65,74
P0220,Prestige,5,Neither agree nor disagree,3,52,52
P0220,Prestige,6,Agree,4,49,49
P0220,Prestige,7,Disagree,2,40,40
P0220,Prestige,8,Agree,4,49,49
P0220,Prestige,9,Strongly disagree,1,69,69
P0220,Prestige,10,Agree,4,63,46
P0220,Prestige,11,Neither agree nor disagree,3,86,88
P0220,Prestige,12,Disagree,2,60,60
P0221,Age,1,Agree,4,77,92
P0221,Age,2,Strongly agree,5,96,96
P0221,Age,3,Agree,4,75,83
P0221,Age,4,Agree,4,97,63
P0221,Age,5,Strongly agree,5,82,75
P0221,Age,6,Strongly agree,5,71,93
P0221,Age,7,Strongly disagree,1,14,14
P0221,Age,8,Strongly disagree,1,12,9
P0221,Age,9,Strongly disagree,1,0,2
P0221,Age,10,Disagree,2,55,26
P0221,Age,11,Strongly disagree,1,7,13
P0221,Age,12,Strongly disagree,1,42,16
P0222,Age,1,Strongly agree,5,100,100
P0222,Age,2,Strongly agree,5,100,100
P0222,Age,3,Strongly agree,5,97,98
P0222,Age,4,Agree,4,98,95
P0222,Age,5,Neither agree nor disagree,3,13,44
P0222,Age,6,Agree,4,100,100
P0222,Age,7,Disagree,2,2,2
P0222,Age,8,Strongly disagree,1,0,1
P0222,Age,9,Disagree,2,0,0
P0222,Age,10,Disagree,2,0,1
P0222,Age,11,Strongly disagree,1,5,3
P0222,Age,12,Disagree,2,1,3
P0223,Season,1,Agree,4,92,92
P0223,Season,2,Strongly agree,5,71,79
P0223,Season,3,Strongly agree,5,40,74
P0223,Season,4,Agree,4,75,65
P0223,Season,5,Neither agree nor disagree,3,49,65
P0223,Season,6,Strongly agree,5,75,87
P0223,Season,7,Disagree,2,21,14
P0223,Season,8,Disagree,2,25,14
P0223,Season,9,Disagree,2,11,7
P0223,Season,10,Neither agree nor disagree,3,20,18
P0223,Season,11,Disagree,2,30,23
P0223,Season,12,Disagree,2,55,21
P0224,Age,1,Strongly agree,5,92,92
P0224,Age,2,Strongly agree,5,92,92
P0224,Age,3,Strongly agree,5,91,91
P0224,Age,4,Disagree,2,50,50
P0224,Age,5,Strongly agree,5,71,71
P0224,Age,6,Strongly agree,5,77,77
P0224,Age,7,Agree,4,30,30
P0224,Age,8,Strongly disagree,1,19,19
P0224,Age,9,Strongly disagree,1,20,20
P0224,Age,10,Agree,4,40,40
P0224,Age,11,Agree,4,76,76
P0224,Age,12,Strongly disagree,1,14,14
P0225,Conformity,1,Strongly agree,5,45,45
P0225,Conformity,2,Strongly agree,5,90,90
P0225,Conformity,3,Strongly agree,5,55,75
P0225,Conformity,4,Agree,4,40,40
P0225,Conformity,5,Strongly agree,5,65,65
P0225,Conformity,6,Strongly agree,5,79,83
P0225,Conformity,7,Strongly disagree,1,2,12
P0225,Conformity,8,Strongly disagree,1,5,5
P0225,Conformity,9,Strongly disagree,1,15,13
P0225,Conformity,10,Strongly disagree,1,20,0
P0225,Conformity,11,Strongly disagree,1,40,40
P0225,Conformity,12,Strongly disagree,1,39,39
P0226,Individual,1,Strongly agree,5,92,100
P0226,Individual,2,Strongly agree,5,93,93
P0226,Individual,3,Strongly agree,5,87,87
P0226,Individual,4,Agree,4,89,89
P0226,Individual,5,Disagree,2,9,9
P0226,Individual,6,Agree,4,57,57
P0226,Individual,7,Agree,4,51,51
P0226,Individual,8,Strongly disagree,1,6,6
P0226,Individual,9,Disagree,2,7,7
P0226,Individual,10,Agree,4,42,42
P0226,Individual,11,Strongly disagree,1,7,7
P0226,Individual,12,Strongly disagree,1,71,71
P0227,Prestige,1,Strongly agree,5,97,97
P0227,Prestige,2,Strongly agree,5,95,95
P0227,Prestige,3,Strongly agree,5,95,94
P0227,Prestige,4,Agree,4,78,78
P0227,Prestige,5,Agree,4,87,87
P0227,Prestige,6,Strongly agree,5,95,95
P0227,Prestige,7,Strongly disagree,1,5,5
P0227,Prestige,8,Disagree,2,6,6
P0227,Prestige,9,Disagree,2,8,8
P0227,Prestige,10,Strongly disagree,1,3,3
P0227,Prestige,11,Disagree,2,22,19
P0227,Prestige,12,Strongly disagree,1,11,11
P0228,Age,1,Neither agree nor disagree,3,58,83
P0228,Age,2,Agree,4,87,87
P0228,Age,3,Agree,4,82,87
P0228,Age,4,Disagree,2,45,53
P0228,Age,5,Neither agree nor disagree,3,72,72
P0228,Age,6,Agree,4,88,90
P0228,Age,7,Neither agree nor disagree,3,17,17
P0228,Age,8,Disagree,2,7,7
P0228,Age,9,Disagree,2,13,10
P0228,Age,10,Agree,4,36,30
P0228,Age,11,Agree,4,49,25
P0228,Age,12,Neither agree nor disagree,3,10,10
P0229,Individual,1,Agree,4,60,100
P0229,Individual,2,Agree,4,50,50
P0229,Individual,3,Strongly agree,5,70,70
P0229,Individual,4,Strongly agree,5,70,70
P0229,Individual,5,Disagree,2,20,59
P0229,Individual,6,Strongly agree,5,80,80
P0229,Individual,7,Disagree,2,14,10
P0229,Individual,8,Strongly disagree,1,53,50
P0229,Individual,9,Disagree,2,40,30
P0229,Individual,10,Agree,4,43,10
P0229,Individual,11,Agree,4,90,90
P0229,Individual,12,Disagree,2,10,30
P0230,Conformity,1,Strongly agree,5,58,93
P0230,Conformity,2,Strongly agree,5,90,96
P0230,Conformity,3,Strongly agree,5,66,91
P0230,Conformity,4,Strongly agree,5,33,50
P0230,Conformity,5,Strongly agree,5,41,71
P0230,Conformity,6,Strongly agree,5,34,95
P0230,Conformity,7,Strongly disagree,1,52,10
P0230,Conformity,8,Strongly disagree,1,33,6
P0230,Conformity,9,Strongly disagree,1,43,5
P0230,Conformity,10,Strongly disagree,1,56,15
P0230,Conformity,11,Strongly disagree,1,43,15
P0230,Conformity,12,Strongly disagree,1,45,10
P0231,Season,1,Strongly agree,5,80,90
P0231,Season,2,Strongly agree,5,95,95
P0231,Season,3,Strongly agree,5,95,90
P0231,Season,4,Disagree,2,45,55
P0231,Season,5,Agree,4,75,70
P0231,Season,6,Strongly agree,5,85,90
P0231,Season,7,Disagree,2,20,15
P0231,Season,8,Strongly disagree,1,15,10
P0231,Season,9,Strongly disagree,1,5,5
P0231,Season,10,Agree,4,15,15
P0231,Season,11,Disagree,2,20,20
P0231,Season,12,Disagree,2,20,10
P0232,Individual,1,Agree,4,45,69
P0232,Individual,2,Strongly agree,5,60,56
P0232,Individual,3,Strongly disagree,1,71,77
P0232,Individual,4,Agree,4,53,74
P0232,Individual,5,Agree,4,39,57
P0232,Individual,6,Disagree,2,45,57
P0232,Individual,7,Agree,4,64,74
P0232,Individual,8,Agree,4,65,69
P0232,Individual,9,Neither agree nor disagree,3,43,47
P0232,Individual,10,Disagree,2,42,58
P0232,Individual,11,Agree,4,72,81
P0232,Individual,12,Agree,4,79,69
P0233,Conformity,1,Strongly agree,5,92,92
P0233,Conformity,2,Strongly agree,5,94,95
P0233,Conformity,3,Strongly agree,5,84,90
P0233,Conformity,4,Strongly agree,5,84,70
P0233,Conformity,5,Strongly agree,5,81,73
P0233,Conformity,6,Strongly agree,5,86,90
P0233,Conformity,7,Strongly disagree,1,18,15
P0233,Conformity,8,Strongly disagree,1,7,7
P0233,Conformity,9,Strongly disagree,1,10,6
P0233,Conformity,10,Strongly disagree,1,18,16
P0233,Conformity,11,Strongly disagree,1,32,20
P0233,Conformity,12,Strongly disagree,1,17,10
P0234,Age,1,Strongly agree,5,100,93
P0234,Age,2,Strongly agree,5,100,96
P0234,Age,3,Agree,4,70,91
P0234,Age,4,Strongly agree,5,90,60
P0234,Age,5,Strongly agree,5,90,90
P0234,Age,6,Strongly agree,5,100,95
P0234,Age,7,Disagree,2,30,30
P0234,Age,8,Strongly agree,5,90,5
P0234,Age,9,Agree,4,20,3
P0234,Age,10,Neither agree nor disagree,3,30,15
P0234,Age,11,Neither agree nor disagree,3,60,15
P0234,Age,12,Neither agree nor disagree,3,30,8
P0235,Season,1,Strongly agree,5,90,90
P0235,Season,2,Strongly agree,5,80,80
P0235,Season,3,Strongly agree,5,85,90
P0235,Season,4,Strongly agree,5,50,60
P0235,Season,5,Strongly agree,5,85,71
P0235,Season,6,Strongly agree,5,70,85
P0235,Season,7,Strongly disagree,1,25,13
P0235,Season,8,Strongly disagree,1,20,10
P0235,Season,9,Strongly disagree,1,15,8
P0235,Season,10,Strongly disagree,1,30,17
P0235,Season,11,Strongly disagree,1,50,30
P0235,Season,12,Strongly disagree,1,55,30
P0236,Age,1,Strongly disagree,1,45,75
P0236,Age,2,Disagree,2,90,95
P0236,Age,3,Strongly disagree,1,52,75
P0236,Age,4,Strongly disagree,1,40,55
P0236,Age,5,Strongly disagree,1,56,61
P0236,Age,6,Strongly disagree,1,31,75
P0236,Age,7,Agree,4,60,30
P0236,Age,8,Strongly agree,5,60,25
P0236,Age,9,Agree,4,25,10
P0236,Age,10,Strongly agree,5,62,40
P0236,Age,11,Strongly agree,5,62,30
P0236,Age,12,Strongly agree,5,65,25
P0237,Prestige,1,Neither agree nor disagree,3,95,95
P0237,Prestige,2,Strongly agree,5,98,98
P0237,Prestige,3,Neither agree nor disagree,3,90,90
P0237,Prestige,4,Neither agree nor disagree,3,70,60
P0237,Prestige,5,Neither agree nor disagree,3,75,75
P0237,Prestige,6,Neither agree nor disagree,3,85,85
P0237,Prestige,7,Agree,4,30,10
P0237,Prestige,8,Neither agree nor disagree,3,10,5
P0237,Prestige,9,Neither agree nor disagree,3,15,3
P0237,Prestige,10,Strongly agree,5,40,15
P0237,Prestige,11,Neither agree nor disagree,3,25,15
P0237,Prestige,12,Neither agree nor disagree,3,25,25
P0238,Season,1,Strongly agree,5,95,95
P0238,Season,2,Agree,4,92,92
P0238,Season,3,Strongly agree,5,80,93
P0238,Season,4,Disagree,2,23,58
P0238,Season,5,Disagree,2,59,67
P0238,Season,6,Neither agree nor disagree,3,70,88
P0238,Season,7,Disagree,2,36,11
P0238,Season,8,Neither agree nor disagree,3,21,8
P0238,Season,9,Neither agree nor disagree,3,12,5
P0238,Season,10,Disagree,2,36,15
P0238,Season,11,Neither agree nor disagree,3,22,18
P0238,Season,12,Agree,4,23,14
P0239,Individual,1,Strongly disagree,1,25,100
P0239,Individual,2,Strongly agree,5,71,71
P0239,Individual,3,Strongly agree,5,46,46
P0239,Individual,4,Strongly agree,5,77,77
P0239,Individual,5,Strongly disagree,1,23,23
P0239,Individual,6,Strongly disagree,1,54,54
P0239,Individual,7,Strongly disagree,1,30,30
P0239,Individual,8,Strongly disagree,1,45,45
P0239,Individual,9,Strongly disagree,1,13,13
P0239,Individual,10,Agree,4,10,10
P0239,Individual,11,Strongly agree,5,60,60
P0239,Individual,12,Strongly agree,5,40,40
P0240,Prestige,1,Strongly agree,5,99,99
P0240,Prestige,2,Strongly agree,5,100,96
P0240,Prestige,3,Strongly agree,5,99,99
P0240,Prestige,4,Agree,4,85,85
P0240,Prestige,5,Strongly agree,5,95,95
P0240,Prestige,6,Strongly agree,5,77,83
P0240,Prestige,7,Disagree,2,12,12
P0240,Prestige,8,Strongly disagree,1,4,4
P0240,Prestige,9,Strongly disagree,1,2,2
P0240,Prestige,10,Disagree,2,10,10
P0240,Prestige,11,Agree,4,80,39
P0240,Prestige,12,Disagree,2,65,15
P0241,Season,1,Strongly agree,5,66,66
P0241,Season,2,Strongly agree,5,42,42
P0241,Season,3,Strongly agree,5,36,36
P0241,Season,4,Strongly agree,5,27,27
P0241,Season,5,Agree,4,11,11
P0241,Season,6,Strongly agree,5,32,32
P0241,Season,7,Disagree,2,88,88
P0241,Season,8,Disagree,2,34,34
P0241,Season,9,Strongly disagree,1,58,58
P0241,Season,10,Disagree,2,82,82
P0241,Season,11,Disagree,2,86,86
P0241,Season,12,Strongly disagree,1,83,83
P0242,Age,1,Agree,4,100,100
P0242,Age,2,Agree,4,87,87
P0242,Age,3,Agree,4,90,90
P0242,Age,4,Neither agree nor disagree,3,70,70
P0242,Age,5,Agree,4,64,64
P0242,Age,6,Neither agree nor disagree,3,100,100
P0242,Age,7,Agree,4,63,16
P0242,Age,8,Neither agree nor disagree,3,0,0
P0242,Age,9,Agree,4,20,5
P0242,Age,10,Agree,4,66,13
P0242,Age,11,Neither agree nor disagree,3,35,35
P0242,Age,12,Strongly disagree,1,0,0
P0243,Conformity,1,Agree,4,68,68
P0243,Conformity,2,Strongly agree,5,84,84
P0243,Conformity,3,Strongly agree,5,92,92
P0243,Conformity,4,Agree,4,40,40
P0243,Conformity,5,Agree,4,29,29
P0243,Conformity,6,Strongly agree,5,79,79
P0243,Conformity,7,Disagree,2,65,65
P0243,Conformity,8,Disagree,2,76,16
P0243,Conformity,9,Disagree,2,24,24
P0243,Conformity,10,Neither agree nor disagree,3,58,0
P0243,Conformity,11,Neither agree nor disagree,3,57,57
P0243,Conformity,12,Strongly disagree,1,37,37
P0244,Age,1,Strongly agree,5,94,94
P0244,Age,2,Strongly agree,5,87,92
P0244,Age,3,Strongly agree,5,94,94
P0244,Age,4,Strongly agree,5,78,66
P0244,Age,5,Strongly agree,5,51,66
P0244,Age,6,Strongly agree,5,86,90
P0244,Age,7,Strongly disagree,1,17,11
P0244,Age,8,Disagree,2,7,7
P0244,Age,9,Strongly disagree,1,8,8
P0244,Age,10,Strongly disagree,1,79,15
P0244,Age,11,Disagree,2,38,14
P0244,Age,12,Strongly disagree,1,5,5
P0245,Individual,1,Strongly agree,5,85,100
P0245,Individual,2,Strongly agree,5,87,87
P0245,Individual,3,Strongly agree,5,68,68
P0245,Individual,4,Agree,4,55,55
P0245,Individual,5,Strongly agree,5,72,72
P0245,Individual,6,Strongly agree,5,64,64
P0245,Individual,7,Strongly disagree,1,31,31
P0245,Individual,8,Strongly disagree,1,27,27
P0245,Individual,9,Strongly disagree,1,12,12
P0245,Individual,10,Strongly disagree,1,35,35
P0245,Individual,11,Strongly disagree,1,41,41
P0245,Individual,12,Strongly disagree,1,21,21
P0246,Individual,1,Neither agree nor disagree,3,8,100
P0246,Individual,2,Agree,4,95,95
P0246,Individual,3,Neither agree nor disagree,3,48,48
P0246,Individual,4,Disagree,2,24,24
P0246,Individual,5,Agree,4,52,52
P0246,Individual,6,Agree,4,97,97
P0246,Individual,7,Disagree,2,4,4
P0246,Individual,8,Disagree,2,8,8
P0246,Individual,9,Disagree,2,10,10
P0246,Individual,10,Neither agree nor disagree,3,3,3
P0246,Individual,11,Neither agree nor disagree,3,70,70
P0246,Individual,12,Neither agree nor disagree,3,12,12
P0247,Conformity,1,Strongly agree,5,91,91
P0247,Conformity,2,Agree,4,80,80
P0247,Conformity,3,Strongly agree,5,77,77
P0247,Conformity,4,Disagree,2,43,50
P0247,Conformity,5,Strongly agree,5,65,65
P0247,Conformity,6,Strongly agree,5,68,69
P0247,Conformity,7,Strongly disagree,1,16,16
P0247,Conformity,8,Disagree,2,10,10
P0247,Conformity,9,Strongly disagree,1,9,9
P0247,Conformity,10,Disagree,2,18,0
P0247,Conformity,11,Strongly disagree,1,21,21
P0247,Conformity,12,Strongly disagree,1,36,36
P0248,Prestige,1,Strongly agree,5,60,60
P0248,Prestige,2,Strongly agree,5,65,65
P0248,Prestige,3,Strongly agree,5,82,82
P0248,Prestige,4,Strongly agree,5,70,70
P0248,Prestige,5,Strongly agree,5,60,60
P0248,Prestige,6,Strongly agree,5,60,60
P0248,Prestige,7,Disagree,2,60,60
P0248,Prestige,8,Disagree,2,10,10
P0248,Prestige,9,Strongly disagree,1,10,10
P0248,Prestige,10,Neither agree nor disagree,3,51,51
P0248,Prestige,11,Disagree,2,10,10
P0248,Prestige,12,Strongly disagree,1,60,60
P0249,Season,1,Strongly agree,5,88,88
P0249,Season,2,Strongly agree,5,81,81
P0249,Season,3,Strongly agree,5,87,87
P0249,Season,4,Agree,4,62,62
P0249,Season,5,Strongly agree,5,41,41
P0249,Season,6,Strongly agree,5,84,84
P0249,Season,7,Strongly disagree,1,3,3
P0249,Season,8,Disagree,2,25,25
P0249,Season,9,Strongly disagree,1,12,8
P0249,Season,10,Strongly disagree,1,20,20
P0249,Season,11,Strongly disagree,1,20,20
P0249,Season,12,Strongly disagree,1,20,20
P0250,Prestige,1,Agree,4,70,70
P0250,Prestige,2,Agree,4,84,84
P0250,Prestige,3,Agree,4,84,84
P0250,Prestige,4,Agree,4,81,81
P0250,Prestige,5,Neither agree nor disagree,3,18,18
P0250,Prestige,6,Agree,4,83,83
P0250,Prestige,7,Disagree,2,10,10
P0250,Prestige,8,Disagree,2,10,10
P0250,Prestige,9,Disagree,2,18,18
P0250,Prestige,10,Disagree,2,14,14
P0250,Prestige,11,Disagree,2,10,10
P0250,Prestige,12,Disagree,2,15,15
P0251,Age,1,Strongly agree,5,100,95
P0251,Age,2,Strongly agree,5,100,95
P0251,Age,3,Strongly agree,5,75,83
P0251,Age,4,Disagree,2,40,50
P0251,Age,5,Agree,4,50,66
P0251,Age,6,Strongly agree,5,90,93
P0251,Age,7,Disagree,2,25,15
P0251,Age,8,Strongly disagree,1,15,10
P0251,Age,9,Strongly disagree,1,10,5
P0251,Age,10,Agree,4,35,20
P0251,Age,11,Neither agree nor disagree,3,70,20
P0251,Age,12,Strongly disagree,1,10,10
P0252,Individual,1,Strongly agree,5,79,79
P0252,Individual,2,Strongly agree,5,80,80
P0252,Individual,3,Strongly agree,5,85,85
P0252,Individual,4,Disagree,2,45,45
P0252,Individual,5,Neither agree nor disagree,3,85,85
P0252,Individual,6,Strongly agree,5,92,92
P0252,Individual,7,Disagree,2,8,8
P0252,Individual,8,Disagree,2,30,30
P0252,Individual,9,Agree,4,25,25
P0252,Individual,10,Disagree,2,45,45
P0252,Individual,11,Agree,4,25,25
P0252,Individual,12,Disagree,2,30,30
P0253,Season,1,Strongly agree,5,39,39
P0253,Season,2,Strongly agree,5,49,49
P0253,Season,3,Strongly agree,5,27,27
P0253,Season,4,Strongly agree,5,50,50
P0253,Season,5,Strongly agree,5,23,23
P0253,Season,6,Strongly agree,5,39,39
P0253,Season,7,Strongly disagree,1,65,65
P0253,Season,8,Strongly disagree,1,71,71
P0253,Season,9,Strongly disagree,1,61,61
P0253,Season,10,Neither agree nor disagree,3,83,83
P0253,Season,11,Strongly disagree,1,82,82
P0253,Season,12,Strongly disagree,1,72,72
P0254,Season,1,Strongly agree,5,91,91
P0254,Season,2,Strongly agree,5,100,100
P0254,Season,3,Strongly agree,5,91,91
P0254,Season,4,Strongly agree,5,100,85
P0254,Season,5,Agree,4,75,75
P0254,Season,6,Strongly agree,5,90,90
P0254,Season,7,Neither agree nor disagree,3,45,14
P0254,Season,8,Disagree,2,25,10
P0254,Season,9,Disagree,2,29,11
P0254,Season,10,Agree,4,40,22
P0254,Season,11,Agree,4,80,80
P0254,Season,12,Disagree,2,24,10
P0255,Individual,1,Strongly agree,5,95,100
P0255,Individual,2,Agree,4,85,85
P0255,Individual,3,Agree,4,80,80
P0255,Individual,4,Agree,4,55,55
P0255,Individual,5,Disagree,2,60,60
P0255,Individual,6,Strongly agree,5,90,90
P0255,Individual,7,Neither agree nor disagree,3,25,25
P0255,Individual,8,Disagree,2,15,15
P0255,Individual,9,Neither agree nor disagree,3,50,50
P0255,Individual,10,Neither agree nor disagree,3,35,35
P0255,Individual,11,Neither agree nor disagree,3,40,40
P0255,Individual,12,Strongly disagree,1,10,10
P0256,Season,1,Strongly agree,5,65,81
P0256,Season,2,Strongly agree,5,75,94
P0256,Season,3,Agree,4,59,92
P0256,Season,4,Strongly agree,5,80,62
P0256,Season,5,Agree,4,57,73
P0256,Season,6,Agree,4,48,97
P0256,Season,7,Strongly disagree,1,29,13
P0256,Season,8,Disagree,2,25,7
P0256,Season,9,Disagree,2,29,11
P0256,Season,10,Disagree,2,51,12
P0256,Season,11,Disagree,2,71,27
P0256,Season,12,Disagree,2,42,5
P0257,Individual,1,Strongly agree,5,90,100
P0257,Individual,2,Strongly agree,5,97,97
P0257,Individual,3,Strongly agree,5,85,85
P0257,Individual,4,Disagree,2,85,85
P0257,Individual,5,Agree,4,90,90
P0257,Individual,6,Strongly agree,5,98,98
P0257,Individual,7,Agree,4,20,20
P0257,Individual,8,Strongly disagree,1,10,10
P0257,Individual,9,Strongly disagree,1,26,26
P0257,Individual,10,Neither agree nor disagree,3,40,40
P0257,Individual,11,Neither agree nor disagree,3,30,30
P0257,Individual,12,Strongly disagree,1,20,20
P0258,Prestige,1,Strongly agree,5,90,90
P0258,Prestige,2,Strongly agree,5,91,91
P0258,Prestige,3,Strongly agree,5,85,85
P0258,Prestige,4,Strongly agree,5,62,62
P0258,Prestige,5,Strongly agree,5,68,68
P0258,Prestige,6,Strongly agree,5,49,72
P0258,Prestige,7,Strongly disagree,1,43,23
P0258,Prestige,8,Strongly disagree,1,30,30
P0258,Prestige,9,Strongly disagree,1,10,10
P0258,Prestige,10,Neither agree nor disagree,3,20,20
P0258,Prestige,11,Neither agree nor disagree,3,40,30
P0258,Prestige,12,Strongly disagree,1,35,35
P0259,Age,1,Agree,4,80,90
P0259,Age,2,Strongly agree,5,90,90
P0259,Age,3,Agree,4,85,85
P0259,Age,4,Agree,4,50,50
P0259,Age,5,Agree,4,60,65
P0259,Age,6,Strongly agree,5,80,85
P0259,Age,7,Disagree,2,35,20
P0259,Age,8,Disagree,2,30,10
P0259,Age,9,Neither agree nor disagree,3,40,5
P0259,Age,10,Neither agree nor disagree,3,60,20
P0259,Age,11,Disagree,2,70,25
P0259,Age,12,Strongly disagree,1,30,15
P0260,Age,1,Strongly agree,5,84,94
P0260,Age,2,Strongly agree,5,86,95
P0260,Age,3,Strongly agree,5,80,91
P0260,Age,4,Strongly agree,5,85,65
P0260,Age,5,Agree,4,35,71
P0260,Age,6,Strongly agree,5,69,95
P0260,Age,7,Strongly disagree,1,26,10
P0260,Age,8,Strongly disagree,1,25,7
P0260,Age,9,Strongly disagree,1,32,3
P0260,Age,10,Disagree,2,25,15
P0260,Age,11,Strongly disagree,1,13,15
P0260,Age,12,Strongly disagree,1,27,10
P0261,Individual,1,Strongly agree,5,100,100
P0261,Individual,2,Strongly agree,5,100,100
P0261,Individual,3,Strongly agree,5,77,79
P0261,Individual,4,Disagree,2,17,17
P0261,Individual,5,Agree,4,52,52
P0261,Individual,6,Strongly agree,5,88,88
P0261,Individual,7,Neither agree nor disagree,3,20,20
P0261,Individual,8,Disagree,2,21,21
P0261,Individual,9,Disagree,2,13,13
P0261,Individual,10,Neither agree nor disagree,3,18,18
P0261,Individual,11,Neither agree nor disagree,3,7,7
P0261,Individual,12,Disagree,2,17,17
P0262,Season,1,Agree,4,33,33
P0262,Season,2,Agree,4,77,77
P0262,Season,3,Agree,4,51,51
P0262,Season,4,Disagree,2,73,73
P0262,Season,5,Disagree,2,47,47
P0262,Season,6,Strongly agree,5,30,30
P0262,Season,7,Neither agree nor disagree,3,49,49
P0262,Season,8,Disagree,2,51,51
P0262,Season,9,Disagree,2,40,40
P0262,Season,10,Neither agree nor disagree,3,66,66
P0262,Season,11,Disagree,2,67,67
P0262,Season,12,Disagree,2,41,41
P0263,Season,1,Agree,4,75,90
P0263,Season,2,Agree,4,98,97
P0263,Season,3,Disagree,2,60,75
P0263,Season,4,Strongly disagree,1,15,21
P0263,Season,5,Disagree,2,40,50
P0263,Season,6,Strongly disagree,1,63,76
P0263,Season,7,Agree,4,6,8
P0263,Season,8,Strongly agree,5,57,35
P0263,Season,9,Disagree,2,20,7
P0263,Season,10,Agree,4,30,25
P0263,Season,11,Agree,4,45,45
P0263,Season,12,Strongly agree,5,46,44
P0264,Individual,1,Strongly agree,5,80,75
P0264,Individual,2,Strongly agree,5,75,70
P0264,Individual,3,Strongly agree,5,75,70
P0264,Individual,4,Agree,4,40,35
P0264,Individual,5,Agree,4,60,60
P0264,Individual,6,Strongly agree,5,65,65
P0264,Individual,7,Strongly disagree,1,40,40
P0264,Individual,8,Strongly disagree,1,55,55
P0264,Individual,9,Disagree,2,50,55
P0264,Individual,10,Disagree,2,45,40
P0264,Individual,11,Disagree,2,55,55
P0264,Individual,12,Strongly disagree,1,45,45
P0265,Season,1,Strongly agree,5,80,80
P0265,Season,2,Strongly agree,5,98,98
P0265,Season,3,Strongly disagree,1,70,70
P0265,Season,4,Strongly agree,5,80,80
P0265,Season,5,Strongly agree,5,80,80
P0265,Season,6,Strongly agree,5,80,80
P0265,Season,7,Disagree,2,20,20
P0265,Season,8,Strongly disagree,1,10,10
P0265,Season,9,Strongly disagree,1,10,10
P0265,Season,10,Disagree,2,15,15
P0265,Season,11,Disagree,2,50,50
P0265,Season,12,Disagree,2,20,20
P0266,Season,1,Strongly agree,5,84,84
P0266,Season,2,Strongly agree,5,100,100
P0266,Season,3,Strongly agree,5,73,73
P0266,Season,4,Strongly agree,5,80,80
P0266,Season,5,Strongly agree,5,92,92
P0266,Season,6,Strongly agree,5,96,96
P0266,Season,7,Disagree,2,39,39
P0266,Season,8,Neither agree nor disagree,3,45,45
P0266,Season,9,Strongly agree,5,89,89
P0266,Season,10,Agree,4,74,74
P0266,Season,11,Disagree,2,67,67
P0266,Season,12,Disagree,2,26,26
P0267,Conformity,1,Strongly agree,5,81,89
P0267,Conformity,2,Strongly agree,5,81,92
P0267,Conformity,3,Strongly agree,5,90,90
P0267,Conformity,4,Agree,4,69,69
P0267,Conformity,5,Agree,4,31,68
P0267,Conformity,6,Strongly agree,5,60,90
P0267,Conformity,7,Strongly disagree,1,20,11
P0267,Conformity,8,Disagree,2,30,6
P0267,Conformity,9,Disagree,2,24,7
P0267,Conformity,10,Strongly disagree,1,9,13
P0267,Conformity,11,Disagree,2,20,20
P0267,Conformity,12,Strongly disagree,1,50,9
P0268,Conformity,1,Strongly agree,5,99,99
P0268,Conformity,2,Strongly agree,5,99,99
P0268,Conformity,3,Disagree,2,54,94
P0268,Conformity,4,Strongly agree,5,100,62
P0268,Conformity,5,Agree,4,100,73
P0268,Conformity,6,Strongly agree,5,100,96
P0268,Conformity,7,Strongly disagree,1,18,13
P0268,Conformity,8,Neither agree nor disagree,3,21,6
P0268,Conformity,9,Disagree,2,16,6
P0268,Conformity,10,Disagree,2,28,16
P0268,Conformity,11,Disagree,2,57,16
P0268,Conformity,12,Disagree,2,31,10
P0269,Individual,1,Strongly agree,5,100,100
P0269,Individual,2,Strongly agree,5,100,100
P0269,Individual,3,Strongly agree,5,100,100
P0269,Individual,4,Strongly agree,5,100,100
P0269,Individual,5,Strongly agree,5,100,100
P0269,Individual,6,Strongly agree,5,100,100
P0269,Individual,7,Strongly disagree,1,0,0
P0269,Individual,8,Strongly disagree,1,0,0
P0269,Individual,9,Strongly disagree,1,0,0
P0269,Individual,10,Strongly disagree,1,0,0
P0269,Individual,11,Strongly disagree,1,0,0
P0269,Individual,12,Strongly disagree,1,0,0
P0270,Individual,1,Strongly agree,5,70,92
P0270,Individual,2,Strongly agree,5,100,100
P0270,Individual,3,Strongly agree,5,66,66
P0270,Individual,4,Agree,4,25,25
P0270,Individual,5,Agree,4,40,30
P0270,Individual,6,Strongly agree,5,61,47
P0270,Individual,7,Strongly disagree,1,35,35
P0270,Individual,8,Neither agree nor disagree,3,55,55
P0270,Individual,9,Strongly disagree,1,22,25
P0270,Individual,10,Strongly disagree,1,60,60
P0270,Individual,11,Neither agree nor disagree,3,75,75
P0270,Individual,12,Strongly disagree,1,44,45
P0271,Conformity,1,Strongly agree,5,93,93
P0271,Conformity,2,Strongly agree,5,90,92
P0271,Conformity,3,Strongly agree,5,55,67
P0271,Conformity,4,Neither agree nor disagree,3,65,65
P0271,Conformity,5,Agree,4,57,60
P0271,Conformity,6,Strongly agree,5,70,75
P0271,Conformity,7,Disagree,2,28,23
P0271,Conformity,8,Strongly disagree,1,45,25
P0271,Conformity,9,Disagree,2,32,18
P0271,Conformity,10,Disagree,2,18,0
P0271,Conformity,11,Neither agree nor disagree,3,60,40
P0271,Conformity,12,Strongly disagree,1,16,16
P0272,Age,1,Neither agree nor disagree,3,84,84
P0272,Age,2,Strongly agree,5,100,100
P0272,Age,3,Agree,4,81,81
P0272,Age,4,Disagree,2,61,61
P0272,Age,5,Disagree,2,40,60
P0272,Age,6,Strongly agree,5,97,97
P0272,Age,7,Disagree,2,19,19
P0272,Age,8,Disagree,2,15,9
P0272,Age,9,Disagree,2,5,5
P0272,Age,10,Neither agree nor disagree,3,25,25
P0272,Age,11,Agree,4,25,20
P0272,Age,12,Disagree,2,9,9
P0273,Individual,1,Neither agree nor disagree,3,63,100
P0273,Individual,2,Strongly agree,5,95,95
P0273,Individual,3,Agree,4,80,76
P0273,Individual,4,Agree,4,90,90
P0273,Individual,5,Agree,4,59,60
P0273,Individual,6,Strongly agree,5,80,80
P0273,Individual,7,Agree,4,60,60
P0273,Individual,8,Disagree,2,10,15
P0273,Individual,9,Disagree,2,40,40
P0273,Individual,10,Agree,4,55,55
P0273,Individual,11,Disagree,2,55,55
P0273,Individual,12,Disagree,2,15,15
P0274,Prestige,1,Strongly agree,5,89,89
P0274,Prestige,2,Strongly agree,5,94,94
P0274,Prestige,3,Strongly agree,5,71,91
P0274,Prestige,4,Strongly agree,5,74,61
P0274,Prestige,5,Agree,4,70,70
P0274,Prestige,6,Strongly agree,5,89,89
P0274,Prestige,7,Strongly disagree,1,29,9
P0274,Prestige,8,Strongly disagree,1,21,7
P0274,Prestige,9,Strongly disagree,1,19,6
P0274,Prestige,10,Agree,4,26,19
P0274,Prestige,11,Strongly disagree,1,37,23
P0274,Prestige,12,Strongly disagree,1,23,14
P0275,Individual,1,Strongly agree,5,91,95
P0275,Individual,2,Strongly agree,5,91,91
P0275,Individual,3,Neither agree nor disagree,3,95,95
P0275,Individual,4,Disagree,2,30,30
P0275,Individual,5,Agree,4,84,84
P0275,Individual,6,Strongly agree,5,98,98
P0275,Individual,7,Strongly disagree,1,11,11
P0275,Individual,8,Strongly disagree,1,10,10
P0275,Individual,9,Disagree,2,37,37
P0275,Individual,10,Strongly disagree,1,9,9
P0275,Individual,11,Disagree,2,17,17
P0275,Individual,12,Strongly disagree,1,10,10
P0276,Prestige,1,Strongly agree,5,89,89
P0276,Prestige,2,Strongly agree,5,100,100
P0276,Prestige,3,Strongly agree,5,92,92
P0276,Prestige,4,Strongly agree,5,76,76
P0276,Prestige,5,Neither agree nor disagree,3,69,69
P0276,Prestige,6,Strongly agree,5,49,85
P0276,Prestige,7,Disagree,2,25,16
P0276,Prestige,8,Strongly disagree,1,29,9
P0276,Prestige,9,Strongly disagree,1,2,2
P0276,Prestige,10,Disagree,2,19,19
P0276,Prestige,11,Neither agree nor disagree,3,42,18
P0276,Prestige,12,Strongly disagree,1,10,10
P0277,Prestige,1,Strongly agree,5,100,100
P0277,Prestige,2,Strongly agree,5,100,100
P0277,Prestige,3,Strongly agree,5,100,100
P0277,Prestige,4,Strongly disagree,1,5,5
P0277,Prestige,5,Neither agree nor disagree,3,40,40
P0277,Prestige,6,Strongly agree,5,80,80
P0277,Prestige,7,Strongly disagree,1,5,5
P0277,Prestige,8,Strongly disagree,1,0,0
P0277,Prestige,9,Strongly disagree,1,5,5
P0277,Prestige,10,Neither agree nor disagree,3,30,30
P0277,Prestige,11,Agree,4,80,80
P0277,Prestige,12,Strongly disagree,1,10,10
P0278,Conformity,1,Disagree,2,69,69
P0278,Conformity,2,Agree,4,44,44
P0278,Conformity,3,Agree,4,41,41
P0278,Conformity,4,Disagree,2,22,22
P0278,Conformity,5,Neither agree nor disagree,3,55,55
P0278,Conformity,6,Agree,4,61,61
P0278,Conformity,7,Agree,4,38,38
P0278,Conformity,8,Disagree,2,64,64
P0278,Conformity,9,Disagree,2,25,25
P0278,Conformity,10,Agree,4,44,0
P0278,Conformity,11,Disagree,2,33,33
P0278,Conformity,12,Disagree,2,38,38
P0279,Prestige,1,Strongly agree,5,90,90
P0279,Prestige,2,Strongly agree,5,95,95
P0279,Prestige,3,Agree,4,70,80
P0279,Prestige,4,Disagree,2,70,70
P0279,Prestige,5,Disagree,2,70,70
P0279,Prestige,6,Strongly agree,5,85,90
P0279,Prestige,7,Disagree,2,10,10
P0279,Prestige,8,Strongly disagree,1,10,10
P0279,Prestige,9,Disagree,2,65,25
P0279,Prestige,10,Agree,4,40,25
P0279,Prestige,11,Strongly disagree,1,5,5
P0279,Prestige,12,Strongly disagree,1,10,10
P0280,Individual,1,Agree,4,40,100
P0280,Individual,2,Strongly agree,5,75,75
P0280,Individual,3,Agree,4,56,56
P0280,Individual,4,Strongly agree,5,60,60
P0280,Individual,5,Agree,4,35,35
P0280,Individual,6,Agree,4,55,55
P0280,Individual,7,Disagree,2,65,65
P0280,Individual,8,Disagree,2,20,20
P0280,Individual,9,Disagree,2,43,43
P0280,Individual,10,Neither agree nor disagree,3,65,65
P0280,Individual,11,Disagree,2,47,47
P0280,Individual,12,Strongly disagree,1,25,25
P0281,Prestige,1,Strongly agree,5,56,56
P0281,Prestige,2,Strongly agree,5,96,96
P0281,Prestige,3,Strongly agree,5,10,10
P0281,Prestige,4,Strongly agree,5,5,5
P0281,Prestige,5,Strongly agree,5,80,80
P0281,Prestige,6,Strongly agree,5,41,41
P0281,Prestige,7,Strongly disagree,1,36,36
P0281,Prestige,8,Strongly disagree,1,10,10
P0281,Prestige,9,Strongly disagree,1,20,20
P0281,Prestige,10,Strongly disagree,1,75,75
P0281,Prestige,11,Strongly disagree,1,60,60
P0281,Prestige,12,Strongly disagree,1,71,71
P0282,Age,1,Neither agree nor disagree,3,100,100
P0282,Age,2,Agree,4,86,86
P0282,Age,3,Strongly agree,5,100,100
P0282,Age,4,Neither agree nor disagree,3,50,50
P0282,Age,5,Neither agree nor disagree,3,73,73
P0282,Age,6,Agree,4,59,51
P0282,Age,7,Neither agree nor disagree,3,54,51
P0282,Age,8,Neither agree nor disagree,3,51,51
P0282,Age,9,Strongly disagree,1,24,24
P0282,Age,10,Agree,4,81,81
P0282,Age,11,Agree,4,90,100
P0282,Age,12,Disagree,2,32,23
P0283,Conformity,1,Strongly agree,5,72,93
P0283,Conformity,2,Strongly agree,5,69,96
P0283,Conformity,3,Strongly agree,5,76,91
P0283,Conformity,4,Strongly agree,5,85,60
P0283,Conformity,5,Agree,4,72,71
P0283,Conformity,6,Strongly agree,5,74,95
P0283,Conformity,7,Strongly disagree,1,63,10
P0283,Conformity,8,Strongly disagree,1,36,5
P0283,Conformity,9,Strongly disagree,1,24,3
P0283,Conformity,10,Agree,4,32,18
P0283,Conformity,11,Neither agree nor disagree,3,19,15
P0283,Conformity,12,Strongly disagree,1,20,8
P0284,Prestige,1,Agree,4,72,72
P0284,Prestige,2,Strongly agree,5,92,92
P0284,Prestige,3,Agree,4,72,72
P0284,Prestige,4,Strongly agree,5,84,84
P0284,Prestige,5,Neither agree nor disagree,3,46,46
P0284,Prestige,6,Agree,4,78,78
P0284,Prestige,7,Disagree,2,41,41
P0284,Prestige,8,Neither agree nor disagree,3,24,24
P0284,Prestige,9,Disagree,2,27,27
P0284,Prestige,10,Disagree,2,46,46
P0284,Prestige,11,Disagree,2,34,34
P0284,Prestige,12,Strongly disagree,1,29,29
P0285,Season,1,Strongly agree,5,86,90
P0285,Season,2,Strongly agree,5,99,99
P0285,Season,3,Strongly agree,5,95,95
P0285,Season,4,Strongly agree,5,81,71
P0285,Season,5,Strongly agree,5,85,76
P0285,Season,6,Strongly agree,5,81,94
P0285,Season,7,Disagree,2,15,10
P0285,Season,8,Strongly disagree,1,4,4
P0285,Season,9,Strongly disagree,1,10,4
P0285,Season,10,Disagree,2,10,14
P0285,Season,11,Disagree,2,19,15
P0285,Season,12,Strongly disagree,1,10,10
P0286,Conformity,1,Strongly agree,5,70,70
P0286,Conformity,2,Strongly agree,5,67,80
P0286,Conformity,3,Strongly agree,5,81,88
P0286,Conformity,4,Neither agree nor disagree,3,61,61
P0286,Conformity,5,Strongly agree,5,70,70
P0286,Conformity,6,Strongly agree,5,81,81
P0286,Conformity,7,Strongly disagree,1,70,50
P0286,Conformity,8,Strongly disagree,1,50,40
P0286,Conformity,9,Strongly disagree,1,64,50
P0286,Conformity,10,Strongly disagree,1,51,30
P0286,Conformity,11,Strongly disagree,1,60,30
P0286,Conformity,12,Strongly disagree,1,72,40
P0287,Season,1,Strongly agree,5,90,90
P0287,Season,2,Strongly agree,5,80,95
P0287,Season,3,Strongly agree,5,90,90
P0287,Season,4,Disagree,2,60,60
P0287,Season,5,Neither agree nor disagree,3,90,75
P0287,Season,6,Agree,4,95,95
P0287,Season,7,Neither agree nor disagree,3,35,15
P0287,Season,8,Disagree,2,10,10
P0287,Season,9,Disagree,2,30,10
P0287,Season,10,Neither agree nor disagree,3,10,10
P0287,Season,11,Neither agree nor disagree,3,25,25
P0287,Season,12,Disagree,2,10,10
P0288,Age,1,Strongly agree,5,87,87
P0288,Age,2,Agree,4,90,94
P0288,Age,3,Strongly agree,5,85,90
P0288,Age,4,Disagree,2,41,38
P0288,Age,5,Agree,4,56,73
P0288,Age,6,Agree,4,87,93
P0288,Age,7,Disagree,2,19,9
P0288,Age,8,Disagree,2,10,7
P0288,Age,9,Strongly disagree,1,12,3
P0288,Age,10,Agree,4,24,14
P0288,Age,11,Disagree,2,32,12
P0288,Age,12,Disagree,2,10,10
P0289,Individual,1,Strongly agree,5,95,95
P0289,Individual,2,Strongly agree,5,95,90
P0289,Individual,3,Strongly agree,5,80,80
P0289,Individual,4,Strongly disagree,1,55,55
P0289,Individual,5,Strongly disagree,1,65,70
P0289,Individual,6,Agree,4,70,70
P0289,Individual,7,Disagree,2,20,20
P0289,Individual,8,Neither agree nor disagree,3,20,20
P0289,Individual,9,Disagree,2,85,85
P0289,Individual,10,Agree,4,35,25
P0289,Individual,11,Neither agree nor disagree,3,25,25
P0289,Individual,12,Disagree,2,20,20
P0290,Conformity,1,Strongly agree,5,90,91
P0290,Conformity,2,Strongly agree,5,85,92
P0290,Conformity,3,Strongly agree,5,90,90
P0290,Conformity,4,Agree,4,30,50
P0290,Conformity,5,Strongly agree,5,65,68
P0290,Conformity,6,Strongly agree,5,80,90
P0290,Conformity,7,Strongly disagree,1,30,15
P0290,Conformity,8,Strongly disagree,1,60,20
P0290,Conformity,9,Strongly disagree,1,20,5
P0290,Conformity,10,Disagree,2,50,15
P0290,Conformity,11,Disagree,2,50,15
P0290,Conformity,12,Strongly disagree,1,30,15
P0291,Prestige,1,Strongly agree,5,100,100
P0291,Prestige,2,Strongly agree,5,81,91
P0291,Prestige,3,Neither agree nor disagree,3,98,98
P0291,Prestige,4,Neither agree nor disagree,3,62,62
P0291,Prestige,5,Neither agree nor disagree,3,51,70
P0291,Prestige,6,Neither agree nor disagree,3,52,90
P0291,Prestige,7,Agree,4,19,19
P0291,Prestige,8,Disagree,2,6,6
P0291,Prestige,9,Disagree,2,5,5
P0291,Prestige,10,Agree,4,30,20
P0291,Prestige,11,Agree,4,16,16
P0291,Prestige,12,Agree,4,38,9
P0292,Individual,1,Agree,4,91,100
P0292,Individual,2,Agree,4,90,90
P0292,Individual,3,Agree,4,62,62
P0292,Individual,4,Agree,4,73,73
P0292,Individual,5,Neither agree nor disagree,3,53,53
P0292,Individual,6,Agree,4,71,71
P0292,Individual,7,Agree,4,79,79
P0292,Individual,8,Neither agree nor disagree,3,57,57
P0292,Individual,9,Disagree,2,19,19
P0292,Individual,10,Agree,4,43,43
P0292,Individual,11,Neither agree nor disagree,3,43,43
P0292,Individual,12,Neither agree nor disagree,3,28,28
P0293,Conformity,1,Strongly agree,5,91,91
P0293,Conformity,2,Strongly agree,5,78,78
P0293,Conformity,3,Strongly agree,5,81,81
P0293,Conformity,4,Neither agree nor disagree,3,66,66
P0293,Conformity,5,Strongly agree,5,20,86
P0293,Conformity,6,Strongly agree,5,55,77
P0293,Conformity,7,Disagree,2,67,32
P0293,Conformity,8,Strongly disagree,1,67,14
P0293,Conformity,9,Strongly disagree,1,79,56
P0293,Conformity,10,Disagree,2,30,0
P0293,Conformity,11,Strongly disagree,1,72,56
P0293,Conformity,12,Strongly disagree,1,81,27
P0294,Season,1,Strongly agree,5,88,88
P0294,Season,2,Strongly agree,5,80,80
P0294,Season,3,Strongly agree,5,85,85
P0294,Season,4,Neither agree nor disagree,3,60,60
P0294,Season,5,Agree,4,70,70
P0294,Season,6,Strongly agree,5,86,86
P0294,Season,7,Strongly disagree,1,17,17
P0294,Season,8,Strongly disagree,1,9,9
P0294,Season,9,Strongly disagree,1,27,27
P0294,Season,10,Disagree,2,15,15
P0294,Season,11,Disagree,2,38,31
P0294,Season,12,Disagree,2,39,13
P0295,Age,1,Strongly agree,5,98,96
P0295,Age,2,Agree,4,90,90
P0295,Age,3,Strongly agree,5,90,90
P0295,Age,4,Disagree,2,61,61
P0295,Age,5,Agree,4,81,81
P0295,Age,6,Strongly agree,5,76,76
P0295,Age,7,Disagree,2,70,25
P0295,Age,8,Strongly disagree,1,15,10
P0295,Age,9,Disagree,2,64,28
P0295,Age,10,Neither agree nor disagree,3,80,26
P0295,Age,11,Disagree,2,85,37
P0295,Age,12,Disagree,2,70,70
P0296,Conformity,1,Strongly agree,5,64,64
P0296,Conformity,2,Agree,4,63,63
P0296,Conformity,3,Strongly agree,5,94,94
P0296,Conformity,4,Neither agree nor disagree,3,27,54
P0296,Conformity,5,Disagree,2,75,75
P0296,Conformity,6,Strongly agree,5,94,94
P0296,Conformity,7,Neither agree nor disagree,3,11,11
P0296,Conformity,8,Disagree,2,20,20
P0296,Conformity,9,Strongly disagree,1,13,13
P0296,Conformity,10,Neither agree nor disagree,3,40,20
P0296,Conformity,11,Neither agree nor disagree,3,68,41
P0296,Conformity,12,Disagree,2,19,15
P0297,Season,1,Strongly agree,5,91,91
P0297,Season,2,Strongly agree,5,91,91
P0297,Season,3,Strongly agree,5,90,90
P0297,Season,4,Disagree,2,25,25
P0297,Season,5,Agree,4,83,83
P0297,Season,6,Strongly agree,5,95,95
P0297,Season,7,Disagree,2,7,7
P0297,Season,8,Disagree,2,28,28
P0297,Season,9,Strongly disagree,1,17,17
P0297,Season,10,Disagree,2,32,32
P0297,Season,11,Disagree,2,61,61
P0297,Season,12,Strongly disagree,1,20,20
P0298,Age,1,Strongly agree,5,90,90
P0298,Age,2,Strongly agree,5,80,86
P0298,Age,3,Strongly agree,5,80,81
P0298,Age,4,Strongly agree,5,70,70
P0298,Age,5,Strongly agree,5,70,70
P0298,Age,6,Strongly agree,5,80,85
P0298,Age,7,Disagree,2,10,10
P0298,Age,8,Disagree,2,50,15
P0298,Age,9,Strongly disagree,1,40,13
P0298,Age,10,Disagree,2,30,25
P0298,Age,11,Disagree,2,50,30
P0298,Age,12,Strongly disagree,1,30,20
P0299,Conformity,1,Strongly agree,5,25,25
P0299,Conformity,2,Strongly agree,5,90,90
P0299,Conformity,3,Strongly disagree,1,60,60
P0299,Conformity,4,Neither agree nor disagree,3,10,10
P0299,Conformity,5,Neither agree nor disagree,3,55,55
P0299,Conformity,6,Strongly agree,5,45,45
P0299,Conformity,7,Agree,4,70,70
P0299,Conformity,8,Disagree,2,30,30
P0299,Conformity,9,Neither agree nor disagree,3,30,30
P0299,Conformity,10,Neither agree nor disagree,3,81,81
P0299,Conformity,11,Neither agree nor disagree,3,75,75
P0299,Conformity,12,Disagree,2,20,20
P0300,Individual,1,Strongly agree,5,66,100
P0300,Individual,2,Strongly agree,5,54,54
P0300,Individual,3,Strongly agree,5,65,65
P0300,Individual,4,Agree,4,43,43
P0300,Individual,5,Agree,4,72,72
P0300,Individual,6,Agree,4,71,71
P0300,Individual,7,Disagree,2,56,56
P0300,Individual,8,Disagree,2,47,47
P0300,Individual,9,Disagree,2,24,24
P0300,Individual,10,Disagree,2,60,60
P0300,Individual,11,Disagree,2,63,63
P0300,Individual,12,Disagree,2,57,57
P0301,Conformity,1,Strongly agree,5,100,95
P0301,Conformity,2,Strongly agree,5,90,96
P0301,Conformity,3,Agree,4,60,91
P0301,Conformity,4,Neither agree nor disagree,3,52,60
P0301,Conformity,5,Neither agree nor disagree,3,40,73
P0301,Conformity,6,Agree,4,82,92
P0301,Conformity,7,Disagree,2,31,12
P0301,Conformity,8,Disagree,2,20,5
P0301,Conformity,9,Strongly disagree,1,30,3
P0301,Conformity,10,Neither agree nor disagree,3,30,15
P0301,Conformity,11,Agree,4,50,20
P0301,Conformity,12,Strongly disagree,1,20,10
P0302,Age,1,Strongly agree,5,95,95
P0302,Age,2,Strongly agree,5,100,100
P0302,Age,3,Strongly agree,5,90,90
P0302,Age,4,Agree,4,70,70
P0302,Age,5,Agree,4,40,70
P0302,Age,6,Strongly agree,5,80,95
P0302,Age,7,Disagree,2,35,15
P0302,Age,8,Strongly disagree,1,45,5
P0302,Age,9,Strongly disagree,1,30,5
P0302,Age,10,Disagree,2,25,20
P0302,Age,11,Neither agree nor disagree,3,90,20
P0302,Age,12,Strongly disagree,1,35,10
P0303,Age,1,Strongly agree,5,86,92
P0303,Age,2,Strongly agree,5,82,96
P0303,Age,3,Strongly agree,5,52,90
P0303,Age,4,Agree,4,69,66
P0303,Age,5,Strongly agree,5,91,82
P0303,Age,6,Strongly agree,5,86,96
P0303,Age,7,Strongly disagree,1,0,9
P0303,Age,8,Neither agree nor disagree,3,32,7
P0303,Age,9,Strongly disagree,1,29,3
P0303,Age,10,Strongly disagree,1,10,12
P0303,Age,11,Neither agree nor disagree,3,21,15
P0303,Age,12,Strongly disagree,1,17,7
P0304,Conformity,1,Agree,4,85,88
P0304,Conformity,2,Strongly agree,5,90,90
P0304,Conformity,3,Disagree,2,86,88
P0304,Conformity,4,Disagree,2,66,66
P0304,Conformity,5,Agree,4,90,80
P0304,Conformity,6,Strongly agree,5,71,79
P0304,Conformity,7,Disagree,2,5,5
P0304,Conformity,8,Disagree,2,6,6
P0304,Conformity,9,Disagree,2,8,6
P0304,Conformity,10,Strongly disagree,1,15,0
P0304,Conformity,11,Neither agree nor disagree,3,32,32
P0304,Conformity,12,Disagree,2,30,30
P0305,Prestige,1,Strongly agree,5,62,62
P0305,Prestige,2,Strongly agree,5,69,69
P0305,Prestige,3,Strongly agree,5,71,71
P0305,Prestige,4,Strongly agree,5,41,41
P0305,Prestige,5,Strongly agree,5,30,30
P0305,Prestige,6,Strongly agree,5,40,40
P0305,Prestige,7,Strongly disagree,1,66,66
P0305,Prestige,8,Strongly disagree,1,20,20
P0305,Prestige,9,Strongly disagree,1,15,15
P0305,Prestige,10,Strongly disagree,1,59,59
P0305,Prestige,11,Neither agree nor disagree,3,80,80
P0305,Prestige,12,Strongly disagree,1,64,64
P0306,Season,1,Strongly agree,5,65,80
P0306,Season,2,Strongly agree,5,75,80
P0306,Season,3,Strongly agree,5,80,85
P0306,Season,4,Agree,4,65,65
P0306,Season,5,Strongly agree,5,55,65
P0306,Season,6,Agree,4,60,75
P0306,Season,7,Strongly disagree,1,25,15
P0306,Season,8,Disagree,2,25,15
P0306,Season,9,Strongly disagree,1,15,10
P0306,Season,10,Disagree,2,45,25
P0306,Season,11,Disagree,2,30,25
P0306,Season,12,Strongly disagree,1,45,35
P0307,Prestige,1,Strongly agree,5,100,100
P0307,Prestige,2,Strongly agree,5,100,100
P0307,Prestige,3,Strongly agree,5,100,100
P0307,Prestige,4,Disagree,2,87,87
P0307,Prestige,5,Neither agree nor disagree,3,90,75
P0307,Prestige,6,Strongly agree,5,100,100
P0307,Prestige,7,Neither agree nor disagree,3,10,10
P0307,Prestige,8,Disagree,2,50,5
P0307,Prestige,9,Strongly disagree,1,0,5
P0307,Prestige,10,Neither agree nor disagree,3,10,10
P0307,Prestige,11,Neither agree nor disagree,3,51,15
P0307,Prestige,12,Strongly disagree,1,1,9
P0308,Age,1,Strongly agree,5,83,83
P0308,Age,2,Strongly agree,5,70,70
P0308,Age,3,Strongly agree,5,81,81
P0308,Age,4,Agree,4,60,60
P0308,Age,5,Strongly agree,5,65,65
P0308,Age,6,Strongly agree,5,42,42
P0308,Age,7,Strongly disagree,1,42,42
P0308,Age,8,Strongly disagree,1,43,43
P0308,Age,9,Strongly disagree,1,53,53
P0308,Age,10,Disagree,2,53,53
P0308,Age,11,Strongly disagree,1,60,60
P0308,Age,12,Strongly disagree,1,34,34
P0309,Prestige,1,Strongly agree,5,50,70
P0309,Prestige,2,Strongly agree,5,65,75
P0309,Prestige,3,Strongly agree,5,60,80
P0309,Prestige,4,Agree,4,45,55
P0309,Prestige,5,Strongly agree,5,45,56
P0309,Prestige,6,Strongly agree,5,55,71
P0309,Prestige,7,Strongly disagree,1,25,20
P0309,Prestige,8,Strongly disagree,1,38,20
P0309,Prestige,9,Disagree,2,40,15
P0309,Prestige,10,Disagree,2,35,30
P0309,Prestige,11,Strongly disagree,1,40,25
P0309,Prestige,12,Strongly disagree,1,40,20
P0310,Prestige,1,Strongly agree,5,80,87
P0310,Prestige,2,Strongly agree,5,85,92
P0310,Prestige,3,Strongly agree,5,85,85
P0310,Prestige,4,Neither agree nor disagree,3,40,50
P0310,Prestige,5,Agree,4,50,50
P0310,Prestige,6,Strongly agree,5,75,85
P0310,Prestige,7,Disagree,2,40,25
P0310,Prestige,8,Strongly disagree,1,20,14
P0310,Prestige,9,Strongly disagree,1,25,10
P0310,Prestige,10,Disagree,2,40,28
P0310,Prestige,11,Neither agree nor disagree,3,36,25
P0310,Prestige,12,Strongly disagree,1,25,19
P0311,Conformity,1,Neither agree nor disagree,3,81,81
P0311,Conformity,2,Agree,4,74,74
P0311,Conformity,3,Neither agree nor disagree,3,64,64
P0311,Conformity,4,Agree,4,77,77
P0311,Conformity,5,Neither agree nor disagree,3,84,84
P0311,Conformity,6,Neither agree nor disagree,3,87,87
P0311,Conformity,7,Neither agree nor disagree,3,78,78
P0311,Conformity,8,Disagree,2,77,77
P0311,Conformity,9,Neither agree nor disagree,3,56,56
P0311,Conformity,10,Neither agree nor disagree,3,64,57
P0311,Conformity,11,Neither agree nor disagree,3,66,66
P0311,Conformity,12,Neither agree nor disagree,3,47,47
P0312,Prestige,1,Agree,4,90,90
P0312,Prestige,2,Disagree,2,70,80
P0312,Prestige,3,Neither agree nor disagree,3,80,80
P0312,Prestige,4,Strongly disagree,1,40,50
P0312,Prestige,5,Disagree,2,50,60
P0312,Prestige,6,Neither agree nor disagree,3,70,80
P0312,Prestige,7,Agree,4,55,35
P0312,Prestige,8,Disagree,2,45,10
P0312,Prestige,9,Neither agree nor disagree,3,25,10
P0312,Prestige,10,Agree,4,60,40
P0312,Prestige,11,Agree,4,55,45
P0312,Prestige,12,Neither agree nor disagree,3,30,25
P0313,Individual,1,Strongly agree,5,90,100
P0313,Individual,2,Strongly agree,5,90,90
P0313,Individual,3,Strongly agree,5,93,93
P0313,Individual,4,Strongly agree,5,52,52
P0313,Individual,5,Agree,4,55,55
P0313,Individual,6,Strongly agree,5,78,78
P0313,Individual,7,Disagree,2,48,48
P0313,Individual,8,Disagree,2,19,19
P0313,Individual,9,Disagree,2,21,21
P0313,Individual,10,Disagree,2,34,34
P0313,Individual,11,Disagree,2,42,42
P0313,Individual,12,Strongly disagree,1,31,31
P0314,Conformity,1,Strongly agree,5,64,71
P0314,Conformity,2,Strongly agree,5,82,82
P0314,Conformity,3,Strongly agree,5,77,83
P0314,Conformity,4,Neither agree nor disagree,3,30,41
P0314,Conformity,5,Agree,4,40,48
P0314,Conformity,6,Strongly agree,5,84,86
P0314,Conformity,7,Disagree,2,41,27
P0314,Conformity,8,Neither agree nor disagree,3,54,54
P0314,Conformity,9,Disagree,2,76,14
P0314,Conformity,10,Neither agree nor disagree,3,47,29
P0314,Conformity,11,Neither agree nor disagree,3,62,24
P0314,Conformity,12,Strongly disagree,1,62,39
P0315,Conformity,1,Strongly agree,5,85,88
P0315,Conformity,2,Strongly agree,5,90,95
P0315,Conformity,3,Strongly agree,5,85,88
P0315,Conformity,4,Agree,4,65,65
P0315,Conformity,5,Strongly agree,5,75,75
P0315,Conformity,6,Strongly agree,5,75,85
P0315,Conformity,7,Strongly disagree,1,25,15
P0315,Conformity,8,Strongly disagree,1,12,10
P0315,Conformity,9,Strongly disagree,1,18,6
P0315,Conformity,10,Strongly disagree,1,20,18
P0315,Conformity,11,Agree,4,71,24
P0315,Conformity,12,Strongly disagree,1,35,25
P0316,Season,1,Strongly agree,5,80,80
P0316,Season,2,Strongly agree,5,85,85
P0316,Season,3,Strongly agree,5,80,80
P0316,Season,4,Strongly agree,5,80,80
P0316,Season,5,Strongly agree,5,80,80
P0316,Season,6,Strongly agree,5,70,70
P0316,Season,7,Disagree,2,40,19
P0316,Season,8,Strongly disagree,1,20,20
P0316,Season,9,Strongly disagree,1,35,15
P0316,Season,10,Disagree,2,65,30
P0316,Season,11,Disagree,2,20,20
P0316,Season,12,Strongly disagree,1,70,30
P0317,Age,1,Strongly agree,5,100,100
P0317,Age,2,Strongly agree,5,99,99
P0317,Age,3,Strongly agree,5,98,98
P0317,Age,4,Strongly agree,5,100,75
P0317,Age,5,Agree,4,85,85
P0317,Age,6,Strongly agree,5,91,99
P0317,Age,7,Disagree,2,8,8
P0317,Age,8,Strongly disagree,1,0,0
P0317,Age,9,Disagree,2,10,5
P0317,Age,10,Disagree,2,13,13
P0317,Age,11,Neither agree nor disagree,3,20,20
P0317,Age,12,Strongly disagree,1,0,0
P0318,Season,1,Strongly agree,5,85,87
P0318,Season,2,Strongly agree,5,90,90
P0318,Season,3,Strongly agree,5,90,90
P0318,Season,4,Disagree,2,15,50
P0318,Season,5,Agree,4,30,65
P0318,Season,6,Strongly agree,5,75,85
P0318,Season,7,Disagree,2,40,15
P0318,Season,8,Strongly disagree,1,15,10
P0318,Season,9,Strongly disagree,1,20,10
P0318,Season,10,Disagree,2,50,20
P0318,Season,11,Strongly disagree,1,60,30
P0318,Season,12,Strongly disagree,1,40,15
P0319,Conformity,1,Strongly agree,5,100,100
P0319,Conformity,2,Strongly agree,5,100,100
P0319,Conformity,3,Strongly agree,5,100,100
P0319,Conformity,4,Strongly disagree,1,20,20
P0319,Conformity,5,Neither agree nor disagree,3,50,50
P0319,Conformity,6,Strongly agree,5,100,100
P0319,Conformity,7,Disagree,2,5,5
P0319,Conformity,8,Strongly disagree,1,0,0
P0319,Conformity,9,Disagree,2,10,10
P0319,Conformity,10,Neither agree nor disagree,3,10,0
P0319,Conformity,11,Neither agree nor disagree,3,20,20
P0319,Conformity,12,Strongly disagree,1,10,10
P0320,Individual,1,Strongly agree,5,80,100
P0320,Individual,2,Strongly agree,5,95,95
P0320,Individual,3,Strongly agree,5,85,85
P0320,Individual,4,Strongly agree,5,60,60
P0320,Individual,5,Strongly agree,5,70,70
P0320,Individual,6,Strongly agree,5,95,95
P0320,Individual,7,Strongly disagree,1,20,20
P0320,Individual,8,Strongly disagree,1,5,15
P0320,Individual,9,Strongly disagree,1,10,10
P0320,Individual,10,Disagree,2,71,70
P0320,Individual,11,Strongly disagree,1,30,30
P0320,Individual,12,Strongly disagree,1,10,10
P0321,Age,1,Strongly agree,5,80,80
P0321,Age,2,Strongly agree,5,80,80
P0321,Age,3,Strongly agree,5,80,80
P0321,Age,4,Strongly disagree,1,30,30
P0321,Age,5,Disagree,2,30,30
P0321,Age,6,Strongly agree,5,55,55
P0321,Age,7,Strongly disagree,1,40,40
P0321,Age,8,Strongly disagree,1,30,30
P0321,Age,9,Strongly disagree,1,40,40
P0321,Age,10,Strongly disagree,1,30,30
P0321,Age,11,Strongly disagree,1,60,60
P0321,Age,12,Strongly disagree,1,30,30
P0322,Conformity,1,Strongly agree,5,98,98
P0322,Conformity,2,Strongly agree,5,95,95
P0322,Conformity,3,Strongly agree,5,66,85
P0322,Conformity,4,Neither agree nor disagree,3,13,30
P0322,Conformity,5,Agree,4,75,75
P0322,Conformity,6,Strongly agree,5,85,90
P0322,Conformity,7,Strongly disagree,1,3,5
P0322,Conformity,8,Disagree,2,35,15
P0322,Conformity,9,Disagree,2,20,8
P0322,Conformity,10,Disagree,2,7,10
P0322,Conformity,11,Disagree,2,55,25
P0322,Conformity,12,Disagree,2,25,12
P0323,Prestige,1,Strongly agree,5,80,83
P0323,Prestige,2,Strongly agree,5,84,87
P0323,Prestige,3,Strongly agree,5,74,84
P0323,Prestige,4,Agree,4,82,65
P0323,Prestige,5,Agree,4,63,69
P0323,Prestige,6,Agree,4,70,80
P0323,Prestige,7,Disagree,2,34,34
P0323,Prestige,8,Disagree,2,71,40
P0323,Prestige,9,Strongly disagree,1,25,25
P0323,Prestige,10,Disagree,2,46,35
P0323,Prestige,11,Agree,4,79,71
P0323,Prestige,12,Disagree,2,65,58
P0324,Season,1,Agree,4,61,86
P0324,Season,2,Strongly agree,5,83,93
P0324,Season,3,Strongly agree,5,80,82
P0324,Season,4,Disagree,2,35,58
P0324,Season,5,Agree,4,56,66
P0324,Season,6,Agree,4,60,95
P0324,Season,7,Strongly disagree,1,20,11
P0324,Season,8,Disagree,2,25,7
P0324,Season,9,Disagree,2,50,5
P0324,Season,10,Neither agree nor disagree,3,30,16
P0324,Season,11,Disagree,2,60,19
P0324,Season,12,Disagree,2,35,14
P0325,Individual,1,Strongly agree,5,86,100
P0325,Individual,2,Strongly agree,5,81,81
P0325,Individual,3,Strongly agree,5,77,77
P0325,Individual,4,Agree,4,45,45
P0325,Individual,5,Strongly agree,5,66,66
P0325,Individual,6,Strongly agree,5,72,72
P0325,Individual,7,Strongly disagree,1,12,12
P0325,Individual,8,Strongly disagree,1,23,23
P0325,Individual,9,Disagree,2,38,38
P0325,Individual,10,Disagree,2,15,15
P0325,Individual,11,Strongly disagree,1,41,41
P0325,Individual,12,Disagree,2,21,21
P0326,Season,1,Agree,4,100,100
P0326,Season,2,Strongly agree,5,100,100
P0326,Season,3,Agree,4,80,80
P0326,Season,4,Strongly agree,5,70,60
P0326,Season,5,Agree,4,100,70
P0326,Season,6,Strongly agree,5,100,100
P0326,Season,7,Disagree,2,10,10
P0326,Season,8,Strongly disagree,1,0,0
P0326,Season,9,Strongly disagree,1,0,0
P0326,Season,10,Agree,4,50,15
P0326,Season,11,Neither agree nor disagree,3,50,15
P0326,Season,12,Disagree,2,0,10
P0327,Individual,1,Strongly agree,5,41,100
P0327,Individual,2,Strongly agree,5,67,67
P0327,Individual,3,Strongly agree,5,40,40
P0327,Individual,4,Agree,4,12,12
P0327,Individual,5,Agree,4,24,24
P0327,Individual,6,Strongly agree,5,45,45
P0327,Individual,7,Strongly disagree,1,40,40
P0327,Individual,8,Strongly disagree,1,32,32
P0327,Individual,9,Strongly disagree,1,30,30
P0327,Individual,10,Strongly disagree,1,66,66
P0327,Individual,11,Strongly disagree,1,81,81
P0327,Individual,12,Strongly disagree,1,77,77
P0328,Individual,1,Strongly agree,5,80,100
P0328,Individual,2,Strongly agree,5,91,91
P0328,Individual,3,Strongly agree,5,75,75
P0328,Individual,4,Agree,4,22,22
P0328,Individual,5,Agree,4,40,40
P0328,Individual,6,Strongly agree,5,40,40
P0328,Individual,7,Strongly disagree,1,50,50
P0328,Individual,8,Strongly disagree,1,41,41
P0328,Individual,9,Strongly disagree,1,60,60
P0328,Individual,10,Strongly disagree,1,36,36
P0328,Individual,11,Strongly disagree,1,84,84
P0328,Individual,12,Strongly disagree,1,38,38
P0329,Age,1,Agree,4,70,93
P0329,Age,2,Agree,4,80,96
P0329,Age,3,Disagree,2,70,91
P0329,Age,4,Strongly disagree,1,10,60
P0329,Age,5,Disagree,2,50,71
P0329,Age,6,Disagree,2,20,95
P0329,Age,7,Neither agree nor disagree,3,20,10
P0329,Age,8,Neither agree nor disagree,3,20,5
P0329,Age,9,Neither agree nor disagree,3,10,3
P0329,Age,10,Agree,4,25,15
P0329,Age,11,Agree,4,70,15
P0329,Age,12,Agree,4,20,8
P0330,Age,1,Agree,4,38,38
P0330,Age,2,Agree,4,95,95
P0330,Age,3,Agree,4,70,82
P0330,Age,4,Agree,4,29,29
P0330,Age,5,Agree,4,7,7
P0330,Age,6,Agree,4,10,10
P0330,Age,7,Strongly disagree,1,4,9
P0330,Age,8,Disagree,2,6,6
P0330,Age,9,Strongly disagree,1,46,46
P0330,Age,10,Neither agree nor disagree,3,21,16
P0330,Age,11,Disagree,2,58,18
P0330,Age,12,Disagree,2,60,60
P0331,Season,1,Strongly agree,5,60,60
P0331,Season,2,Strongly agree,5,66,79
P0331,Season,3,Agree,4,70,77
P0331,Season,4,Strongly agree,5,67,67
P0331,Season,5,Neither agree nor disagree,3,66,66
P0331,Season,6,Strongly agree,5,84,84
P0331,Season,7,Agree,4,34,34
P0331,Season,8,Strongly disagree,1,28,28
P0331,Season,9,Strongly disagree,1,57,57
P0331,Season,10,Neither agree nor disagree,3,37,26
P0331,Season,11,Disagree,2,40,30
P0331,Season,12,Disagree,2,60,60
P0332,Individual,1,Agree,4,70,70
P0332,Individual,2,Strongly agree,5,75,75
P0332,Individual,3,Agree,4,80,80
P0332,Individual,4,Agree,4,70,70
P0332,Individual,5,Neither agree nor disagree,3,20,20
P0332,Individual,6,Agree,4,60,60
P0332,Individual,7,Neither agree nor disagree,3,60,60
P0332,Individual,8,Disagree,2,50,50
P0332,Individual,9,Disagree,2,30,30
P0332,Individual,10,Disagree,2,20,20
P0332,Individual,11,Neither agree nor disagree,3,70,70
P0332,Individual,12,Disagree,2,40,40
P0333,Age,1,Neither agree nor disagree,3,47,100
P0333,Age,2,Agree,4,90,100
P0333,Age,3,Strongly agree,5,91,91
P0333,Age,4,Strongly agree,5,53,53
P0333,Age,5,Strongly agree,5,67,67
P0333,Age,6,Neither agree nor disagree,3,61,61
P0333,Age,7,Strongly disagree,1,42,9
P0333,Age,8,Agree,4,52,0
P0333,Age,9,Strongly disagree,1,31,2
P0333,Age,10,Strongly disagree,1,28,13
P0333,Age,11,Strongly disagree,1,47,11
P0333,Age,12,Neither agree nor disagree,3,66,14
P0334,Individual,1,Strongly agree,5,60,100
P0334,Individual,2,Strongly agree,5,90,90
P0334,Individual,3,Strongly agree,5,48,48
P0334,Individual,4,Disagree,2,40,40
P0334,Individual,5,Neither agree nor disagree,3,65,65
P0334,Individual,6,Strongly agree,5,66,66
P0334,Individual,7,Agree,4,30,30
P0334,Individual,8,Disagree,2,50,50
P0334,Individual,9,Strongly disagree,1,20,20
P0334,Individual,10,Disagree,2,25,25
P0334,Individual,11,Agree,4,76,76
P0334,Individual,12,Disagree,2,35,35
P0335,Individual,1,Strongly agree,5,73,100
P0335,Individual,2,Strongly agree,5,89,89
P0335,Individual,3,Strongly agree,5,64,64
P0335,Individual,4,Disagree,2,34,34
P0335,Individual,5,Strongly agree,5,47,47
P0335,Individual,6,Strongly agree,5,39,39
P0335,Individual,7,Strongly disagree,1,51,51
P0335,Individual,8,Strongly disagree,1,48,48
P0335,Individual,9,Strongly disagree,1,34,34
P0335,Individual,10,Agree,4,58,58
P0335,Individual,11,Strongly disagree,1,62,62
P0335,Individual,12,Strongly disagree,1,50,50
P0336,Prestige,1,Strongly agree,5,78,89
P0336,Prestige,2,Strongly agree,5,92,92
P0336,Prestige,3,Strongly agree,5,73,85
P0336,Prestige,4,Agree,4,50,57
P0336,Prestige,5,Agree,4,60,69
P0336,Prestige,6,Strongly agree,5,70,90
P0336,Prestige,7,Strongly disagree,1,18,11
P0336,Prestige,8,Strongly disagree,1,27,6
P0336,Prestige,9,Strongly disagree,1,20,8
P0336,Prestige,10,Disagree,2,25,17
P0336,Prestige,11,Disagree,2,40,13
P0336,Prestige,12,Strongly disagree,1,28,14
P0337,Prestige,1,Strongly disagree,1,66,87
P0337,Prestige,2,Strongly agree,5,77,82
P0337,Prestige,3,Strongly agree,5,67,80
P0337,Prestige,4,Agree,4,22,51
P0337,Prestige,5,Strongly agree,5,58,82
P0337,Prestige,6,Strongly agree,5,42,85
P0337,Prestige,7,Strongly disagree,1,73,37
P0337,Prestige,8,Strongly disagree,1,60,36
P0337,Prestige,9,Strongly disagree,1,55,24
P0337,Prestige,10,Strongly disagree,1,64,37
P0337,Prestige,11,Disagree,2,41,11
P0337,Prestige,12,Strongly disagree,1,90,24
P0338,Individual,1,Strongly agree,5,85,100
P0338,Individual,2,Strongly agree,5,60,80
P0338,Individual,3,Strongly agree,5,90,90
P0338,Individual,4,Disagree,2,15,15
P0338,Individual,5,Strongly agree,5,50,60
P0338,Individual,6,Strongly agree,5,40,55
P0338,Individual,7,Disagree,2,65,70
P0338,Individual,8,Strongly disagree,1,70,60
P0338,Individual,9,Strongly disagree,1,25,15
P0338,Individual,10,Strongly disagree,1,65,50
P0338,Individual,11,Strongly disagree,1,75,70
P0338,Individual,12,Strongly disagree,1,60,70
P0339,Season,1,Strongly agree,5,70,82
P0339,Season,2,Strongly agree,5,56,66
P0339,Season,3,Strongly agree,5,74,80
P0339,Season,4,Strongly agree,5,33,58
P0339,Season,5,Strongly agree,5,47,60
P0339,Season,6,Strongly agree,5,43,62
P0339,Season,7,Strongly disagree,1,24,18
P0339,Season,8,Strongly disagree,1,59,30
P0339,Season,9,Strongly disagree,1,61,29
P0339,Season,10,Strongly disagree,1,36,25
P0339,Season,11,Strongly disagree,1,62,35
P0339,Season,12,Strongly disagree,1,30,18
P0340,Prestige,1,Agree,4,79,91
P0340,Prestige,2,Strongly agree,5,96,96
P0340,Prestige,3,Agree,4,72,86
P0340,Prestige,4,Agree,4,73,63
P0340,Prestige,5,Agree,4,84,80
P0340,Prestige,6,Agree,4,61,84
P0340,Prestige,7,Neither agree nor disagree,3,46,13
P0340,Prestige,8,Disagree,2,11,5
P0340,Prestige,9,Disagree,2,20,9
P0340,Prestige,10,Agree,4,54,49
P0340,Prestige,11,Agree,4,60,27
P0340,Prestige,12,Neither agree nor disagree,3,66,20
P0341,Individual,1,Strongly agree,5,18,100
P0341,Individual,2,Strongly agree,5,89,89
P0341,Individual,3,Agree,4,65,65
P0341,Individual,4,Strongly agree,5,87,87
P0341,Individual,5,Neither agree nor disagree,3,83,83
P0341,Individual,6,Agree,4,19,19
P0341,Individual,7,Strongly disagree,1,0,0
P0341,Individual,8,Strongly disagree,1,0,0
P0341,Individual,9,Strongly disagree,1,4,4
P0341,Individual,10,Disagree,2,3,3
P0341,Individual,11,Strongly disagree,1,18,18
P0341,Individual,12,Strongly disagree,1,7,7
P0342,Individual,1,Agree,4,88,88
P0342,Individual,2,Agree,4,73,73
P0342,Individual,3,Agree,4,70,80
P0342,Individual,4,Disagree,2,25,25
P0342,Individual,5,Neither agree nor disagree,3,44,53
P0342,Individual,6,Agree,4,79,79
P0342,Individual,7,Agree,4,42,60
P0342,Individual,8,Neither agree nor disagree,3,36,36
P0342,Individual,9,Strongly disagree,1,13,13
P0342,Individual,10,Strongly agree,5,67,67
P0342,Individual,11,Neither agree nor disagree,3,82,82
P0342,Individual,12,Disagree,2,7,7
P0343,Season,1,Agree,4,64,75
P0343,Season,2,Strongly agree,5,86,92
P0343,Season,3,Strongly agree,5,74,78
P0343,Season,4,Disagree,2,43,55
P0343,Season,5,Agree,4,54,70
P0343,Season,6,Strongly agree,5,65,92
P0343,Season,7,Strongly disagree,1,14,14
P0343,Season,8,Disagree,2,28,21
P0343,Season,9,Strongly disagree,1,24,16
P0343,Season,10,Neither agree nor disagree,3,34,20
P0343,Season,11,Neither agree nor disagree,3,31,22
P0343,Season,12,Disagree,2,52,24
P0344,Conformity,1,Strongly agree,5,75,75
P0344,Conformity,2,Strongly agree,5,80,80
P0344,Conformity,3,Strongly agree,5,71,71
P0344,Conformity,4,Neither agree nor disagree,3,41,41
P0344,Conformity,5,Strongly agree,5,70,70
P0344,Conformity,6,Strongly agree,5,78,78
P0344,Conformity,7,Strongly disagree,1,49,37
P0344,Conformity,8,Strongly disagree,1,26,20
P0344,Conformity,9,Strongly disagree,1,26,19
P0344,Conformity,10,Strongly disagree,1,50,40
P0344,Conformity,11,Strongly disagree,1,58,31
P0344,Conformity,12,Strongly disagree,1,40,20
P0345,Season,1,Strongly agree,5,100,100
P0345,Season,2,Agree,4,70,70
P0345,Season,3,Strongly agree,5,88,88
P0345,Season,4,Disagree,2,25,25
P0345,Season,5,Strongly agree,5,40,40
P0345,Season,6,Strongly agree,5,85,85
P0345,Season,7,Agree,4,51,51
P0345,Season,8,Strongly disagree,1,7,7
P0345,Season,9,Strongly disagree,1,0,0
P0345,Season,10,Agree,4,40,40
P0345,Season,11,Neither agree nor disagree,3,30,30
P0345,Season,12,Strongly disagree,1,10,10
P0346,Season,1,Strongly agree,5,100,100
P0346,Season,2,Strongly agree,5,0,0
P0346,Season,3,Strongly agree,5,100,100
P0346,Season,4,Strongly agree,5,82,82
P0346,Season,5,Strongly agree,5,76,76
P0346,Season,6,Strongly agree,5,100,100
P0346,Season,7,Strongly disagree,1,0,0
P0346,Season,8,Strongly disagree,1,0,0
P0346,Season,9,Strongly disagree,1,0,0
P0346,Season,10,Strongly disagree,1,0,0
P0346,Season,11,Strongly disagree,1,0,0
P0346,Season,12,Strongly disagree,1,83,10
P0347,Season,1,Agree,4,82,85
P0347,Season,2,Strongly agree,5,96,96
P0347,Season,3,Agree,4,80,86
P0347,Season,4,Agree,4,76,69
P0347,Season,5,Agree,4,74,74
P0347,Season,6,Agree,4,82,88
P0347,Season,7,Disagree,2,37,13
P0347,Season,8,Strongly disagree,1,20,12
P0347,Season,9,Neither agree nor disagree,3,59,44
P0347,Season,10,Neither agree nor disagree,3,50,21
P0347,Season,11,Disagree,2,30,20
P0347,Season,12,Disagree,2,35,16
P0348,Conformity,1,Strongly agree,5,64,64
P0348,Conformity,2,Strongly agree,5,92,92
P0348,Conformity,3,Strongly agree,5,82,82
P0348,Conformity,4,Strongly agree,5,35,35
P0348,Conformity,5,Strongly agree,5,76,76
P0348,Conformity,6,Strongly agree,5,81,81
P0348,Conformity,7,Strongly disagree,1,51,51
P0348,Conformity,8,Strongly disagree,1,40,40
P0348,Conformity,9,Strongly disagree,1,40,40
P0348,Conformity,10,Strongly disagree,1,50,0
P0348,Conformity,11,Strongly disagree,1,72,72
P0348,Conformity,12,Strongly disagree,1,75,75
P0349,Age,1,Strongly agree,5,89,94
P0349,Age,2,Strongly agree,5,94,94
P0349,Age,3,Strongly agree,5,90,90
P0349,Age,4,Disagree,2,30,66
P0349,Age,5,Strongly agree,5,53,73
P0349,Age,6,Strongly agree,5,85,95
P0349,Age,7,Strongly disagree,1,11,11
P0349,Age,8,Strongly disagree,1,25,7
P0349,Age,9,Strongly disagree,1,27,5
P0349,Age,10,Disagree,2,20,20
P0349,Age,11,Strongly disagree,1,37,15
P0349,Age,12,Strongly disagree,1,30,12
P0350,Individual,1,Strongly agree,5,88,100
P0350,Individual,2,Strongly agree,5,97,97
P0350,Individual,3,Strongly agree,5,91,91
P0350,Individual,4,Neither agree nor disagree,3,85,85
P0350,Individual,5,Strongly agree,5,84,84
P0350,Individual,6,Strongly agree,5,70,70
P0350,Individual,7,Strongly disagree,1,29,29
P0350,Individual,8,Strongly disagree,1,11,11
P0350,Individual,9,Strongly disagree,1,9,9
P0350,Individual,10,Strongly disagree,1,7,7
P0350,Individual,11,Strongly disagree,1,14,14
P0350,Individual,12,Strongly disagree,1,26,26
P0351,Season,1,Neither agree nor disagree,3,69,97
P0351,Season,2,Strongly agree,5,100,100
P0351,Season,3,Strongly agree,5,100,100
P0351,Season,4,Neither agree nor disagree,3,34,61
P0351,Season,5,Neither agree nor disagree,3,84,72
P0351,Season,6,Strongly agree,5,54,57
P0351,Season,7,Neither agree nor disagree,3,47,10
P0351,Season,8,Disagree,2,100,4
P0351,Season,9,Strongly disagree,1,100,3
P0351,Season,10,Neither agree nor disagree,3,50,15
P0351,Season,11,Neither agree nor disagree,3,61,20
P0351,Season,12,Strongly disagree,1,0,13
P0352,Conformity,1,Strongly agree,5,57,78
P0352,Conformity,2,Strongly agree,5,81,81
P0352,Conformity,3,Strongly agree,5,58,71
P0352,Conformity,4,Strongly agree,5,50,50
P0352,Conformity,5,Strongly agree,5,74,74
P0352,Conformity,6,Strongly agree,5,68,68
P0352,Conformity,7,Strongly agree,5,89,69
P0352,Conformity,8,Strongly disagree,1,18,18
P0352,Conformity,9,Strongly disagree,1,51,9
P0352,Conformity,10,Strongly agree,5,87,53
P0352,Conformity,11,Neither agree nor disagree,3,51,18
P0352,Conformity,12,Strongly disagree,1,52,14
P0353,Individual,1,Agree,4,100,100
P0353,Individual,2,Strongly agree,5,100,100
P0353,Individual,3,Disagree,2,50,50
P0353,Individual,4,Strongly agree,5,100,100
P0353,Individual,5,Agree,4,80,80
P0353,Individual,6,Strongly agree,5,100,100
P0353,Individual,7,Agree,4,50,50
P0353,Individual,8,Disagree,2,4,4
P0353,Individual,9,Neither agree nor disagree,3,0,0
P0353,Individual,10,Neither agree nor disagree,3,70,70
P0353,Individual,11,Disagree,2,50,50
P0353,Individual,12,Disagree,2,5,5
P0354,Conformity,1,Strongly agree,5,80,80
P0354,Conformity,2,Agree,4,100,100
P0354,Conformity,3,Strongly agree,5,80,80
P0354,Conformity,4,Strongly agree,5,100,100
P0354,Conformity,5,Neither agree nor disagree,3,50,50
P0354,Conformity,6,Neither agree nor disagree,3,90,90
P0354,Conformity,7,Neither agree nor disagree,3,10,10
P0354,Conformity,8,Neither agree nor disagree,3,58,5
P0354,Conformity,9,Neither agree nor disagree,3,10,10
P0354,Conformity,10,Neither agree nor disagree,3,50,10
P0354,Conformity,11,Neither agree nor disagree,3,30,30
P0354,Conformity,12,Neither agree nor disagree,3,50,8
P0355,Conformity,1,Strongly agree,5,85,85
P0355,Conformity,2,Strongly agree,5,80,90
P0355,Conformity,3,Strongly agree,5,90,90
P0355,Conformity,4,Neither agree nor disagree,3,50,55
P0355,Conformity,5,Strongly agree,5,80,75
P0355,Conformity,6,Strongly agree,5,60,70
P0355,Conformity,7,Disagree,2,75,20
P0355,Conformity,8,Disagree,2,60,30
P0355,Conformity,9,Strongly disagree,1,50,30
P0355,Conformity,10,Neither agree nor disagree,3,50,30
P0355,Conformity,11,Strongly disagree,1,61,40
P0355,Conformity,12,Strongly disagree,1,70,50
P0356,Season,1,Strongly agree,5,67,70
P0356,Season,2,Strongly agree,5,85,87
P0356,Season,3,Strongly agree,5,77,81
P0356,Season,4,Strongly agree,5,26,44
P0356,Season,5,Neither agree nor disagree,3,51,58
P0356,Season,6,Strongly agree,5,53,82
P0356,Season,7,Disagree,2,40,19
P0356,Season,8,Strongly disagree,1,11,10
P0356,Season,9,Strongly disagree,1,11,8
P0356,Season,10,Disagree,2,50,21
P0356,Season,11,Disagree,2,77,51
P0356,Season,12,Strongly disagree,1,39,25
P0357,Age,1,Strongly agree,5,63,93
P0357,Age,2,Strongly agree,5,88,98
P0357,Age,3,Strongly agree,5,77,94
P0357,Age,4,Agree,4,61,61
P0357,Age,5,Strongly agree,5,67,67
P0357,Age,6,Strongly agree,5,64,96
P0357,Age,7,Neither agree nor disagree,3,65,7
P0357,Age,8,Strongly disagree,1,23,14
P0357,Age,9,Strongly disagree,1,56,2
P0357,Age,10,Disagree,2,48,13
P0357,Age,11,Disagree,2,39,11
P0357,Age,12,Strongly disagree,1,37,8
P0358,Conformity,1,Strongly agree,5,92,92
P0358,Conformity,2,Agree,4,75,87
P0358,Conformity,3,Agree,4,71,93
P0358,Conformity,4,Neither agree nor disagree,3,14,55
P0358,Conformity,5,Disagree,2,25,69
P0358,Conformity,6,Agree,4,82,92
P0358,Conformity,7,Neither agree nor disagree,3,38,14
P0358,Conformity,8,Disagree,2,43,8
P0358,Conformity,9,Disagree,2,27,13
P0358,Conformity,10,Agree,4,41,21
P0358,Conformity,11,Neither agree nor disagree,3,51,16
P0358,Conformity,12,Disagree,2,35,7
P0359,Individual,1,Agree,4,65,100
P0359,Individual,2,Strongly agree,5,100,100
P0359,Individual,3,Agree,4,90,90
P0359,Individual,4,Agree,4,70,80
P0359,Individual,5,Neither agree nor disagree,3,30,30
P0359,Individual,6,Agree,4,80,80
P0359,Individual,7,Strongly disagree,1,0,0
P0359,Individual,8,Strongly disagree,1,5,5
P0359,Individual,9,Disagree,2,20,20
P0359,Individual,10,Disagree,2,30,25
P0359,Individual,11,Disagree,2,50,50
P0359,Individual,12,Strongly disagree,1,10,10
P0360,Conformity,1,Agree,4,60,93
P0360,Conformity,2,Strongly agree,5,42,96
P0360,Conformity,3,Strongly agree,5,58,91
P0360,Conformity,4,Disagree,2,25,60
P0360,Conformity,5,Agree,4,35,71
P0360,Conformity,6,Strongly agree,5,40,95
P0360,Conformity,7,Strongly disagree,1,56,10
P0360,Conformity,8,Neither agree nor disagree,3,70,5
P0360,Conformity,9,Strongly disagree,1,79,3
P0360,Conformity,10,Disagree,2,68,15
P0360,Conformity,11,Neither agree nor disagree,3,81,15
P0360,Conformity,12,Disagree,2,72,8
P0361,Age,1,Strongly agree,5,29,83
P0361,Age,2,Strongly agree,5,66,87
P0361,Age,3,Strongly agree,5,74,81
P0361,Age,4,Agree,4,36,67
P0361,Age,5,Strongly agree,5,38,83
P0361,Age,6,Strongly agree,5,58,84
P0361,Age,7,Strongly disagree,1,85,34
P0361,Age,8,Disagree,2,45,10
P0361,Age,9,Disagree,2,74,11
P0361,Age,10,Disagree,2,38,25
P0361,Age,11,Strongly disagree,1,46,26
P0361,Age,12,Strongly disagree,1,65,16
P0362,Age,1,Neither agree nor disagree,3,25,50
P0362,Age,2,Strongly agree,5,85,90
P0362,Age,3,Agree,4,70,80
P0362,Age,4,Agree,4,65,55
P0362,Age,5,Agree,4,55,70
P0362,Age,6,Strongly agree,5,45,95
P0362,Age,7,Disagree,2,15,10
P0362,Age,8,Strongly disagree,1,35,10
P0362,Age,9,Strongly disagree,1,20,5
P0362,Age,10,Disagree,2,30,15
P0362,Age,11,Strongly disagree,1,45,35
P0362,Age,12,Strongly disagree,1,15,10
P0363,Conformity,1,Strongly agree,5,100,100
P0363,Conformity,2,Strongly agree,5,100,100
P0363,Conformity,3,Strongly agree,5,100,100
P0363,Conformity,4,Disagree,2,70,70
P0363,Conformity,5,Agree,4,71,71
P0363,Conformity,6,Strongly agree,5,100,100
P0363,Conformity,7,Disagree,2,11,11
P0363,Conformity,8,Strongly disagree,1,0,0
P0363,Conformity,9,Disagree,2,0,0
P0363,Conformity,10,Agree,4,29,0
P0363,Conformity,11,Disagree,2,30,30
P0363,Conformity,12,Strongly disagree,1,0,0
P0364,Prestige,1,Strongly agree,5,60,60
P0364,Prestige,2,Strongly agree,5,60,60
P0364,Prestige,3,Strongly agree,5,45,45
P0364,Prestige,4,Strongly agree,5,35,35
P0364,Prestige,5,Strongly agree,5,30,30
P0364,Prestige,6,Strongly agree,5,60,60
P0364,Prestige,7,Strongly disagree,1,70,70
P0364,Prestige,8,Strongly disagree,1,50,50
P0364,Prestige,9,Strongly disagree,1,60,60
P0364,Prestige,10,Strongly disagree,1,50,50
P0364,Prestige,11,Strongly disagree,1,40,40
P0364,Prestige,12,Strongly disagree,1,20,20
P0365,Prestige,1,Agree,4,80,90
P0365,Prestige,2,Agree,4,50,85
P0365,Prestige,3,Strongly agree,5,90,90
P0365,Prestige,4,Agree,4,20,71
P0365,Prestige,5,Agree,4,40,65
P0365,Prestige,6,Agree,4,56,90
P0365,Prestige,7,Neither agree nor disagree,3,60,25
P0365,Prestige,8,Strongly disagree,1,30,10
P0365,Prestige,9,Strongly disagree,1,20,0
P0365,Prestige,10,Neither agree nor disagree,3,66,30
P0365,Prestige,11,Disagree,2,90,20
P0365,Prestige,12,Strongly disagree,1,20,10
P0366,Age,1,Agree,4,85,90
P0366,Age,2,Agree,4,80,90
P0366,Age,3,Strongly agree,5,75,85
P0366,Age,4,Disagree,2,70,65
P0366,Age,5,Neither agree nor disagree,3,40,55
P0366,Age,6,Agree,4,60,80
P0366,Age,7,Disagree,2,30,15
P0366,Age,8,Neither agree nor disagree,3,30,15
P0366,Age,9,Disagree,2,15,5
P0366,Age,10,Neither agree nor disagree,3,45,30
P0366,Age,11,Disagree,2,55,35
P0366,Age,12,Neither agree nor disagree,3,45,20
P0367,Prestige,1,Strongly agree,5,75,80
P0367,Prestige,2,Strongly agree,5,100,100
P0367,Prestige,3,Agree,4,60,80
P0367,Prestige,4,Strongly agree,5,100,100
P0367,Prestige,5,Disagree,2,30,60
P0367,Prestige,6,Strongly agree,5,90,90
P0367,Prestige,7,Disagree,2,70,30
P0367,Prestige,8,Strongly disagree,1,5,5
P0367,Prestige,9,Strongly disagree,1,5,5
P0367,Prestige,10,Agree,4,20,20
P0367,Prestige,11,Disagree,2,15,15
P0367,Prestige,12,Disagree,2,5,5
P0368,Conformity,1,Strongly agree,5,55,80
P0368,Conformity,2,Strongly agree,5,80,85
P0368,Conformity,3,Strongly agree,5,60,75
P0368,Conformity,4,Strongly agree,5,55,55
P0368,Conformity,5,Strongly agree,5,40,40
P0368,Conformity,6,Strongly agree,5,60,70
P0368,Conformity,7,Strongly disagree,1,45,30
P0368,Conformity,8,Strongly disagree,1,15,10
P0368,Conformity,9,Strongly disagree,1,30,10
P0368,Conformity,10,Strongly disagree,1,50,35
P0368,Conformity,11,Strongly disagree,1,40,30
P0368,Conformity,12,Strongly disagree,1,30,20
P0369,Season,1,Disagree,2,40,61
P0369,Season,2,Strongly agree,5,60,60
P0369,Season,3,Disagree,2,41,100
P0369,Season,4,Strongly agree,5,61,61
P0369,Season,5,Agree,4,51,51
P0369,Season,6,Agree,4,71,85
P0369,Season,7,Neither agree nor disagree,3,30,30
P0369,Season,8,Agree,4,61,61
P0369,Season,9,Disagree,2,40,40
P0369,Season,10,Agree,4,63,81
P0369,Season,11,Strongly agree,5,60,60
P0369,Season,12,Agree,4,50,50
P0370,Prestige,1,Agree,4,91,91
P0370,Prestige,2,Agree,4,77,77
P0370,Prestige,3,Neither agree nor disagree,3,89,89
P0370,Prestige,4,Strongly disagree,1,58,58
P0370,Prestige,5,Neither agree nor disagree,3,67,67
P0370,Prestige,6,Agree,4,79,79
P0370,Prestige,7,Neither agree nor disagree,3,42,42
P0370,Prestige,8,Neither agree nor disagree,3,57,57
P0370,Prestige,9,Neither agree nor disagree,3,57,57
P0370,Prestige,10,Agree,4,42,42
P0370,Prestige,11,Agree,4,65,65
P0370,Prestige,12,Disagree,2,43,26
P0371,Age,1,Agree,4,40,90
P0371,Age,2,Strongly agree,5,80,90
P0371,Age,3,Agree,4,40,90
P0371,Age,4,Agree,4,60,60
P0371,Age,5,Agree,4,60,70
P0371,Age,6,Agree,4,60,90
P0371,Age,7,Neither agree nor disagree,3,30,15
P0371,Age,8,Strongly disagree,1,10,10
P0371,Age,9,Strongly disagree,1,20,5
P0371,Age,10,Agree,4,40,20
P0371,Age,11,Disagree,2,60,20
P0371,Age,12,Agree,4,40,10
P0372,Age,1,Agree,4,70,80
P0372,Age,2,Agree,4,60,60
P0372,Age,3,Agree,4,90,90
P0372,Age,4,Strongly disagree,1,10,40
P0372,Age,5,Agree,4,20,45
P0372,Age,6,Neither agree nor disagree,3,40,70
P0372,Age,7,Neither agree nor disagree,3,15,15
P0372,Age,8,Disagree,2,30,30
P0372,Age,9,Disagree,2,5,5
P0372,Age,10,Neither agree nor disagree,3,60,40
P0372,Age,11,Strongly agree,5,80,40
P0372,Age,12,Agree,4,60,25
P0373,Prestige,1,Strongly disagree,1,30,30
P0373,Prestige,2,Strongly agree,5,100,100
P0373,Prestige,3,Neither agree nor disagree,3,0,0
P0373,Prestige,4,Neither agree nor disagree,3,50,50
P0373,Prestige,5,Neither agree nor disagree,3,10,10
P0373,Prestige,6,Strongly agree,5,100,100
P0373,Prestige,7,Disagree,2,11,11
P0373,Prestige,8,Strongly disagree,1,10,10
P0373,Prestige,9,Strongly disagree,1,0,0
P0373,Prestige,10,Strongly disagree,1,0,0
P0373,Prestige,11,Strongly agree,5,100,100
P0373,Prestige,12,Strongly agree,5,100,100
P0374,Season,1,Agree,4,95,95
P0374,Season,2,Strongly agree,5,90,90
P0374,Season,3,Strongly agree,5,90,90
P0374,Season,4,Neither agree nor disagree,3,80,80
P0374,Season,5,Neither agree nor disagree,3,60,69
P0374,Season,6,Agree,4,85,85
P0374,Season,7,Disagree,2,20,20
P0374,Season,8,Disagree,2,20,20
P0374,Season,9,Strongly disagree,1,10,8
P0374,Season,10,Disagree,2,60,60
P0374,Season,11,Neither agree nor disagree,3,50,20
P0374,Season,12,Disagree,2,44,15
P0375,Individual,1,Agree,4,26,100
P0375,Individual,2,Agree,4,63,63
P0375,Individual,3,Agree,4,45,45
P0375,Individual,4,Agree,4,67,67
P0375,Individual,5,Agree,4,38,38
P0375,Individual,6,Agree,4,36,36
P0375,Individual,7,Neither agree nor disagree,3,22,22
P0375,Individual,8,Disagree,2,35,35
P0375,Individual,9,Disagree,2,26,26
P0375,Individual,10,Neither agree nor disagree,3,33,33
P0375,Individual,11,Disagree,2,39,39
P0375,Individual,12,Neither agree nor disagree,3,32,32
P0376,Season,1,Strongly agree,5,89,89
P0376,Season,2,Strongly agree,5,100,100
P0376,Season,3,Strongly agree,5,100,100
P0376,Season,4,Agree,4,70,70
P0376,Season,5,Agree,4,62,62
P0376,Season,6,Strongly agree,5,67,67
P0376,Season,7,Disagree,2,29,21
P0376,Season,8,Strongly disagree,1,13,8
P0376,Season,9,Disagree,2,10,10
P0376,Season,10,Neither agree nor disagree,3,66,66
P0376,Season,11,Neither agree nor disagree,3,31,31
P0376,Season,12,Strongly disagree,1,10,10
P0377,Age,1,Strongly agree,5,90,90
P0377,Age,2,Strongly agree,5,91,92
P0377,Age,3,Strongly agree,5,84,92
P0377,Age,4,Agree,4,36,53
P0377,Age,5,Neither agree nor disagree,3,24,65
P0377,Age,6,Strongly agree,5,51,91
P0377,Age,7,Disagree,2,21,11
P0377,Age,8,Disagree,2,27,12
P0377,Age,9,Strongly disagree,1,13,6
P0377,Age,10,Disagree,2,20,18
P0377,Age,11,Neither agree nor disagree,3,59,17
P0377,Age,12,Strongly disagree,1,35,12
P0378,Season,1,Strongly agree,5,82,91
P0378,Season,2,Strongly agree,5,100,96
P0378,Season,3,Strongly agree,5,81,89
P0378,Season,4,Disagree,2,62,62
P0378,Season,5,Strongly agree,5,92,82
P0378,Season,6,Strongly agree,5,81,92
P0378,Season,7,Strongly disagree,1,22,11
P0378,Season,8,Strongly disagree,1,3,3
P0378,Season,9,Strongly disagree,1,2,2
P0378,Season,10,Disagree,2,40,14
P0378,Season,11,Disagree,2,31,18
P0378,Season,12,Strongly disagree,1,20,8
P0379,Age,1,Agree,4,85,88
P0379,Age,2,Agree,4,95,95
P0379,Age,3,Agree,4,59,88
P0379,Age,4,Agree,4,82,71
P0379,Age,5,Agree,4,55,74
P0379,Age,6,Agree,4,89,90
P0379,Age,7,Disagree,2,28,17
P0379,Age,8,Disagree,2,25,9
P0379,Age,9,Disagree,2,60,8
P0379,Age,10,Disagree,2,42,19
P0379,Age,11,Disagree,2,40,21
P0379,Age,12,Disagree,2,67,13
P0380,Individual,1,Strongly agree,5,81,90
P0380,Individual,2,Agree,4,80,80
P0380,Individual,3,Strongly agree,5,75,80
P0380,Individual,4,Agree,4,80,80
P0380,Individual,5,Disagree,2,40,40
P0380,Individual,6,Agree,4,55,55
P0380,Individual,7,Agree,4,40,40
P0380,Individual,8,Disagree,2,20,20
P0380,Individual,9,Disagree,2,45,45
P0380,Individual,10,Neither agree nor disagree,3,40,40
P0380,Individual,11,Neither agree nor disagree,3,50,50
P0380,Individual,12,Disagree,2,30,25
P0381,Age,1,Strongly agree,5,85,85
P0381,Age,2,Strongly agree,5,85,85
P0381,Age,3,Agree,4,80,80
P0381,Age,4,Strongly agree,5,75,75
P0381,Age,5,Agree,4,70,70
P0381,Age,6,Strongly agree,5,70,80
P0381,Age,7,Disagree,2,30,25
P0381,Age,8,Strongly disagree,1,30,15
P0381,Age,9,Strongly disagree,1,70,20
P0381,Age,10,Disagree,2,30,20
P0381,Age,11,Disagree,2,60,20
P0381,Age,12,Strongly disagree,1,35,10
P0382,Conformity,1,Agree,4,95,95
P0382,Conformity,2,Neither agree nor disagree,3,92,92
P0382,Conformity,3,Strongly agree,5,94,94
P0382,Conformity,4,Disagree,2,55,59
P0382,Conformity,5,Neither agree nor disagree,3,71,71
P0382,Conformity,6,Agree,4,82,94
P0382,Conformity,7,Disagree,2,26,8
P0382,Conformity,8,Disagree,2,29,4
P0382,Conformity,9,Disagree,2,24,2
P0382,Conformity,10,Disagree,2,45,13
P0382,Conformity,11,Disagree,2,58,15
P0382,Conformity,12,Disagree,2,29,9
P0383,Season,1,Strongly agree,5,60,75
P0383,Season,2,Strongly agree,5,70,80
P0383,Season,3,Strongly agree,5,70,80
P0383,Season,4,Strongly agree,5,41,50
P0383,Season,5,Agree,4,60,60
P0383,Season,6,Strongly agree,5,60,70
P0383,Season,7,Strongly disagree,1,10,10
P0383,Season,8,Strongly disagree,1,30,25
P0383,Season,9,Strongly disagree,1,50,30
P0383,Season,10,Strongly disagree,1,41,35
P0383,Season,11,Disagree,2,60,50
P0383,Season,12,Strongly disagree,1,30,20
P0384,Age,1,Strongly agree,5,98,98
P0384,Age,2,Strongly agree,5,85,95
P0384,Age,3,Agree,4,60,95
P0384,Age,4,Disagree,2,22,40
P0384,Age,5,Agree,4,82,82
P0384,Age,6,Strongly agree,5,85,95
P0384,Age,7,Disagree,2,15,12
P0384,Age,8,Disagree,2,40,15
P0384,Age,9,Strongly disagree,1,8,6
P0384,Age,10,Disagree,2,15,15
P0384,Age,11,Agree,4,55,30
P0384,Age,12,Disagree,2,42,22
P0385,Individual,1,Strongly agree,5,88,100
P0385,Individual,2,Strongly agree,5,91,91
P0385,Individual,3,Agree,4,63,63
P0385,Individual,4,Strongly agree,5,57,63
P0385,Individual,5,Strongly agree,5,83,83
P0385,Individual,6,Strongly agree,5,82,82
P0385,Individual,7,Strongly disagree,1,21,21
P0385,Individual,8,Strongly disagree,1,29,29
P0385,Individual,9,Strongly disagree,1,27,27
P0385,Individual,10,Disagree,2,32,32
P0385,Individual,11,Strongly disagree,1,39,39
P0385,Individual,12,Strongly disagree,1,22,22
P0386,Conformity,1,Agree,4,85,85
P0386,Conformity,2,Strongly agree,5,75,85
P0386,Conformity,3,Strongly agree,5,90,90
P0386,Conformity,4,Strongly disagree,1,40,45
P0386,Conformity,5,Neither agree nor disagree,3,45,60
P0386,Conformity,6,Strongly agree,5,80,90
P0386,Conformity,7,Disagree,2,30,15
P0386,Conformity,8,Strongly disagree,1,10,10
P0386,Conformity,9,Disagree,2,15,8
P0386,Conformity,10,Disagree,2,30,0
P0386,Conformity,11,Agree,4,50,40
P0386,Conformity,12,Agree,4,25,15
P0387,Conformity,1,Strongly agree,5,95,95
P0387,Conformity,2,Strongly agree,5,100,100
P0387,Conformity,3,Strongly agree,5,94,94
P0387,Conformity,4,Disagree,2,57,57
P0387,Conformity,5,Neither agree nor disagree,3,69,69
P0387,Conformity,6,Strongly agree,5,94,94
P0387,Conformity,7,Disagree,2,16,11
P0387,Conformity,8,Strongly disagree,1,24,6
P0387,Conformity,9,Strongly disagree,1,15,6
P0387,Conformity,10,Strongly disagree,1,27,16
P0387,Conformity,11,Disagree,2,23,16
P0387,Conformity,12,Strongly disagree,1,9,9
P0388,Age,1,Strongly agree,5,98,98
P0388,Age,2,Strongly agree,5,90,98
P0388,Age,3,Strongly agree,5,98,95
P0388,Age,4,Neither agree nor disagree,3,65,62
P0388,Age,5,Strongly agree,5,55,75
P0388,Age,6,Strongly agree,5,90,94
P0388,Age,7,Strongly disagree,1,36,8
P0388,Age,8,Strongly disagree,1,8,4
P0388,Age,9,Strongly disagree,1,2,3
P0388,Age,10,Disagree,2,22,15
P0388,Age,11,Strongly disagree,1,45,10
P0388,Age,12,Strongly disagree,1,33,6
P0389,Age,1,Strongly agree,5,82,91
P0389,Age,2,Strongly agree,5,49,96
P0389,Age,3,Strongly agree,5,66,90
P0389,Age,4,Strongly agree,5,30,58
P0389,Age,5,Strongly agree,5,41,68
P0389,Age,6,Strongly agree,5,40,91
P0389,Age,7,Strongly disagree,1,28,11
P0389,Age,8,Strongly disagree,1,41,5
P0389,Age,9,Strongly disagree,1,29,10
P0389,Age,10,Strongly disagree,1,40,22
P0389,Age,11,Strongly disagree,1,56,20
P0389,Age,12,Strongly disagree,1,45,10
P0390,Season,1,Strongly agree,5,96,96
P0390,Season,2,Agree,4,92,92
P0390,Season,3,Agree,4,90,90
P0390,Season,4,Agree,4,60,60
P0390,Season,5,Neither agree nor disagree,3,51,75
P0390,Season,6,Agree,4,75,86
P0390,Season,7,Agree,4,34,12
P0390,Season,8,Neither agree nor disagree,3,65,7
P0390,Season,9,Disagree,2,16,8
P0390,Season,10,Agree,4,59,16
P0390,Season,11,Strongly agree,5,50,17
P0390,Season,12,Strongly disagree,1,41,10
P0391,Prestige,1,Strongly agree,5,78,80
P0391,Prestige,2,Strongly agree,5,66,68
P0391,Prestige,3,Strongly agree,5,57,67
P0391,Prestige,4,Disagree,2,24,34
P0391,Prestige,5,Strongly agree,5,57,59
P0391,Prestige,6,Strongly agree,5,41,56
P0391,Prestige,7,Strongly disagree,1,32,25
P0391,Prestige,8,Disagree,2,40,29
P0391,Prestige,9,Strongly disagree,1,25,22
P0391,Prestige,10,Strongly disagree,1,29,29
P0391,Prestige,11,Strongly disagree,1,39,34
P0391,Prestige,12,Strongly disagree,1,37,32
P0392,Age,1,Strongly agree,5,70,85
P0392,Age,2,Strongly agree,5,70,70
P0392,Age,3,Strongly agree,5,75,90
P0392,Age,4,Agree,4,20,50
P0392,Age,5,Strongly agree,5,65,65
P0392,Age,6,Strongly agree,5,55,65
P0392,Age,7,Strongly disagree,1,20,15
P0392,Age,8,Strongly disagree,1,25,25
P0392,Age,9,Strongly disagree,1,15,5
P0392,Age,10,Disagree,2,25,20
P0392,Age,11,Strongly disagree,1,60,20
P0392,Age,12,Strongly disagree,1,35,15
P0393,Prestige,1,Strongly agree,5,60,74
P0393,Prestige,2,Strongly agree,5,69,76
P0393,Prestige,3,Agree,4,64,69
P0393,Prestige,4,Disagree,2,46,51
P0393,Prestige,5,Strongly agree,5,35,62
P0393,Prestige,6,Agree,4,37,78
P0393,Prestige,7,Disagree,2,58,37
P0393,Prestige,8,Disagree,2,55,33
P0393,Prestige,9,Strongly disagree,1,36,32
P0393,Prestige,10,Disagree,2,58,47
P0393,Prestige,11,Disagree,2,53,33
P0393,Prestige,12,Disagree,2,67,35
P0394,Prestige,1,Strongly agree,5,80,80
P0394,Prestige,2,Strongly agree,5,91,91
P0394,Prestige,3,Strongly agree,5,86,86
P0394,Prestige,4,Strongly agree,5,61,61
P0394,Prestige,5,Strongly agree,5,75,75
P0394,Prestige,6,Strongly agree,5,85,85
P0394,Prestige,7,Strongly disagree,1,29,20
P0394,Prestige,8,Strongly disagree,1,29,15
P0394,Prestige,9,Strongly disagree,1,12,9
P0394,Prestige,10,Strongly disagree,1,18,18
P0394,Prestige,11,Strongly disagree,1,81,19
P0394,Prestige,12,Strongly disagree,1,11,11
P0395,Conformity,1,Strongly agree,5,87,87
P0395,Conformity,2,Strongly agree,5,87,88
P0395,Conformity,3,Strongly agree,5,81,81
P0395,Conformity,4,Disagree,2,62,62
P0395,Conformity,5,Strongly agree,5,84,70
P0395,Conformity,6,Strongly agree,5,80,83
P0395,Conformity,7,Strongly disagree,1,24,24
P0395,Conformity,8,Strongly disagree,1,16,14
P0395,Conformity,9,Strongly disagree,1,22,22
P0395,Conformity,10,Strongly disagree,1,35,34
P0395,Conformity,11,Strongly disagree,1,24,24
P0395,Conformity,12,Strongly disagree,1,13,13
P0396,Conformity,1,Strongly agree,5,98,98
P0396,Conformity,2,Strongly agree,5,99,98
P0396,Conformity,3,Strongly agree,5,94,92
P0396,Conformity,4,Neither agree nor disagree,3,60,60
P0396,Conformity,5,Agree,4,80,75
P0396,Conformity,6,Strongly agree,5,90,95
P0396,Conformity,7,Disagree,2,7,8
P0396,Conformity,8,Disagree,2,10,10
P0396,Conformity,9,Strongly disagree,1,8,3
P0396,Conformity,10,Neither agree nor disagree,3,25,16
P0396,Conformity,11,Disagree,2,15,15
P0396,Conformity,12,Disagree,2,15,13
P0397,Individual,1,Strongly agree,5,100,100
P0397,Individual,2,Strongly agree,5,100,100
P0397,Individual,3,Strongly agree,5,100,100
P0397,Individual,4,Strongly agree,5,100,100
P0397,Individual,5,Strongly disagree,1,49,49
P0397,Individual,6,Strongly agree,5,100,100
P0397,Individual,7,Agree,4,14,14
P0397,Individual,8,Strongly disagree,1,50,50
P0397,Individual,9,Strongly disagree,1,7,7
P0397,Individual,10,Agree,4,37,37
P0397,Individual,11,Neither agree nor disagree,3,31,31
P0397,Individual,12,Strongly disagree,1,1,1
P0398,Season,1,Strongly agree,5,90,95
P0398,Season,2,Strongly agree,5,70,70
P0398,Season,3,Strongly agree,5,60,75
P0398,Season,4,Agree,4,55,55
P0398,Season,5,Strongly agree,5,50,60
P0398,Season,6,Strongly agree,5,90,90
P0398,Season,7,Strongly disagree,1,20,15
P0398,Season,8,Strongly disagree,1,20,20
P0398,Season,9,Strongly disagree,1,45,25
P0398,Season,10,Disagree,2,30,15
P0398,Season,11,Neither agree nor disagree,3,60,40
P0398,Season,12,Strongly disagree,1,60,55
P0399,Prestige,1,Strongly agree,5,70,75
P0399,Prestige,2,Strongly agree,5,95,95
P0399,Prestige,3,Strongly agree,5,90,90
P0399,Prestige,4,Strongly agree,5,60,60
P0399,Prestige,5,Strongly agree,5,90,85
P0399,Prestige,6,Strongly agree,5,95,95
P0399,Prestige,7,Strongly disagree,1,10,10
P0399,Prestige,8,Strongly disagree,1,50,30
P0399,Prestige,9,Strongly disagree,1,10,10
P0399,Prestige,10,Strongly disagree,1,15,15
P0399,Prestige,11,Strongly disagree,1,25,15
P0399,Prestige,12,Strongly disagree,1,20,15
P0400,Conformity,1,Strongly agree,5,88,89
P0400,Conformity,2,Strongly agree,5,80,88
P0400,Conformity,3,Strongly agree,5,83,83
P0400,Conformity,4,Strongly agree,5,65,65
P0400,Conformity,5,Strongly agree,5,60,72
P0400,Conformity,6,Strongly agree,5,68,88
P0400,Conformity,7,Strongly disagree,1,25,16
P0400,Conformity,8,Strongly disagree,1,18,12
P0400,Conformity,9,Strongly disagree,1,36,15
P0400,Conformity,10,Strongly disagree,1,15,0
P0400,Conformity,11,Strongly disagree,1,74,34
P0400,Conformity,12,Strongly disagree,1,40,21
P0401,Individual,1,Agree,4,73,100
P0401,Individual,2,Agree,4,89,89
P0401,Individual,3,Agree,4,80,80
P0401,Individual,4,Disagree,2,47,47
P0401,Individual,5,Agree,4,73,73
P0401,Individual,6,Agree,4,77,77
P0401,Individual,7,Strongly disagree,1,35,35
P0401,Individual,8,Disagree,2,10,10
P0401,Individual,9,Disagree,2,42,42
P0401,Individual,10,Neither agree nor disagree,3,60,60
P0401,Individual,11,Agree,4,89,89
P0401,Individual,12,Disagree,2,46,46
P0402,Season,1,Strongly agree,5,71,71
P0402,Season,2,Strongly agree,5,80,80
P0402,Season,3,Strongly agree,5,62,72
P0402,Season,4,Agree,4,50,50
P0402,Season,5,Strongly agree,5,59,59
P0402,Season,6,Strongly agree,5,63,63
P0402,Season,7,Strongly disagree,1,51,34
P0402,Season,8,Strongly disagree,1,48,29
P0402,Season,9,Strongly disagree,1,30,30
P0402,Season,10,Strongly disagree,1,40,40
P0402,Season,11,Strongly disagree,1,43,43
P0402,Season,12,Strongly disagree,1,53,53
P0403,Age,1,Strongly agree,5,99,86
P0403,Age,2,Disagree,2,80,80
P0403,Age,3,Strongly disagree,1,72,72
P0403,Age,4,Strongly disagree,1,82,92
P0403,Age,5,Strongly disagree,1,56,56
P0403,Age,6,Strongly disagree,1,87,87
P0403,Age,7,Strongly disagree,1,15,15
P0403,Age,8,Strongly agree,5,58,58
P0403,Age,9,Agree,4,20,94
P0403,Age,10,Disagree,2,55,55
P0403,Age,11,Strongly agree,5,70,70
P0403,Age,12,Strongly agree,5,74,74
P0404,Individual,1,Strongly agree,5,100,100
P0404,Individual,2,Strongly agree,5,100,100
P0404,Individual,3,Strongly agree,5,100,100
P0404,Individual,4,Agree,4,84,84
P0404,Individual,5,Neither agree nor disagree,3,62,50
P0404,Individual,6,Strongly agree,5,100,100
P0404,Individual,7,Strongly disagree,1,0,0
P0404,Individual,8,Strongly disagree,1,0,0
P0404,Individual,9,Strongly disagree,1,0,0
P0404,Individual,10,Strongly disagree,1,0,0
P0404,Individual,11,Neither agree nor disagree,3,62,62
P0404,Individual,12,Strongly disagree,1,0,0
P0405,Season,1,Strongly agree,5,75,90
P0405,Season,2,Strongly agree,5,70,85
P0405,Season,3,Strongly agree,5,50,85
P0405,Season,4,Disagree,2,30,50
P0405,Season,5,Agree,4,60,65
P0405,Season,6,Strongly agree,5,65,85
P0405,Season,7,Strongly disagree,1,25,15
P0405,Season,8,Strongly disagree,1,35,15
P0405,Season,9,Strongly disagree,1,35,10
P0405,Season,10,Neither agree nor disagree,3,55,25
P0405,Season,11,Disagree,2,65,20
P0405,Season,12,Disagree,2,30,20
P0406,Season,1,Agree,4,19,39
P0406,Season,2,Strongly agree,5,55,41
P0406,Season,3,Strongly agree,5,82,82
P0406,Season,4,Strongly agree,5,72,72
P0406,Season,5,Agree,4,26,26
P0406,Season,6,Strongly agree,5,62,62
P0406,Season,7,Strongly disagree,1,88,69
P0406,Season,8,Strongly disagree,1,68,68
P0406,Season,9,Strongly disagree,1,86,25
P0406,Season,10,Disagree,2,65,41
P0406,Season,11,Strongly disagree,1,95,95
P0406,Season,12,Strongly disagree,1,53,17
P0407,Conformity,1,Disagree,2,86,86
P0407,Conformity,2,Strongly agree,5,94,94
P0407,Conformity,3,Neither agree nor disagree,3,74,90
P0407,Conformity,4,Strongly disagree,1,73,73
P0407,Conformity,5,Agree,4,80,80
P0407,Conformity,6,Agree,4,90,90
P0407,Conformity,7,Disagree,2,28,28
P0407,Conformity,8,Disagree,2,12,12
P0407,Conformity,9,Strongly disagree,1,0,4
P0407,Conformity,10,Neither agree nor disagree,3,23,0
P0407,Conformity,11,Agree,4,20,20
P0407,Conformity,12,Disagree,2,40,9
P0408,Season,1,Strongly agree,5,95,95
P0408,Season,2,Strongly agree,5,90,94
P0408,Season,3,Strongly agree,5,75,85
P0408,Season,4,Strongly disagree,1,60,60
P0408,Season,5,Agree,4,80,78
P0408,Season,6,Agree,4,70,85
P0408,Season,7,Agree,4,25,15
P0408,Season,8,Disagree,2,30,15
P0408,Season,9,Disagree,2,20,10
P0408,Season,10,Strongly agree,5,30,20
P0408,Season,11,Strongly agree,5,35,25
P0408,Season,12,Neither agree nor disagree,3,35,15
P0409,Individual,1,Agree,4,85,92
P0409,Individual,2,Agree,4,83,93
P0409,Individual,3,Agree,4,81,94
P0409,Individual,4,Agree,4,84,91
P0409,Individual,5,Neither agree nor disagree,3,79,92
P0409,Individual,6,Strongly agree,5,82,91
P0409,Individual,7,Agree,4,82,92
P0409,Individual,8,Agree,4,81,90
P0409,Individual,9,Agree,4,76,87
P0409,Individual,10,Neither agree nor disagree,3,73,85
P0409,Individual,11,Neither agree nor disagree,3,77,86
P0409,Individual,12,Agree,4,76,87
P0410,Individual,1,Strongly agree,5,89,100
P0410,Individual,2,Strongly agree,5,93,93
P0410,Individual,3,Strongly agree,5,89,89
P0410,Individual,4,Disagree,2,57,57
P0410,Individual,5,Strongly agree,5,55,55
P0410,Individual,6,Strongly agree,5,70,70
P0410,Individual,7,Strongly disagree,1,23,23
P0410,Individual,8,Strongly disagree,1,44,44
P0410,Individual,9,Strongly disagree,1,73,73
P0410,Individual,10,Strongly disagree,1,33,33
P0410,Individual,11,Strongly disagree,1,48,48
P0410,Individual,12,Strongly disagree,1,53,53
P0411,Age,1,Strongly agree,5,82,88
P0411,Age,2,Strongly agree,5,87,92
P0411,Age,3,Strongly agree,5,61,81
P0411,Age,4,Agree,4,30,38
P0411,Age,5,Strongly agree,5,52,52
P0411,Age,6,Strongly agree,5,70,80
P0411,Age,7,Disagree,2,78,36
P0411,Age,8,Strongly disagree,1,30,19
P0411,Age,9,Strongly disagree,1,40,30
P0411,Age,10,Neither agree nor disagree,3,56,29
P0411,Age,11,Disagree,2,61,40
P0411,Age,12,Strongly disagree,1,50,21
P0412,Prestige,1,Strongly agree,5,90,90
P0412,Prestige,2,Strongly agree,5,95,95
P0412,Prestige,3,Strongly agree,5,80,85
P0412,Prestige,4,Strongly agree,5,80,70
P0412,Prestige,5,Strongly agree,5,80,75
P0412,Prestige,6,Strongly agree,5,90,90
P0412,Prestige,7,Disagree,2,20,15
P0412,Prestige,8,Strongly disagree,1,15,10
P0412,Prestige,9,Strongly disagree,1,35,15
P0412,Prestige,10,Disagree,2,25,20
P0412,Prestige,11,Neither agree nor disagree,3,25,20
P0412,Prestige,12,Strongly disagree,1,20,10
P0413,Prestige,1,Strongly agree,5,86,86
P0413,Prestige,2,Strongly agree,5,90,90
P0413,Prestige,3,Strongly agree,5,66,83
P0413,Prestige,4,Strongly agree,5,56,56
P0413,Prestige,5,Agree,4,23,65
P0413,Prestige,6,Strongly agree,5,61,76
P0413,Prestige,7,Strongly disagree,1,29,16
P0413,Prestige,8,Disagree,2,24,12
P0413,Prestige,9,Strongly disagree,1,13,13
P0413,Prestige,10,Disagree,2,34,23
P0413,Prestige,11,Strongly disagree,1,61,29
P0413,Prestige,12,Strongly disagree,1,35,19
P0414,Season,1,Strongly agree,5,68,68
P0414,Season,2,Strongly agree,5,89,89
P0414,Season,3,Strongly agree,5,83,83
P0414,Season,4,Disagree,2,97,97
P0414,Season,5,Agree,4,93,93
P0414,Season,6,Strongly agree,5,86,86
P0414,Season,7,Neither agree nor disagree,3,90,90
P0414,Season,8,Strongly agree,5,94,94
P0414,Season,9,Disagree,2,85,84
P0414,Season,10,Strongly agree,5,63,63
P0414,Season,11,Agree,4,93,93
P0414,Season,12,Strongly disagree,1,100,100
P0415,Age,1,Strongly agree,5,95,95
P0415,Age,2,Strongly agree,5,97,97
P0415,Age,3,Strongly agree,5,99,99
P0415,Age,4,Agree,4,53,53
P0415,Age,5,Agree,4,79,79
P0415,Age,6,Strongly agree,5,99,99
P0415,Age,7,Strongly disagree,1,8,8
P0415,Age,8,Strongly disagree,1,1,1
P0415,Age,9,Strongly disagree,1,1,1
P0415,Age,10,Disagree,2,11,11
P0415,Age,11,Disagree,2,30,30
P0415,Age,12,Strongly disagree,1,7,7
P0416,Season,1,Strongly agree,5,100,100
P0416,Season,2,Strongly agree,5,95,95
P0416,Season,3,Strongly agree,5,86,91
P0416,Season,4,Agree,4,85,85
P0416,Season,5,Strongly agree,5,91,75
P0416,Season,6,Strongly agree,5,78,78
P0416,Season,7,Strongly disagree,1,7,7
P0416,Season,8,Strongly disagree,1,10,10
P0416,Season,9,Strongly disagree,1,33,33
P0416,Season,10,Strongly disagree,1,14,14
P0416,Season,11,Disagree,2,10,15
P0416,Season,12,Strongly disagree,1,33,32
P0417,Prestige,1,Strongly agree,5,95,95
P0417,Prestige,2,Strongly agree,5,95,95
P0417,Prestige,3,Strongly agree,5,85,90
P0417,Prestige,4,Strongly agree,5,80,81
P0417,Prestige,5,Strongly disagree,1,55,79
P0417,Prestige,6,Strongly agree,5,67,73
P0417,Prestige,7,Strongly disagree,1,35,68
P0417,Prestige,8,Strongly disagree,1,10,90
P0417,Prestige,9,Strongly disagree,1,13,90
P0417,Prestige,10,Strongly disagree,1,23,87
P0417,Prestige,11,Strongly disagree,1,60,21
P0417,Prestige,12,Strongly disagree,1,15,85
P0418,Prestige,1,Strongly agree,5,85,85
P0418,Prestige,2,Agree,4,60,70
P0418,Prestige,3,Strongly agree,5,75,80
P0418,Prestige,4,Disagree,2,30,30
P0418,Prestige,5,Neither agree nor disagree,3,35,40
P0418,Prestige,6,Strongly agree,5,45,65
P0418,Prestige,7,Neither agree nor disagree,3,40,25
P0418,Prestige,8,Disagree,2,55,25
P0418,Prestige,9,Disagree,2,55,20
P0418,Prestige,10,Neither agree nor disagree,3,40,27
P0418,Prestige,11,Neither agree nor disagree,3,55,20
P0418,Prestige,12,Strongly disagree,1,30,30
P0419,Age,1,Strongly agree,5,90,90
P0419,Age,2,Strongly agree,5,90,90
P0419,Age,3,Strongly agree,5,85,85
P0419,Age,4,Strongly agree,5,90,65
P0419,Age,5,Strongly agree,5,50,65
P0419,Age,6,Strongly agree,5,75,95
P0419,Age,7,Strongly disagree,1,15,15
P0419,Age,8,Strongly disagree,1,15,10
P0419,Age,9,Strongly disagree,1,20,5
P0419,Age,10,Strongly disagree,1,15,15
P0419,Age,11,Strongly disagree,1,50,20
P0419,Age,12,Strongly disagree,1,25,10
P0420,Individual,1,Strongly agree,5,85,95
P0420,Individual,2,Strongly agree,5,92,90
P0420,Individual,3,Strongly agree,5,82,85
P0420,Individual,4,Disagree,2,35,43
P0420,Individual,5,Agree,4,42,45
P0420,Individual,6,Strongly agree,5,80,85
P0420,Individual,7,Disagree,2,5,3
P0420,Individual,8,Strongly disagree,1,70,65
P0420,Individual,9,Strongly disagree,1,8,5
P0420,Individual,10,Neither agree nor disagree,3,25,20
P0420,Individual,11,Agree,4,60,65
P0420,Individual,12,Strongly disagree,1,20,15
P0421,Season,1,Strongly agree,5,75,90
P0421,Season,2,Strongly agree,5,96,96
P0421,Season,3,Strongly agree,5,85,90
P0421,Season,4,Disagree,2,50,70
P0421,Season,5,Agree,4,45,75
P0421,Season,6,Strongly agree,5,80,85
P0421,Season,7,Disagree,2,8,12
P0421,Season,8,Strongly disagree,1,10,8
P0421,Season,9,Strongly disagree,1,8,5
P0421,Season,10,Disagree,2,15,15
P0421,Season,11,Neither agree nor disagree,3,50,45
P0421,Season,12,Strongly disagree,1,20,20
P0422,Age,1,Strongly agree,5,91,91
P0422,Age,2,Strongly agree,5,94,94
P0422,Age,3,Agree,4,27,91
P0422,Age,4,Disagree,2,10,60
P0422,Age,5,Strongly disagree,1,0,71
P0422,Age,6,Strongly agree,5,90,95
P0422,Age,7,Agree,4,60,10
P0422,Age,8,Disagree,2,20,6
P0422,Age,9,Disagree,2,10,4
P0422,Age,10,Disagree,2,82,15
P0422,Age,11,Strongly agree,5,100,15
P0422,Age,12,Strongly disagree,1,30,10
P0423,Age,1,Neither agree nor disagree,3,45,71
P0423,Age,2,Strongly agree,5,82,90
P0423,Age,3,Neither agree nor disagree,3,36,50
P0423,Age,4,Strongly agree,5,70,70
P0423,Age,5,Strongly agree,5,55,50
P0423,Age,6,Agree,4,75,71
P0423,Age,7,Neither agree nor disagree,3,22,16
P0423,Age,8,Disagree,2,15,15
P0423,Age,9,Disagree,2,5,5
P0423,Age,10,Agree,4,50,35
P0423,Age,11,Disagree,2,40,40
P0423,Age,12,Strongly disagree,1,10,10
P0424,Prestige,1,Strongly agree,5,95,95
P0424,Prestige,2,Strongly agree,5,95,95
P0424,Prestige,3,Strongly agree,5,88,88
P0424,Prestige,4,Agree,4,45,55
P0424,Prestige,5,Neither agree nor disagree,3,55,61
P0424,Prestige,6,Strongly agree,5,90,90
P0424,Prestige,7,Strongly disagree,1,6,8
P0424,Prestige,8,Strongly disagree,1,15,13
P0424,Prestige,9,Strongly disagree,1,22,18
P0424,Prestige,10,Strongly disagree,1,30,25
P0424,Prestige,11,Agree,4,77,60
P0424,Prestige,12,Disagree,2,45,32
P0425,Prestige,1,Agree,4,100,100
P0425,Prestige,2,Agree,4,100,100
P0425,Prestige,3,Agree,4,100,100
P0425,Prestige,4,Agree,4,100,100
P0425,Prestige,5,Agree,4,100,100
P0425,Prestige,6,Agree,4,100,100
P0425,Prestige,7,Agree,4,13,13
P0425,Prestige,8,Agree,4,6,6
P0425,Prestige,9,Agree,4,5,5
P0425,Prestige,10,Neither agree nor disagree,3,5,5
P0425,Prestige,11,Agree,4,6,6
P0425,Prestige,12,Agree,4,5,5
P0426,Conformity,1,Strongly agree,5,87,87
P0426,Conformity,2,Strongly agree,5,92,92
P0426,Conformity,3,Strongly agree,5,50,94
P0426,Conformity,4,Agree,4,60,60
P0426,Conformity,5,Agree,4,60,68
P0426,Conformity,6,Strongly agree,5,37,84
P0426,Conformity,7,Disagree,2,20,20
P0426,Conformity,8,Strongly disagree,1,9,9
P0426,Conformity,9,Strongly disagree,1,18,7
P0426,Conformity,10,Disagree,2,45,17
P0426,Conformity,11,Disagree,2,68,24
P0426,Conformity,12,Strongly disagree,1,50,9
P0427,Age,1,Strongly agree,5,86,88
P0427,Age,2,Strongly agree,5,86,87
P0427,Age,3,Strongly agree,5,82,82
P0427,Age,4,Strongly agree,5,82,77
P0427,Age,5,Strongly agree,5,81,81
P0427,Age,6,Strongly agree,5,79,86
P0427,Age,7,Strongly disagree,1,18,12
P0427,Age,8,Strongly disagree,1,22,5
P0427,Age,9,Strongly disagree,1,18,3
P0427,Age,10,Strongly disagree,1,21,21
P0427,Age,11,Strongly disagree,1,20,20
P0427,Age,12,Strongly disagree,1,17,7
P0428,Prestige,1,Strongly agree,5,95,95
P0428,Prestige,2,Strongly agree,5,90,90
P0428,Prestige,3,Strongly agree,5,70,90
P0428,Prestige,4,Disagree,2,60,60
P0428,Prestige,5,Neither agree nor disagree,3,75,75
P0428,Prestige,6,Strongly agree,5,80,90
P0428,Prestige,7,Disagree,2,10,10
P0428,Prestige,8,Strongly disagree,1,5,5
P0428,Prestige,9,Strongly disagree,1,95,5
P0428,Prestige,10,Strongly agree,5,40,20
P0428,Prestige,11,Neither agree nor disagree,3,5,5
P0428,Prestige,12,Strongly disagree,1,10,10
P0429,Season,1,Strongly agree,5,97,97
P0429,Season,2,Agree,4,92,93
P0429,Season,3,Strongly agree,5,84,85
P0429,Season,4,Strongly agree,5,98,92
P0429,Season,5,Strongly agree,5,87,85
P0429,Season,6,Strongly agree,5,96,96
P0429,Season,7,Strongly disagree,1,4,8
P0429,Season,8,Disagree,2,8,8
P0429,Season,9,Disagree,2,12,5
P0429,Season,10,Strongly disagree,1,5,5
P0429,Season,11,Disagree,2,26,18
P0429,Season,12,Strongly disagree,1,15,10
P0430,Conformity,1,Agree,4,95,95
P0430,Conformity,2,Neither agree nor disagree,3,84,91
P0430,Conformity,3,Strongly agree,5,86,86
P0430,Conformity,4,Strongly disagree,1,52,52
P0430,Conformity,5,Strongly disagree,1,68,68
P0430,Conformity,6,Disagree,2,75,75
P0430,Conformity,7,Disagree,2,7,7
P0430,Conformity,8,Neither agree nor disagree,3,52,52
P0430,Conformity,9,Disagree,2,33,33
P0430,Conformity,10,Agree,4,17,0
P0430,Conformity,11,Strongly agree,5,41,29
P0430,Conformity,12,Agree,4,63,63
P0431,Conformity,1,Strongly agree,5,100,100
P0431,Conformity,2,Strongly agree,5,100,96
P0431,Conformity,3,Strongly agree,5,100,91
P0431,Conformity,4,Agree,4,82,82
P0431,Conformity,5,Agree,4,100,89
P0431,Conformity,6,Strongly agree,5,100,100
P0431,Conformity,7,Disagree,2,7,20
P0431,Conformity,8,Strongly disagree,1,4,5
P0431,Conformity,9,Disagree,2,7,3
P0431,Conformity,10,Disagree,2,5,20
P0431,Conformity,11,Disagree,2,30,30
P0431,Conformity,12,Strongly agree,5,83,8
P0432,Age,1,Strongly agree,5,95,95
P0432,Age,2,Agree,4,70,82
P0432,Age,3,Strongly agree,5,86,86
P0432,Age,4,Agree,4,66,66
P0432,Age,5,Neither agree nor disagree,3,58,58
P0432,Age,6,Strongly agree,5,67,79
P0432,Age,7,Strongly disagree,1,24,24
P0432,Age,8,Strongly disagree,1,46,26
P0432,Age,9,Strongly disagree,1,34,20
P0432,Age,10,Disagree,2,30,30
P0432,Age,11,Strongly disagree,1,45,35
P0432,Age,12,Strongly disagree,1,17,17
P0433,Prestige,1,Strongly agree,5,99,99
P0433,Prestige,2,Agree,4,90,90
P0433,Prestige,3,Agree,4,78,90
P0433,Prestige,4,Agree,4,95,70
P0433,Prestige,5,Strongly disagree,1,85,70
P0433,Prestige,6,Strongly agree,5,75,95
P0433,Prestige,7,Disagree,2,18,18
P0433,Prestige,8,Disagree,2,38,7
P0433,Prestige,9,Disagree,2,24,10
P0433,Prestige,10,Strongly disagree,1,45,16
P0433,Prestige,11,Agree,4,70,20
P0433,Prestige,12,Strongly disagree,1,45,10
P0434,Individual,1,Strongly agree,5,70,100
P0434,Individual,2,Strongly agree,5,81,82
P0434,Individual,3,Strongly agree,5,48,48
P0434,Individual,4,Strongly agree,5,55,55
P0434,Individual,5,Strongly agree,5,61,60
P0434,Individual,6,Strongly agree,5,61,55
P0434,Individual,7,Strongly disagree,1,71,75
P0434,Individual,8,Strongly disagree,1,15,20
P0434,Individual,9,Strongly disagree,1,51,60
P0434,Individual,10,Strongly disagree,1,62,65
P0434,Individual,11,Strongly disagree,1,76,80
P0434,Individual,12,Strongly disagree,1,80,80
P0435,Prestige,1,Strongly agree,5,83,83
P0435,Prestige,2,Agree,4,62,76
P0435,Prestige,3,Agree,4,78,86
P0435,Prestige,4,Agree,4,41,55
P0435,Prestige,5,Neither agree nor disagree,3,47,61
P0435,Prestige,6,Strongly agree,5,79,80
P0435,Prestige,7,Strongly disagree,1,13,13
P0435,Prestige,8,Strongly disagree,1,32,22
P0435,Prestige,9,Disagree,2,6,6
P0435,Prestige,10,Strongly disagree,1,20,20
P0435,Prestige,11,Strongly disagree,1,37,25
P0435,Prestige,12,Strongly disagree,1,23,15
P0436,Individual,1,Strongly agree,5,97,100
P0436,Individual,2,Strongly agree,5,88,88
P0436,Individual,3,Strongly agree,5,67,67
P0436,Individual,4,Agree,4,22,22
P0436,Individual,5,Strongly agree,5,67,67
P0436,Individual,6,Strongly agree,5,77,77
P0436,Individual,7,Strongly disagree,1,19,19
P0436,Individual,8,Strongly disagree,1,14,14
P0436,Individual,9,Strongly disagree,1,15,15
P0436,Individual,10,Strongly disagree,1,28,28
P0436,Individual,11,Strongly disagree,1,30,30
P0436,Individual,12,Strongly disagree,1,36,36
P0437,Conformity,1,Strongly agree,5,97,97
P0437,Conformity,2,Strongly agree,5,70,83
P0437,Conformity,3,Strongly agree,5,93,93
P0437,Conformity,4,Strongly agree,5,71,71
P0437,Conformity,5,Agree,4,81,81
P0437,Conformity,6,Strongly agree,5,80,91
P0437,Conformity,7,Strongly disagree,1,18,18
P0437,Conformity,8,Strongly disagree,1,40,18
P0437,Conformity,9,Strongly disagree,1,14,14
P0437,Conformity,10,Agree,4,61,41
P0437,Conformity,11,Disagree,2,60,39
P0437,Conformity,12,Strongly disagree,1,32,19
P0438,Conformity,1,Disagree,2,50,90
P0438,Conformity,2,Strongly agree,5,100,100
P0438,Conformity,3,Strongly agree,5,80,80
P0438,Conformity,4,Strongly agree,5,100,100
P0438,Conformity,5,Strongly agree,5,100,100
P0438,Conformity,6,Strongly agree,5,80,80
P0438,Conformity,7,Strongly disagree,1,10,10
P0438,Conformity,8,Strongly disagree,1,0,0
P0438,Conformity,9,Strongly disagree,1,0,0
P0438,Conformity,10,Strongly disagree,1,0,0
P0438,Conformity,11,Strongly disagree,1,0,0
P0438,Conformity,12,Disagree,2,40,10
P0439,Age,1,Strongly agree,5,77,85
P0439,Age,2,Strongly agree,5,84,91
P0439,Age,3,Strongly agree,5,68,82
P0439,Age,4,Strongly agree,5,61,61
P0439,Age,5,Strongly agree,5,57,61
P0439,Age,6,Strongly agree,5,54,80
P0439,Age,7,Strongly disagree,1,12,12
P0439,Age,8,Strongly disagree,1,30,18
P0439,Age,9,Strongly disagree,1,20,13
P0439,Age,10,Disagree,2,16,16
P0439,Age,11,Neither agree nor disagree,3,44,28
P0439,Age,12,Strongly disagree,1,45,24
P0440,Age,1,Strongly agree,5,91,92
P0440,Age,2,Strongly agree,5,87,94
P0440,Age,3,Strongly agree,5,82,89
P0440,Age,4,Disagree,2,14,45
P0440,Age,5,Strongly agree,5,70,70
P0440,Age,6,Strongly agree,5,72,88
P0440,Age,7,Strongly disagree,1,28,15
P0440,Age,8,Disagree,2,20,7
P0440,Age,9,Strongly disagree,1,34,8
P0440,Age,10,Disagree,2,36,19
P0440,Age,11,Strongly disagree,1,23,17
P0440,Age,12,Disagree,2,34,10
P0441,Individual,1,Neither agree nor disagree,3,80,100
P0441,Individual,2,Strongly agree,5,100,100
P0441,Individual,3,Agree,4,61,61
P0441,Individual,4,Disagree,2,83,83
P0441,Individual,5,Disagree,2,79,79
P0441,Individual,6,Agree,4,76,76
P0441,Individual,7,Neither agree nor disagree,3,78,78
P0441,Individual,8,Agree,4,68,68
P0441,Individual,9,Disagree,2,49,78
P0441,Individual,10,Disagree,2,70,81
P0441,Individual,11,Strongly agree,5,67,67
P0441,Individual,12,Agree,4,23,23
P0442,Season,1,Strongly agree,5,91,91
P0442,Season,2,Strongly agree,5,92,92
P0442,Season,3,Strongly agree,5,85,85
P0442,Season,4,Agree,4,28,28
P0442,Season,5,Strongly agree,5,52,52
P0442,Season,6,Strongly agree,5,76,76
P0442,Season,7,Strongly disagree,1,19,19
P0442,Season,8,Strongly disagree,1,18,18
P0442,Season,9,Strongly disagree,1,18,18
P0442,Season,10,Disagree,2,38,38
P0442,Season,11,Strongly disagree,1,40,40
P0442,Season,12,Disagree,2,22,22
P0443,Prestige,1,Strongly agree,5,70,70
P0443,Prestige,2,Strongly agree,5,80,80
P0443,Prestige,3,Strongly agree,5,60,60
P0443,Prestige,4,Strongly disagree,1,30,30
P0443,Prestige,5,Strongly agree,5,51,51
P0443,Prestige,6,Strongly agree,5,100,100
P0443,Prestige,7,Strongly disagree,1,60,60
P0443,Prestige,8,Strongly disagree,1,50,50
P0443,Prestige,9,Strongly disagree,1,0,0
P0443,Prestige,10,Strongly disagree,1,40,40
P0443,Prestige,11,Strongly disagree,1,50,50
P0443,Prestige,12,Strongly disagree,1,50,50
P0444,Season,1,Agree,4,54,90
P0444,Season,2,Strongly agree,5,60,93
P0444,Season,3,Agree,4,39,87
P0444,Season,4,Agree,4,25,58
P0444,Season,5,Agree,4,33,69
P0444,Season,6,Agree,4,30,86
P0444,Season,7,Disagree,2,40,16
P0444,Season,8,Disagree,2,46,12
P0444,Season,9,Disagree,2,44,9
P0444,Season,10,Disagree,2,53,16
P0444,Season,11,Neither agree nor disagree,3,61,20
P0444,Season,12,Disagree,2,61,22
P0445,Individual,1,Agree,4,80,90
P0445,Individual,2,Agree,4,90,92
P0445,Individual,3,Agree,4,75,80
P0445,Individual,4,Neither agree nor disagree,3,81,80
P0445,Individual,5,Neither agree nor disagree,3,70,75
P0445,Individual,6,Disagree,2,80,85
P0445,Individual,7,Agree,4,11,11
P0445,Individual,8,Strongly disagree,1,20,15
P0445,Individual,9,Agree,4,20,15
P0445,Individual,10,Strongly agree,5,24,15
P0445,Individual,11,Strongly agree,5,20,15
P0445,Individual,12,Disagree,2,15,15
P0446,Prestige,1,Agree,4,85,85
P0446,Prestige,2,Strongly agree,5,99,99
P0446,Prestige,3,Agree,4,79,87
P0446,Prestige,4,Disagree,2,45,45
P0446,Prestige,5,Agree,4,55,60
P0446,Prestige,6,Strongly agree,5,94,94
P0446,Prestige,7,Disagree,2,11,11
P0446,Prestige,8,Neither agree nor disagree,3,63,16
P0446,Prestige,9,Neither agree nor disagree,3,31,6
P0446,Prestige,10,Disagree,2,23,23
P0446,Prestige,11,Neither agree nor disagree,3,65,37
P0446,Prestige,12,Strongly disagree,1,13,13
P0447,Individual,1,Strongly agree,5,100,100
P0447,Individual,2,Strongly agree,5,100,100
P0447,Individual,3,Strongly agree,5,100,100
P0447,Individual,4,Strongly disagree,1,0,0
P0447,Individual,5,Agree,4,100,100
P0447,Individual,6,Strongly agree,5,100,100
P0447,Individual,7,Strongly agree,5,100,100
P0447,Individual,8,Strongly disagree,1,0,0
P0447,Individual,9,Strongly disagree,1,0,0
P0447,Individual,10,Agree,4,50,50
P0447,Individual,11,Strongly agree,5,100,100
P0447,Individual,12,Agree,4,10,10
P0448,Prestige,1,Strongly agree,5,85,90
P0448,Prestige,2,Strongly agree,5,90,95
P0448,Prestige,3,Strongly agree,5,16,80
P0448,Prestige,4,Agree,4,70,65
P0448,Prestige,5,Agree,4,75,73
P0448,Prestige,6,Strongly agree,5,29,85
P0448,Prestige,7,Strongly disagree,1,29,15
P0448,Prestige,8,Strongly disagree,1,50,20
P0448,Prestige,9,Strongly disagree,1,20,10
P0448,Prestige,10,Disagree,2,35,25
P0448,Prestige,11,Strongly disagree,1,28,20
P0448,Prestige,12,Strongly disagree,1,25,15
P0449,Season,1,Agree,4,90,90
P0449,Season,2,Strongly agree,5,95,96
P0449,Season,3,Agree,4,70,85
P0449,Season,4,Neither agree nor disagree,3,45,56
P0449,Season,5,Neither agree nor disagree,3,80,76
P0449,Season,6,Agree,4,70,90
P0449,Season,7,Disagree,2,10,10
P0449,Season,8,Neither agree nor disagree,3,30,10
P0449,Season,9,Neither agree nor disagree,3,31,10
P0449,Season,10,Disagree,2,20,20
P0449,Season,11,Neither agree nor disagree,3,40,20
P0449,Season,12,Neither agree nor disagree,3,30,15
P0450,Individual,1,Agree,4,76,76
P0450,Individual,2,Strongly agree,5,90,90
P0450,Individual,3,Strongly agree,5,92,92
P0450,Individual,4,Disagree,2,40,40
P0450,Individual,5,Agree,4,76,76
P0450,Individual,6,Strongly agree,5,84,84
P0450,Individual,7,Strongly disagree,1,10,10
P0450,Individual,8,Disagree,2,48,55
P0450,Individual,9,Strongly disagree,1,24,24
P0450,Individual,10,Disagree,2,38,38
P0450,Individual,11,Disagree,2,59,59
P0450,Individual,12,Disagree,2,54,54
P0451,Conformity,1,Strongly agree,5,95,95
P0451,Conformity,2,Strongly agree,5,97,97
P0451,Conformity,3,Strongly agree,5,95,95
P0451,Conformity,4,Agree,4,66,66
P0451,Conformity,5,Strongly agree,5,80,70
P0451,Conformity,6,Agree,4,80,95
P0451,Conformity,7,Strongly disagree,1,10,10
P0451,Conformity,8,Strongly disagree,1,30,5
P0451,Conformity,9,Strongly disagree,1,5,5
P0451,Conformity,10,Strongly disagree,1,20,0
P0451,Conformity,11,Strongly disagree,1,60,40
P0451,Conformity,12,Strongly disagree,1,10,10
P0452,Conformity,1,Strongly agree,5,47,47
P0452,Conformity,2,Strongly agree,5,87,87
P0452,Conformity,3,Strongly disagree,1,47,47
P0452,Conformity,4,Disagree,2,32,32
P0452,Conformity,5,Neither agree nor disagree,3,78,78
P0452,Conformity,6,Strongly agree,5,63,63
P0452,Conformity,7,Disagree,2,35,35
P0452,Conformity,8,Disagree,2,30,30
P0452,Conformity,9,Strongly disagree,1,14,14
P0452,Conformity,10,Neither agree nor disagree,3,36,0
P0452,Conformity,11,Agree,4,89,89
P0452,Conformity,12,Strongly disagree,1,62,62
P0453,Conformity,1,Strongly agree,5,92,92
P0453,Conformity,2,Strongly agree,5,88,90
P0453,Conformity,3,Strongly agree,5,82,92
P0453,Conformity,4,Agree,4,59,59
P0453,Conformity,5,Agree,4,48,48
P0453,Conformity,6,Strongly agree,5,59,69
P0453,Conformity,7,Strongly disagree,1,14,14
P0453,Conformity,8,Strongly disagree,1,4,4
P0453,Conformity,9,Strongly disagree,1,43,6
P0453,Conformity,10,Disagree,2,31,15
P0453,Conformity,11,Disagree,2,23,15
P0453,Conformity,12,Strongly disagree,1,53,53
P0454,Season,1,Strongly agree,5,90,90
P0454,Season,2,Strongly agree,5,95,95
P0454,Season,3,Strongly agree,5,95,95
P0454,Season,4,Neither agree nor disagree,3,55,55
P0454,Season,5,Disagree,2,20,50
P0454,Season,6,Strongly agree,5,90,90
P0454,Season,7,Agree,4,50,25
P0454,Season,8,Disagree,2,8,8
P0454,Season,9,Strongly disagree,1,25,7
P0454,Season,10,Agree,4,40,30
P0454,Season,11,Disagree,2,30,20
P0454,Season,12,Strongly disagree,1,2,4
P0455,Conformity,1,Strongly agree,5,87,87
P0455,Conformity,2,Strongly agree,5,98,98
P0455,Conformity,3,Agree,4,92,92
P0455,Conformity,4,Neither agree nor disagree,3,42,53
P0455,Conformity,5,Neither agree nor disagree,3,77,77
P0455,Conformity,6,Strongly agree,5,82,87
P0455,Conformity,7,Neither agree nor disagree,3,42,27
P0455,Conformity,8,Strongly disagree,1,17,17
P0455,Conformity,9,Disagree,2,45,12
P0455,Conformity,10,Neither agree nor disagree,3,37,23
P0455,Conformity,11,Neither agree nor disagree,3,65,36
P0455,Conformity,12,Disagree,2,51,26
P0456,Conformity,1,Strongly agree,5,80,80
P0456,Conformity,2,Strongly agree,5,75,80
P0456,Conformity,3,Agree,4,85,85
P0456,Conformity,4,Agree,4,65,65
P0456,Conformity,5,Agree,4,60,60
P0456,Conformity,6,Agree,4,60,80
P0456,Conformity,7,Disagree,2,20,20
P0456,Conformity,8,Disagree,2,25,15
P0456,Conformity,9,Disagree,2,30,20
P0456,Conformity,10,Disagree,2,40,25
P0456,Conformity,11,Neither agree nor disagree,3,35,25
P0456,Conformity,12,Disagree,2,35,20
P0457,Season,1,Strongly agree,5,90,90
P0457,Season,2,Strongly agree,5,90,95
P0457,Season,3,Strongly agree,5,95,95
P0457,Season,4,Strongly agree,5,44,55
P0457,Season,5,Strongly agree,5,80,80
P0457,Season,6,Strongly agree,5,90,90
P0457,Season,7,Strongly disagree,1,30,14
P0457,Season,8,Disagree,2,70,10
P0457,Season,9,Disagree,2,45,10
P0457,Season,10,Strongly disagree,1,30,20
P0457,Season,11,Disagree,2,55,15
P0457,Season,12,Disagree,2,55,15
P0458,Prestige,1,Agree,4,89,89
P0458,Prestige,2,Disagree,2,31,31
P0458,Prestige,3,Neither agree nor disagree,3,74,74
P0458,Prestige,4,Strongly disagree,1,6,22
P0458,Prestige,5,Strongly disagree,1,18,59
P0458,Prestige,6,Strongly disagree,1,48,68
P0458,Prestige,7,Strongly agree,5,14,14
P0458,Prestige,8,Strongly agree,5,11,11
P0458,Prestige,9,Strongly disagree,1,6,3
P0458,Prestige,10,Strongly agree,5,42,42
P0458,Prestige,11,Strongly agree,5,37,37
P0458,Prestige,12,Agree,4,64,64
P0459,Prestige,1,Strongly agree,5,70,80
P0459,Prestige,2,Strongly agree,5,90,90
P0459,Prestige,3,Agree,4,70,80
P0459,Prestige,4,Disagree,2,20,40
P0459,Prestige,5,Agree,4,70,70
P0459,Prestige,6,Strongly agree,5,80,90
P0459,Prestige,7,Disagree,2,30,20
P0459,Prestige,8,Strongly disagree,1,5,5
P0459,Prestige,9,Strongly disagree,1,5,5
P0459,Prestige,10,Neither agree nor disagree,3,20,20
P0459,Prestige,11,Neither agree nor disagree,3,50,40
P0459,Prestige,12,Disagree,2,50,10
P0460,Season,1,Strongly agree,5,88,92
P0460,Season,2,Strongly agree,5,67,82
P0460,Season,3,Strongly agree,5,70,70
P0460,Season,4,Disagree,2,50,50
P0460,Season,5,Agree,4,46,46
P0460,Season,6,Agree,4,74,74
P0460,Season,7,Strongly disagree,1,18,18
P0460,Season,8,Agree,4,55,55
P0460,Season,9,Neither agree nor disagree,3,48,48
P0460,Season,10,Strongly disagree,1,19,19
P0460,Season,11,Strongly disagree,1,52,52
P0460,Season,12,Disagree,2,22,9
P0461,Age,1,Strongly agree,5,78,89
P0461,Age,2,Strongly agree,5,76,90
P0461,Age,3,Strongly agree,5,72,86
P0461,Age,4,Disagree,2,46,56
P0461,Age,5,Strongly agree,5,61,69
P0461,Age,6,Strongly agree,5,60,85
P0461,Age,7,Disagree,2,15,11
P0461,Age,8,Strongly disagree,1,14,9
P0461,Age,9,Disagree,2,37,10
P0461,Age,10,Neither agree nor disagree,3,31,20
P0461,Age,11,Disagree,2,54,19
P0461,Age,12,Strongly disagree,1,41,17
P0462,Prestige,1,Strongly agree,5,75,87
P0462,Prestige,2,Strongly agree,5,93,93
P0462,Prestige,3,Strongly agree,5,78,86
P0462,Prestige,4,Strongly agree,5,33,48
P0462,Prestige,5,Strongly agree,5,70,70
P0462,Prestige,6,Strongly agree,5,85,88
P0462,Prestige,7,Strongly disagree,1,6,7
P0462,Prestige,8,Strongly disagree,1,18,13
P0462,Prestige,9,Strongly disagree,1,35,27
P0462,Prestige,10,Strongly disagree,1,13,13
P0462,Prestige,11,Disagree,2,67,53
P0462,Prestige,12,Strongly disagree,1,20,14
P0463,Prestige,1,Agree,4,75,93
P0463,Prestige,2,Strongly agree,5,100,96
P0463,Prestige,3,Strongly agree,5,66,60
P0463,Prestige,4,Disagree,2,20,50
P0463,Prestige,5,Strongly agree,5,100,70
P0463,Prestige,6,Strongly agree,5,85,95
P0463,Prestige,7,Strongly disagree,1,30,10
P0463,Prestige,8,Disagree,2,10,5
P0463,Prestige,9,Strongly disagree,1,10,3
P0463,Prestige,10,Agree,4,30,21
P0463,Prestige,11,Neither agree nor disagree,3,60,20
P0463,Prestige,12,Neither agree nor disagree,3,60,8
P0464,Individual,1,Strongly agree,5,100,100
P0464,Individual,2,Strongly agree,5,91,92
P0464,Individual,3,Strongly agree,5,64,55
P0464,Individual,4,Disagree,2,32,32
P0464,Individual,5,Neither agree nor disagree,3,24,24
P0464,Individual,6,Strongly agree,5,81,72
P0464,Individual,7,Disagree,2,36,26
P0464,Individual,8,Strongly disagree,1,45,68
P0464,Individual,9,Strongly disagree,1,6,44
P0464,Individual,10,Disagree,2,33,34
P0464,Individual,11,Neither agree nor disagree,3,57,68
P0464,Individual,12,Strongly disagree,1,20,42
P0465,Season,1,Strongly agree,5,55,75
P0465,Season,2,Strongly agree,5,83,83
P0465,Season,3,Strongly agree,5,65,80
P0465,Season,4,Neither agree nor disagree,3,36,42
P0465,Season,5,Strongly agree,5,71,71
P0465,Season,6,Strongly agree,5,60,72
P0465,Season,7,Strongly disagree,1,75,32
P0465,Season,8,Strongly disagree,1,40,23
P0465,Season,9,Disagree,2,84,40
P0465,Season,10,Disagree,2,55,38
P0465,Season,11,Strongly disagree,1,54,29
P0465,Season,12,Strongly disagree,1,55,55
P0466,Individual,1,Strongly agree,5,57,100
P0466,Individual,2,Strongly agree,5,96,96
P0466,Individual,3,Strongly agree,5,87,87
P0466,Individual,4,Strongly agree,5,96,96
P0466,Individual,5,Agree,4,84,84
P0466,Individual,6,Strongly agree,5,63,63
P0466,Individual,7,Strongly disagree,1,2,2
P0466,Individual,8,Strongly disagree,1,1,1
P0466,Individual,9,Strongly disagree,1,20,20
P0466,Individual,10,Disagree,2,9,9
P0466,Individual,11,Disagree,2,54,54
P0466,Individual,12,Strongly disagree,1,31,31
P0467,Age,1,Strongly agree,5,73,93
P0467,Age,2,Strongly agree,5,83,97
P0467,Age,3,Strongly agree,5,75,94
P0467,Age,4,Agree,4,42,68
P0467,Age,5,Strongly agree,5,47,68
P0467,Age,6,Strongly agree,5,49,97
P0467,Age,7,Strongly disagree,1,35,15
P0467,Age,8,Strongly disagree,1,27,10
P0467,Age,9,Disagree,2,30,8
P0467,Age,10,Strongly disagree,1,37,21
P0467,Age,11,Strongly disagree,1,32,15
P0467,Age,12,Disagree,2,39,12
P0468,Prestige,1,Strongly agree,5,99,99
P0468,Prestige,2,Strongly agree,5,98,98
P0468,Prestige,3,Strongly agree,5,99,97
P0468,Prestige,4,Strongly disagree,1,65,65
P0468,Prestige,5,Disagree,2,69,69
P0468,Prestige,6,Agree,4,93,93
P0468,Prestige,7,Disagree,2,27,22
P0468,Prestige,8,Strongly disagree,1,20,16
P0468,Prestige,9,Strongly disagree,1,7,6
P0468,Prestige,10,Neither agree nor disagree,3,31,18
P0468,Prestige,11,Agree,4,43,32
P0468,Prestige,12,Disagree,2,12,12
P0469,Conformity,1,Agree,4,83,83
P0469,Conformity,2,Strongly agree,5,100,100
P0469,Conformity,3,Neither agree nor disagree,3,40,70
P0469,Conformity,4,Disagree,2,60,60
P0469,Conformity,5,Neither agree nor disagree,3,40,60
P0469,Conformity,6,Agree,4,50,85
P0469,Conformity,7,Agree,4,82,46
P0469,Conformity,8,Neither agree nor disagree,3,14,12
P0469,Conformity,9,Disagree,2,16,16
P0469,Conformity,10,Agree,4,46,30
P0469,Conformity,11,Agree,4,77,77
P0469,Conformity,12,Neither agree nor disagree,3,36,30
P0470,Age,1,Strongly agree,5,94,94
P0470,Age,2,Strongly agree,5,98,100
P0470,Age,3,Strongly agree,5,98,83
P0470,Age,4,Strongly agree,5,100,81
P0470,Age,5,Agree,4,80,80
P0470,Age,6,Strongly agree,5,61,85
P0470,Age,7,Disagree,2,50,83
P0470,Age,8,Strongly agree,5,66,100
P0470,Age,9,Agree,4,80,92
P0470,Age,10,Agree,4,75,86
P0470,Age,11,Neither agree nor disagree,3,76,76
P0470,Age,12,Strongly agree,5,86,86
P0471,Prestige,1,Strongly agree,5,95,95
P0471,Prestige,2,Strongly agree,5,82,82
P0471,Prestige,3,Strongly agree,5,92,92
P0471,Prestige,4,Agree,4,82,82
P0471,Prestige,5,Strongly agree,5,61,61
P0471,Prestige,6,Strongly agree,5,90,90
P0471,Prestige,7,Strongly disagree,1,51,51
P0471,Prestige,8,Strongly disagree,1,20,20
P0471,Prestige,9,Strongly disagree,1,10,10
P0471,Prestige,10,Strongly disagree,1,45,45
P0471,Prestige,11,Strongly disagree,1,30,30
P0471,Prestige,12,Strongly disagree,1,30,30
P0472,Conformity,1,Strongly agree,5,54,93
P0472,Conformity,2,Strongly agree,5,69,96
P0472,Conformity,3,Strongly agree,5,35,91
P0472,Conformity,4,Strongly agree,5,61,60
P0472,Conformity,5,Strongly agree,5,56,71
P0472,Conformity,6,Strongly agree,5,40,95
P0472,Conformity,7,Strongly disagree,1,34,10
P0472,Conformity,8,Neither agree nor disagree,3,68,5
P0472,Conformity,9,Strongly disagree,1,83,3
P0472,Conformity,10,Strongly disagree,1,57,15
P0472,Conformity,11,Strongly disagree,1,61,15
P0472,Conformity,12,Strongly disagree,1,66,8
P0473,Season,1,Neither agree nor disagree,3,62,62
P0473,Season,2,Agree,4,83,83
P0473,Season,3,Agree,4,55,55
P0473,Season,4,Neither agree nor disagree,3,65,65
P0473,Season,5,Neither agree nor disagree,3,65,65
P0473,Season,6,Neither agree nor disagree,3,58,51
P0473,Season,7,Agree,4,78,78
P0473,Season,8,Agree,4,74,74
P0473,Season,9,Neither agree nor disagree,3,40,39
P0473,Season,10,Neither agree nor disagree,3,67,43
P0473,Season,11,Neither agree nor disagree,3,71,71
P0473,Season,12,Agree,4,54,54
P0474,Conformity,1,Strongly agree,5,64,80
P0474,Conformity,2,Strongly agree,5,98,98
P0474,Conformity,3,Neither agree nor disagree,3,70,95
P0474,Conformity,4,Strongly agree,5,62,62
P0474,Conformity,5,Strongly agree,5,70,70
P0474,Conformity,6,Strongly agree,5,90,90
P0474,Conformity,7,Strongly disagree,1,6,6
P0474,Conformity,8,Disagree,2,2,2
P0474,Conformity,9,Strongly disagree,1,6,6
P0474,Conformity,10,Disagree,2,25,0
P0474,Conformity,11,Strongly disagree,1,7,7
P0474,Conformity,12,Strongly disagree,1,20,10
P0475,Individual,1,Strongly agree,5,81,100
P0475,Individual,2,Strongly agree,5,68,68
P0475,Individual,3,Strongly agree,5,71,71
P0475,Individual,4,Agree,4,71,71
P0475,Individual,5,Strongly agree,5,54,54
P0475,Individual,6,Strongly agree,5,47,47
P0475,Individual,7,Strongly disagree,1,29,29
P0475,Individual,8,Strongly disagree,1,19,19
P0475,Individual,9,Strongly disagree,1,17,17
P0475,Individual,10,Strongly disagree,1,32,32
P0475,Individual,11,Strongly disagree,1,36,36
P0475,Individual,12,Strongly disagree,1,22,22
P0476,Prestige,1,Strongly agree,5,100,100
P0476,Prestige,2,Strongly agree,5,100,100
P0476,Prestige,3,Strongly agree,5,75,91
P0476,Prestige,4,Agree,4,60,60
P0476,Prestige,5,Strongly agree,5,60,71
P0476,Prestige,6,Strongly agree,5,83,95
P0476,Prestige,7,Agree,4,70,27
P0476,Prestige,8,Strongly disagree,1,0,0
P0476,Prestige,9,Strongly disagree,1,25,5
P0476,Prestige,10,Strongly agree,5,85,30
P0476,Prestige,11,Neither agree nor disagree,3,30,20
P0476,Prestige,12,Strongly disagree,1,29,10
P0477,Age,1,Strongly agree,5,84,84
P0477,Age,2,Strongly agree,5,92,92
P0477,Age,3,Strongly agree,5,95,95
P0477,Age,4,Disagree,2,62,62
P0477,Age,5,Strongly agree,5,72,72
P0477,Age,6,Strongly agree,5,87,87
P0477,Age,7,Strongly disagree,1,18,18
P0477,Age,8,Strongly disagree,1,21,21
P0477,Age,9,Strongly disagree,1,12,12
P0477,Age,10,Disagree,2,18,18
P0477,Age,11,Strongly disagree,1,40,40
P0477,Age,12,Strongly disagree,1,25,25
P0478,Conformity,1,Strongly agree,5,40,73
P0478,Conformity,2,Strongly agree,5,35,44
P0478,Conformity,3,Strongly agree,5,77,80
P0478,Conformity,4,Agree,4,55,55
P0478,Conformity,5,Strongly agree,5,30,36
P0478,Conformity,6,Strongly agree,5,65,67
P0478,Conformity,7,Strongly disagree,1,22,19
P0478,Conformity,8,Strongly disagree,1,55,29
P0478,Conformity,9,Strongly disagree,1,40,32
P0478,Conformity,10,Strongly disagree,1,27,22
P0478,Conformity,11,Strongly disagree,1,58,54
P0478,Conformity,12,Strongly disagree,1,55,45
P0479,Age,1,Strongly disagree,1,10,93
P0479,Age,2,Strongly agree,5,90,96
P0479,Age,3,Disagree,2,80,91
P0479,Age,4,Disagree,2,50,60
P0479,Age,5,Disagree,2,50,71
P0479,Age,6,Agree,4,95,95
P0479,Age,7,Agree,4,50,10
P0479,Age,8,Disagree,2,50,5
P0479,Age,9,Agree,4,40,5
P0479,Age,10,Strongly disagree,1,80,15
P0479,Age,11,Agree,4,80,15
P0479,Age,12,Agree,4,60,8
P0480,Individual,1,Strongly agree,5,91,100
P0480,Individual,2,Strongly agree,5,92,92
P0480,Individual,3,Strongly agree,5,92,92
P0480,Individual,4,Strongly agree,5,93,93
P0480,Individual,5,Strongly agree,5,91,91
P0480,Individual,6,Strongly agree,5,97,97
P0480,Individual,7,Disagree,2,12,7
P0480,Individual,8,Strongly disagree,1,13,12
P0480,Individual,9,Strongly disagree,1,33,8
P0480,Individual,10,Disagree,2,82,22
P0480,Individual,11,Strongly disagree,1,30,19
P0480,Individual,12,Neither agree nor disagree,3,8,2
P0481,Age,1,Strongly agree,5,75,75
P0481,Age,2,Strongly agree,5,85,85
P0481,Age,3,Strongly agree,5,58,58
P0481,Age,4,Disagree,2,30,30
P0481,Age,5,Strongly agree,5,70,70
P0481,Age,6,Strongly agree,5,65,65
P0481,Age,7,Disagree,2,20,20
P0481,Age,8,Strongly disagree,1,29,29
P0481,Age,9,Strongly disagree,1,40,40
P0481,Age,10,Disagree,2,15,15
P0481,Age,11,Strongly disagree,1,30,30
P0481,Age,12,Strongly disagree,1,25,25
P0482,Prestige,1,Strongly agree,5,90,95
P0482,Prestige,2,Disagree,2,80,90
P0482,Prestige,3,Strongly agree,5,85,90
P0482,Prestige,4,Strongly disagree,1,65,65
P0482,Prestige,5,Strongly disagree,1,85,85
P0482,Prestige,6,Agree,4,80,90
P0482,Prestige,7,Disagree,2,10,10
P0482,Prestige,8,Strongly agree,5,70,30
P0482,Prestige,9,Disagree,2,35,10
P0482,Prestige,10,Agree,4,15,15
P0482,Prestige,11,Strongly agree,5,55,40
P0482,Prestige,12,Disagree,2,40,10
P0483,Conformity,1,Strongly agree,5,100,100
P0483,Conformity,2,Strongly agree,5,100,100
P0483,Conformity,3,Strongly agree,5,100,100
P0483,Conformity,4,Strongly disagree,1,0,0
P0483,Conformity,5,Strongly agree,5,80,80
P0483,Conformity,6,Strongly agree,5,100,100
P0483,Conformity,7,Strongly agree,5,70,70
P0483,Conformity,8,Strongly disagree,1,0,0
P0483,Conformity,9,Strongly disagree,1,0,0
P0483,Conformity,10,Neither agree nor disagree,3,30,0
P0483,Conformity,11,Strongly agree,5,90,90
P0483,Conformity,12,Strongly disagree,1,0,0
P0484,Individual,1,Strongly agree,5,73,100
P0484,Individual,2,Strongly agree,5,53,53
P0484,Individual,3,Strongly agree,5,90,90
P0484,Individual,4,Agree,4,64,64
P0484,Individual,5,Agree,4,70,70
P0484,Individual,6,Strongly agree,5,42,42
P0484,Individual,7,Strongly disagree,1,18,18
P0484,Individual,8,Strongly disagree,1,30,30
P0484,Individual,9,Strongly disagree,1,75,75
P0484,Individual,10,Neither agree nor disagree,3,42,42
P0484,Individual,11,Strongly disagree,1,92,92
P0484,Individual,12,Strongly disagree,1,79,79
P0485,Age,1,Neither agree nor disagree,3,54,91
P0485,Age,2,Strongly agree,5,67,98
P0485,Age,3,Strongly agree,5,44,94
P0485,Age,4,Agree,4,45,64
P0485,Age,5,Strongly agree,5,58,76
P0485,Age,6,Strongly agree,5,68,98
P0485,Age,7,Disagree,2,46,6
P0485,Age,8,Strongly disagree,1,15,3
P0485,Age,9,Strongly disagree,1,6,2
P0485,Age,10,Neither agree nor disagree,3,34,23
P0485,Age,11,Neither agree nor disagree,3,62,9
P0485,Age,12,Strongly disagree,1,20,4
P0486,Season,1,Strongly agree,5,97,95
P0486,Season,2,Strongly agree,5,89,92
P0486,Season,3,Strongly agree,5,92,92
P0486,Season,4,Strongly agree,5,41,58
P0486,Season,5,Strongly agree,5,65,65
P0486,Season,6,Strongly agree,5,77,83
P0486,Season,7,Strongly disagree,1,30,13
P0486,Season,8,Disagree,2,43,13
P0486,Season,9,Strongly disagree,1,17,5
P0486,Season,10,Disagree,2,38,24
P0486,Season,11,Disagree,2,68,31
P0486,Season,12,Strongly disagree,1,65,11
P0487,Conformity,1,Agree,4,55,90
P0487,Conformity,2,Strongly agree,5,70,95
P0487,Conformity,3,Strongly agree,5,50,90
P0487,Conformity,4,Disagree,2,65,65
P0487,Conformity,5,Agree,4,75,75
P0487,Conformity,6,Agree,4,65,80
P0487,Conformity,7,Agree,4,60,15
P0487,Conformity,8,Strongly disagree,1,20,10
P0487,Conformity,9,Disagree,2,40,10
P0487,Conformity,10,Disagree,2,60,25
P0487,Conformity,11,Neither agree nor disagree,3,55,40
P0487,Conformity,12,Disagree,2,40,10
P0488,Prestige,1,Strongly agree,5,81,90
P0488,Prestige,2,Strongly agree,5,93,93
P0488,Prestige,3,Strongly agree,5,83,85
P0488,Prestige,4,Disagree,2,26,47
P0488,Prestige,5,Agree,4,71,71
P0488,Prestige,6,Strongly agree,5,77,85
P0488,Prestige,7,Disagree,2,25,20
P0488,Prestige,8,Strongly disagree,1,40,27
P0488,Prestige,9,Disagree,2,39,32
P0488,Prestige,10,Agree,4,54,44
P0488,Prestige,11,Neither agree nor disagree,3,67,60
P0488,Prestige,12,Disagree,2,48,18
P0489,Conformity,1,Strongly agree,5,100,99
P0489,Conformity,2,Strongly agree,5,100,98
P0489,Conformity,3,Agree,4,90,90
P0489,Conformity,4,Strongly disagree,1,30,45
P0489,Conformity,5,Disagree,2,50,65
P0489,Conformity,6,Agree,4,90,90
P0489,Conformity,7,Strongly disagree,1,30,15
P0489,Conformity,8,Strongly disagree,1,10,10
P0489,Conformity,9,Disagree,2,35,10
P0489,Conformity,10,Neither agree nor disagree,3,45,25
P0489,Conformity,11,Neither agree nor disagree,3,70,50
P0489,Conformity,12,Disagree,2,10,10
P0490,Season,1,Agree,4,90,90
P0490,Season,2,Agree,4,100,100
P0490,Season,3,Agree,4,50,50
P0490,Season,4,Agree,4,100,100
P0490,Season,5,Agree,4,90,90
P0490,Season,6,Agree,4,50,50
P0490,Season,7,Neither agree nor disagree,3,50,50
P0490,Season,8,Disagree,2,0,1
P0490,Season,9,Disagree,2,0,0
P0490,Season,10,Neither agree nor disagree,3,50,50
P0490,Season,11,Neither agree nor disagree,3,50,50
P0490,Season,12,Neither agree nor disagree,3,0,0
P0491,Individual,1,Strongly agree,5,78,100
P0491,Individual,2,Strongly agree,5,75,75
P0491,Individual,3,Strongly agree,5,77,77
P0491,Individual,4,Disagree,2,22,22
P0491,Individual,5,Strongly agree,5,43,43
P0491,Individual,6,Strongly agree,5,60,60
P0491,Individual,7,Disagree,2,10,10
P0491,Individual,8,Disagree,2,25,25
P0491,Individual,9,Disagree,2,40,40
P0491,Individual,10,Disagree,2,28,28
P0491,Individual,11,Disagree,2,50,50
P0491,Individual,12,Disagree,2,45,45
P0492,Individual,1,Strongly agree,5,78,78
P0492,Individual,2,Strongly agree,5,57,57
P0492,Individual,3,Strongly agree,5,73,73
P0492,Individual,4,Strongly agree,5,74,74
P0492,Individual,5,Strongly agree,5,57,57
P0492,Individual,6,Strongly agree,5,65,65
P0492,Individual,7,Strongly disagree,1,26,26
P0492,Individual,8,Strongly disagree,1,26,26
P0492,Individual,9,Disagree,2,31,31
P0492,Individual,10,Strongly disagree,1,34,34
P0492,Individual,11,Strongly disagree,1,15,15
P0492,Individual,12,Strongly disagree,1,18,18
P0493,Individual,1,Strongly agree,5,95,100
P0493,Individual,2,Strongly agree,5,90,90
P0493,Individual,3,Strongly agree,5,95,95
P0493,Individual,4,Neither agree nor disagree,3,50,35
P0493,Individual,5,Strongly agree,5,80,75
P0493,Individual,6,Strongly agree,5,80,80
P0493,Individual,7,Strongly disagree,1,0,0
P0493,Individual,8,Strongly disagree,1,10,10
P0493,Individual,9,Strongly disagree,1,10,10
P0493,Individual,10,Strongly disagree,1,5,5
P0493,Individual,11,Strongly disagree,1,20,20
P0493,Individual,12,Strongly disagree,1,10,10
P0494,Conformity,1,Strongly agree,5,82,91
P0494,Conformity,2,Agree,4,80,95
P0494,Conformity,3,Strongly agree,5,70,87
P0494,Conformity,4,Agree,4,50,62
P0494,Conformity,5,Agree,4,75,72
P0494,Conformity,6,Strongly agree,5,70,95
P0494,Conformity,7,Disagree,2,40,13
P0494,Conformity,8,Disagree,2,20,7
P0494,Conformity,9,Disagree,2,50,1
P0494,Conformity,10,Disagree,2,29,13
P0494,Conformity,11,Disagree,2,64,20
P0494,Conformity,12,Disagree,2,25,1
P0495,Prestige,1,Agree,4,95,95
P0495,Prestige,2,Agree,4,95,95
P0495,Prestige,3,Agree,4,95,95
P0495,Prestige,4,Strongly disagree,1,20,25
P0495,Prestige,5,Neither agree nor disagree,3,60,60
P0495,Prestige,6,Agree,4,90,90
P0495,Prestige,7,Disagree,2,30,25
P0495,Prestige,8,Disagree,2,50,30
P0495,Prestige,9,Disagree,2,20,15
P0495,Prestige,10,Neither agree nor disagree,3,30,25
P0495,Prestige,11,Disagree,2,50,35
P0495,Prestige,12,Disagree,2,10,10
P0496,Age,1,Strongly agree,5,90,92
P0496,Age,2,Strongly agree,5,90,94
P0496,Age,3,Strongly agree,5,95,95
P0496,Age,4,Disagree,2,63,65
P0496,Age,5,Disagree,2,29,69
P0496,Age,6,Agree,4,85,95
P0496,Age,7,Strongly disagree,1,5,8
P0496,Age,8,Disagree,2,5,5
P0496,Age,9,Strongly disagree,1,3,3
P0496,Age,10,Disagree,2,4,10
P0496,Age,11,Disagree,2,30,24
P0496,Age,12,Strongly disagree,1,15,7
P0497,Season,1,Strongly agree,5,83,83
P0497,Season,2,Strongly agree,5,48,48
P0497,Season,3,Strongly agree,5,37,37
P0497,Season,4,Strongly agree,5,36,36
P0497,Season,5,Strongly agree,5,27,27
P0497,Season,6,Strongly agree,5,31,31
P0497,Season,7,Strongly disagree,1,53,53
P0497,Season,8,Strongly disagree,1,53,53
P0497,Season,9,Strongly disagree,1,60,60
P0497,Season,10,Strongly disagree,1,58,58
P0497,Season,11,Strongly disagree,1,79,79
P0497,Season,12,Strongly disagree,1,62,62
P0498,Prestige,1,Strongly agree,5,95,95
P0498,Prestige,2,Strongly agree,5,100,100
P0498,Prestige,3,Strongly agree,5,82,82
P0498,Prestige,4,Strongly agree,5,90,85
P0498,Prestige,5,Agree,4,50,61
P0498,Prestige,6,Strongly agree,5,50,63
P0498,Prestige,7,Strongly disagree,1,5,7
P0498,Prestige,8,Strongly disagree,1,44,26
P0498,Prestige,9,Strongly disagree,1,73,22
P0498,Prestige,10,Disagree,2,47,32
P0498,Prestige,11,Strongly disagree,1,70,70
P0498,Prestige,12,Strongly disagree,1,55,50
P0499,Prestige,1,Agree,4,83,89
P0499,Prestige,2,Agree,4,90,90
P0499,Prestige,3,Strongly agree,5,76,83
P0499,Prestige,4,Agree,4,88,88
P0499,Prestige,5,Agree,4,72,72
P0499,Prestige,6,Agree,4,84,88
P0499,Prestige,7,Strongly disagree,1,10,10
P0499,Prestige,8,Strongly disagree,1,13,6
P0499,Prestige,9,Disagree,2,27,9
P0499,Prestige,10,Neither agree nor disagree,3,13,13
P0499,Prestige,11,Strongly disagree,1,18,17
P0499,Prestige,12,Disagree,2,4,6
P0500,Individual,1,Strongly agree,5,80,100
P0500,Individual,2,Strongly agree,5,81,81
P0500,Individual,3,Strongly agree,5,78,74
P0500,Individual,4,Strongly agree,5,81,69
P0500,Individual,5,Strongly agree,5,60,60
P0500,Individual,6,Strongly agree,5,80,80
P0500,Individual,7,Strongly disagree,1,16,16
P0500,Individual,8,Strongly disagree,1,20,20
P0500,Individual,9,Strongly disagree,1,31,31
P0500,Individual,10,Strongly disagree,1,17,17
P0500,Individual,11,Strongly disagree,1,38,43
P0500,Individual,12,Strongly disagree,1,10,10
P0501,Age,1,Strongly agree,5,89,89
P0501,Age,2,Strongly agree,5,96,96
P0501,Age,3,Strongly agree,5,90,90
P0501,Age,4,Strongly agree,5,66,66
P0501,Age,5,Strongly agree,5,83,83
P0501,Age,6,Strongly agree,5,78,78
P0501,Age,7,Strongly disagree,1,3,3
P0501,Age,8,Strongly disagree,1,13,13
P0501,Age,9,Strongly disagree,1,19,19
P0501,Age,10,Strongly disagree,1,13,13
P0501,Age,11,Strongly disagree,1,26,26
P0501,Age,12,Strongly disagree,1,49,49
P0502,Conformity,1,Strongly agree,5,95,95
P0502,Conformity,2,Strongly agree,5,98,98
P0502,Conformity,3,Agree,4,90,90
P0502,Conformity,4,Agree,4,90,70
P0502,Conformity,5,Neither agree nor disagree,3,68,68
P0502,Conformity,6,Agree,4,97,97
P0502,Conformity,7,Neither agree nor disagree,3,31,21
P0502,Conformity,8,Strongly disagree,1,2,2
P0502,Conformity,9,Agree,4,51,18
P0502,Conformity,10,Neither agree nor disagree,3,14,14
P0502,Conformity,11,Neither agree nor disagree,3,50,35
P0502,Conformity,12,Disagree,2,31,20
P0503,Season,1,Strongly agree,5,93,93
P0503,Season,2,Strongly agree,5,97,97
P0503,Season,3,Strongly agree,5,64,64
P0503,Season,4,Agree,4,83,83
P0503,Season,5,Agree,4,78,78
P0503,Season,6,Strongly agree,5,75,75
P0503,Season,7,Agree,4,92,92
P0503,Season,8,Strongly disagree,1,12,12
P0503,Season,9,Strongly disagree,1,81,81
P0503,Season,10,Agree,4,64,64
P0503,Season,11,Strongly disagree,1,65,65
P0503,Season,12,Strongly disagree,1,8,8
P0504,Prestige,1,Strongly agree,5,94,94
P0504,Prestige,2,Strongly agree,5,91,94
P0504,Prestige,3,Strongly agree,5,88,89
P0504,Prestige,4,Strongly agree,5,94,61
P0504,Prestige,5,Strongly agree,5,86,71
P0504,Prestige,6,Strongly agree,5,80,99
P0504,Prestige,7,Strongly disagree,1,12,10
P0504,Prestige,8,Strongly disagree,1,19,5
P0504,Prestige,9,Strongly disagree,1,13,4
P0504,Prestige,10,Strongly disagree,1,17,15
P0504,Prestige,11,Strongly disagree,1,21,19
P0504,Prestige,12,Strongly disagree,1,20,7
P0505,Prestige,1,Agree,4,53,55
P0505,Prestige,2,Strongly agree,5,100,100
P0505,Prestige,3,Neither agree nor disagree,3,44,46
P0505,Prestige,4,Strongly agree,5,97,97
P0505,Prestige,5,Agree,4,67,67
P0505,Prestige,6,Neither agree nor disagree,3,51,58
P0505,Prestige,7,Neither agree nor disagree,3,39,38
P0505,Prestige,8,Strongly disagree,1,4,4
P0505,Prestige,9,Strongly disagree,1,3,3
P0505,Prestige,10,Disagree,2,29,31
P0505,Prestige,11,Neither agree nor disagree,3,60,60
P0505,Prestige,12,Neither agree nor disagree,3,29,20
P0506,Conformity,1,Strongly agree,5,80,90
P0506,Conformity,2,Strongly agree,5,80,90
P0506,Conformity,3,Strongly agree,5,85,90
P0506,Conformity,4,Agree,4,30,45
P0506,Conformity,5,Agree,4,50,65
P0506,Conformity,6,Agree,4,90,90
P0506,Conformity,7,Neither agree nor disagree,3,55,30
P0506,Conformity,8,Disagree,2,15,10
P0506,Conformity,9,Disagree,2,30,10
P0506,Conformity,10,Disagree,2,45,25
P0506,Conformity,11,Disagree,2,40,40
P0506,Conformity,12,Disagree,2,25,10
P0507,Conformity,1,Strongly agree,5,70,93
P0507,Conformity,2,Strongly agree,5,80,96
P0507,Conformity,3,Strongly agree,5,70,91
P0507,Conformity,4,Neither agree nor disagree,3,30,60
P0507,Conformity,5,Strongly agree,5,50,71
P0507,Conformity,6,Strongly agree,5,70,95
P0507,Conformity,7,Disagree,2,40,10
P0507,Conformity,8,Strongly disagree,1,30,5
P0507,Conformity,9,Strongly disagree,1,60,3
P0507,Conformity,10,Disagree,2,30,15
P0507,Conformity,11,Strongly disagree,1,70,15
P0507,Conformity,12,Disagree,2,40,8
P0508,Individual,1,Agree,4,89,100
P0508,Individual,2,Strongly agree,5,96,96
P0508,Individual,3,Agree,4,73,73
P0508,Individual,4,Strongly disagree,1,33,33
P0508,Individual,5,Strongly disagree,1,33,33
P0508,Individual,6,Disagree,2,27,27
P0508,Individual,7,Disagree,2,29,29
P0508,Individual,8,Agree,4,62,62
P0508,Individual,9,Disagree,2,19,19
P0508,Individual,10,Neither agree nor disagree,3,25,25
P0508,Individual,11,Strongly agree,5,72,72
P0508,Individual,12,Agree,4,32,32
P0509,Conformity,1,Agree,4,69,69
P0509,Conformity,2,Neither agree nor disagree,3,65,65
P0509,Conformity,3,Neither agree nor disagree,3,65,65
P0509,Conformity,4,Strongly disagree,1,25,25
P0509,Conformity,5,Disagree,2,40,40
P0509,Conformity,6,Agree,4,80,80
P0509,Conformity,7,Neither agree nor disagree,3,36,36
P0509,Conformity,8,Disagree,2,15,15
P0509,Conformity,9,Neither agree nor disagree,3,19,19
P0509,Conformity,10,Neither agree nor disagree,3,30,0
P0509,Conformity,11,Agree,4,70,70
P0509,Conformity,12,Agree,4,45,45
P0510,Age,1,Strongly agree,5,90,90
P0510,Age,2,Strongly agree,5,95,95
P0510,Age,3,Strongly agree,5,90,90
P0510,Age,4,Agree,4,75,70
P0510,Age,5,Strongly agree,5,85,75
P0510,Age,6,Strongly agree,5,80,90
P0510,Age,7,Disagree,2,20,15
P0510,Age,8,Disagree,2,65,30
P0510,Age,9,Strongly disagree,1,15,9
P0510,Age,10,Disagree,2,15,15
P0510,Age,11,Disagree,2,75,65
P0510,Age,12,Strongly disagree,1,25,15
P0511,Prestige,1,Neither agree nor disagree,3,74,74
P0511,Prestige,2,Strongly agree,5,77,93
P0511,Prestige,3,Strongly agree,5,88,54
P0511,Prestige,4,Strongly agree,5,70,72
P0511,Prestige,5,Disagree,2,85,47
P0511,Prestige,6,Agree,4,55,45
P0511,Prestige,7,Disagree,2,60,86
P0511,Prestige,8,Agree,4,51,76
P0511,Prestige,9,Neither agree nor disagree,3,84,52
P0511,Prestige,10,Agree,4,22,50
P0511,Prestige,11,Agree,4,17,34
P0511,Prestige,12,Neither agree nor disagree,3,47,70
P0512,Age,1,Strongly agree,5,98,95
P0512,Age,2,Strongly agree,5,90,93
P0512,Age,3,Strongly agree,5,80,90
P0512,Age,4,Disagree,2,40,50
P0512,Age,5,Disagree,2,50,60
P0512,Age,6,Strongly agree,5,90,95
P0512,Age,7,Disagree,2,10,10
P0512,Age,8,Strongly disagree,1,5,5
P0512,Age,9,Strongly disagree,1,10,5
P0512,Age,10,Disagree,2,25,20
P0512,Age,11,Disagree,2,20,15
P0512,Age,12,Strongly disagree,1,5,5
P0513,Season,1,Strongly agree,5,75,85
P0513,Season,2,Agree,4,95,95
P0513,Season,3,Agree,4,70,83
P0513,Season,4,Neither agree nor disagree,3,40,50
P0513,Season,5,Agree,4,65,68
P0513,Season,6,Strongly agree,5,90,93
P0513,Season,7,Strongly disagree,1,20,15
P0513,Season,8,Disagree,2,25,12
P0513,Season,9,Strongly disagree,1,35,18
P0513,Season,10,Disagree,2,20,17
P0513,Season,11,Neither agree nor disagree,3,55,35
P0513,Season,12,Strongly disagree,1,15,13
P0514,Individual,1,Strongly agree,5,75,100
P0514,Individual,2,Strongly agree,5,92,92
P0514,Individual,3,Agree,4,62,62
P0514,Individual,4,Strongly agree,5,84,84
P0514,Individual,5,Agree,4,56,56
P0514,Individual,6,Strongly agree,5,77,77
P0514,Individual,7,Strongly disagree,1,37,37
P0514,Individual,8,Strongly disagree,1,1,1
P0514,Individual,9,Strongly disagree,1,5,5
P0514,Individual,10,Disagree,2,20,20
P0514,Individual,11,Disagree,2,23,23
P0514,Individual,12,Strongly disagree,1,33,33
P0515,Individual,1,Strongly agree,5,71,100
P0515,Individual,2,Strongly agree,5,96,96
P0515,Individual,3,Strongly agree,5,86,86
P0515,Individual,4,Strongly agree,5,65,65
P0515,Individual,5,Strongly agree,5,74,74
P0515,Individual,6,Strongly agree,5,75,75
P0515,Individual,7,Strongly disagree,1,20,20
P0515,Individual,8,Strongly disagree,1,25,25
P0515,Individual,9,Strongly disagree,1,30,30
P0515,Individual,10,Disagree,2,34,34
P0515,Individual,11,Strongly disagree,1,28,28
P0515,Individual,12,Strongly disagree,1,39,39
P0516,Age,1,Strongly agree,5,42,42
P0516,Age,2,Strongly agree,5,85,85
P0516,Age,3,Strongly agree,5,34,34
P0516,Age,4,Agree,4,47,47
P0516,Age,5,Agree,4,38,38
P0516,Age,6,Strongly agree,5,49,49
P0516,Age,7,Strongly disagree,1,44,44
P0516,Age,8,Strongly disagree,1,28,28
P0516,Age,9,Strongly disagree,1,79,79
P0516,Age,10,Disagree,2,38,38
P0516,Age,11,Disagree,2,70,70
P0516,Age,12,Strongly disagree,1,29,29
P0517,Season,1,Agree,4,85,85
P0517,Season,2,Agree,4,96,96
P0517,Season,3,Agree,4,77,89
P0517,Season,4,Strongly disagree,1,26,26
P0517,Season,5,Neither agree nor disagree,3,40,40
P0517,Season,6,Agree,4,82,82
P0517,Season,7,Neither agree nor disagree,3,77,77
P0517,Season,8,Strongly disagree,1,3,3
P0517,Season,9,Strongly disagree,1,9,9
P0517,Season,10,Neither agree nor disagree,3,73,73
P0517,Season,11,Disagree,2,50,50
P0517,Season,12,Disagree,2,11,11
P0518,Age,1,Strongly agree,5,85,90
P0518,Age,2,Strongly agree,5,80,85
P0518,Age,3,Strongly agree,5,65,85
P0518,Age,4,Agree,4,55,40
P0518,Age,5,Strongly agree,5,85,80
P0518,Age,6,Strongly agree,5,90,90
P0518,Age,7,Strongly disagree,1,15,15
P0518,Age,8,Disagree,2,55,45
P0518,Age,9,Disagree,2,40,20
P0518,Age,10,Strongly disagree,1,35,25
P0518,Age,11,Neither agree nor disagree,3,75,40
P0518,Age,12,Strongly disagree,1,30,15
P0519,Season,1,Strongly agree,5,100,100
P0519,Season,2,Strongly agree,5,90,90
P0519,Season,3,Agree,4,92,92
P0519,Season,4,Disagree,2,85,85
P0519,Season,5,Agree,4,62,62
P0519,Season,6,Strongly agree,5,95,95
P0519,Season,7,Agree,4,43,30
P0519,Season,8,Disagree,2,45,45
P0519,Season,9,Strongly disagree,1,20,20
P0519,Season,10,Agree,4,33,33
P0519,Season,11,Agree,4,60,60
P0519,Season,12,Disagree,2,5,5
P0520,Age,1,Strongly agree,5,80,90
P0520,Age,2,Strongly agree,5,95,95
P0520,Age,3,Strongly agree,5,95,93
P0520,Age,4,Agree,4,85,65
P0520,Age,5,Strongly agree,5,80,75
P0520,Age,6,Agree,4,85,90
P0520,Age,7,Strongly disagree,1,10,10
P0520,Age,8,Strongly disagree,1,10,7
P0520,Age,9,Strongly disagree,1,75,10
P0520,Age,10,Strongly disagree,1,20,16
P0520,Age,11,Strongly disagree,1,30,20
P0520,Age,12,Disagree,2,90,15
P0521,Season,1,Strongly agree,5,80,95
P0521,Season,2,Strongly agree,5,60,80
P0521,Season,3,Strongly agree,5,65,75
P0521,Season,4,Strongly agree,5,50,60
P0521,Season,5,Strongly agree,5,40,45
P0521,Season,6,Strongly agree,5,60,60
P0521,Season,7,Neither agree nor disagree,3,81,25
P0521,Season,8,Strongly disagree,1,15,10
P0521,Season,9,Strongly disagree,1,25,25
P0521,Season,10,Neither agree nor disagree,3,25,25
P0521,Season,11,Strongly disagree,1,35,35
P0521,Season,12,Strongly disagree,1,40,10
P0522,Age,1,Neither agree nor disagree,3,60,60
P0522,Age,2,Strongly agree,5,71,81
P0522,Age,3,Neither agree nor disagree,3,69,48
P0522,Age,4,Strongly agree,5,79,79
P0522,Age,5,Agree,4,61,61
P0522,Age,6,Disagree,2,72,86
P0522,Age,7,Neither agree nor disagree,3,58,58
P0522,Age,8,Neither agree nor disagree,3,67,29
P0522,Age,9,Neither agree nor disagree,3,76,23
P0522,Age,10,Agree,4,68,68
P0522,Age,11,Strongly agree,5,76,17
P0522,Age,12,Strongly agree,5,84,23
P0523,Conformity,1,Strongly agree,5,81,81
P0523,Conformity,2,Strongly disagree,1,61,61
P0523,Conformity,3,Strongly disagree,1,50,50
P0523,Conformity,4,Strongly disagree,1,33,33
P0523,Conformity,5,Strongly disagree,1,48,48
P0523,Conformity,6,Agree,4,58,58
P0523,Conformity,7,Strongly agree,5,38,38
P0523,Conformity,8,Strongly agree,5,72,72
P0523,Conformity,9,Neither agree nor disagree,3,31,31
P0523,Conformity,10,Agree,4,39,39
P0523,Conformity,11,Strongly agree,5,42,42
P0523,Conformity,12,Disagree,2,21,21
P0524,Prestige,1,Strongly agree,5,100,100
P0524,Prestige,2,Strongly agree,5,100,100
P0524,Prestige,3,Strongly agree,5,100,100
P0524,Prestige,4,Strongly agree,5,75,75
P0524,Prestige,5,Strongly agree,5,30,80
P0524,Prestige,6,Strongly agree,5,80,80
P0524,Prestige,7,Strongly disagree,1,40,20
P0524,Prestige,8,Neither agree nor disagree,3,50,10
P0524,Prestige,9,Strongly disagree,1,10,10
P0524,Prestige,10,Strongly disagree,1,50,25
P0524,Prestige,11,Neither agree nor disagree,3,40,20
P0524,Prestige,12,Strongly disagree,1,25,14
P0525,Conformity,1,Strongly agree,5,97,97
P0525,Conformity,2,Agree,4,97,97
P0525,Conformity,3,Strongly agree,5,92,92
P0525,Conformity,4,Agree,4,40,40
P0525,Conformity,5,Disagree,2,25,25
P0525,Conformity,6,Agree,4,95,95
P0525,Conformity,7,Strongly disagree,1,20,20
P0525,Conformity,8,Disagree,2,25,25
P0525,Conformity,9,Strongly disagree,1,14,9
P0525,Conformity,10,Disagree,2,37,10
P0525,Conformity,11,Disagree,2,56,56
P0525,Conformity,12,Strongly disagree,1,45,10
P0526,Age,1,Strongly agree,5,100,100
P0526,Age,2,Strongly agree,5,96,96
P0526,Age,3,Strongly agree,5,98,98
P0526,Age,4,Agree,4,60,60
P0526,Age,5,Strongly agree,5,70,70
P0526,Age,6,Strongly agree,5,95,95
P0526,Age,7,Strongly disagree,1,5,5
P0526,Age,8,Disagree,2,16,16
P0526,Age,9,Disagree,2,40,40
P0526,Age,10,Disagree,2,10,10
P0526,Age,11,Neither agree nor disagree,3,25,25
P0526,Age,12,Strongly disagree,1,10,10
P0527,Season,1,Strongly agree,5,90,95
P0527,Season,2,Strongly agree,5,85,95
P0527,Season,3,Strongly agree,5,76,90
P0527,Season,4,Strongly disagree,1,10,50
P0527,Season,5,Disagree,2,23,67
P0527,Season,6,Strongly agree,5,60,90
P0527,Season,7,Disagree,2,34,15
P0527,Season,8,Disagree,2,43,10
P0527,Season,9,Disagree,2,47,5
P0527,Season,10,Neither agree nor disagree,3,35,15
P0527,Season,11,Neither agree nor disagree,3,55,20
P0527,Season,12,Disagree,2,55,20
P0528,Season,1,Strongly agree,5,77,77
P0528,Season,2,Strongly agree,5,86,86
P0528,Season,3,Strongly agree,5,77,77
P0528,Season,4,Strongly agree,5,72,72
P0528,Season,5,Strongly agree,5,73,73
P0528,Season,6,Strongly agree,5,76,76
P0528,Season,7,Strongly disagree,1,21,21
P0528,Season,8,Strongly disagree,1,20,20
P0528,Season,9,Strongly disagree,1,14,14
P0528,Season,10,Neither agree nor disagree,3,15,15
P0528,Season,11,Strongly disagree,1,14,14
P0528,Season,12,Strongly disagree,1,10,10
P0529,Prestige,1,Agree,4,86,86
P0529,Prestige,2,Strongly agree,5,97,94
P0529,Prestige,3,Agree,4,68,93
P0529,Prestige,4,Strongly agree,5,91,69
P0529,Prestige,5,Agree,4,74,74
P0529,Prestige,6,Agree,4,89,89
P0529,Prestige,7,Disagree,2,82,45
P0529,Prestige,8,Strongly agree,5,83,46
P0529,Prestige,9,Neither agree nor disagree,3,50,20
P0529,Prestige,10,Agree,4,74,44
P0529,Prestige,11,Agree,4,82,38
P0529,Prestige,12,Agree,4,85,36
P0530,Conformity,1,Neither agree nor disagree,3,80,86
P0530,Conformity,2,Disagree,2,89,93
P0530,Conformity,3,Disagree,2,79,87
P0530,Conformity,4,Strongly disagree,1,68,62
P0530,Conformity,5,Strongly disagree,1,73,72
P0530,Conformity,6,Disagree,2,58,81
P0530,Conformity,7,Agree,4,23,14
P0530,Conformity,8,Strongly agree,5,38,18
P0530,Conformity,9,Neither agree nor disagree,3,31,9
P0530,Conformity,10,Agree,4,38,20
P0530,Conformity,11,Strongly agree,5,52,21
P0530,Conformity,12,Agree,4,35,24
P0531,Individual,1,Strongly agree,5,85,89
P0531,Individual,2,Strongly agree,5,88,88
P0531,Individual,3,Strongly agree,5,65,74
P0531,Individual,4,Disagree,2,28,28
P0531,Individual,5,Strongly agree,5,50,50
P0531,Individual,6,Strongly agree,5,82,82
P0531,Individual,7,Strongly disagree,1,37,13
P0531,Individual,8,Strongly disagree,1,13,13
P0531,Individual,9,Strongly disagree,1,56,56
P0531,Individual,10,Neither agree nor disagree,3,57,43
P0531,Individual,11,Disagree,2,55,72
P0531,Individual,12,Disagree,2,60,60
P0532,Individual,1,Strongly agree,5,50,50
P0532,Individual,2,Strongly agree,5,90,90
P0532,Individual,3,Agree,4,70,70
P0532,Individual,4,Agree,4,40,40
P0532,Individual,5,Agree,4,30,30
P0532,Individual,6,Agree,4,40,40
P0532,Individual,7,Disagree,2,20,20
P0532,Individual,8,Strongly disagree,1,20,20
P0532,Individual,9,Disagree,2,30,30
P0532,Individual,10,Disagree,2,40,40
P0532,Individual,11,Disagree,2,40,40
P0532,Individual,12,Neither agree nor disagree,3,40,40
P0533,Individual,1,Disagree,2,36,100
P0533,Individual,2,Strongly agree,5,92,92
P0533,Individual,3,Agree,4,82,82
P0533,Individual,4,Disagree,2,31,31
P0533,Individual,5,Agree,4,75,75
P0533,Individual,6,Strongly agree,5,75,75
P0533,Individual,7,Agree,4,77,77
P0533,Individual,8,Disagree,2,15,41
P0533,Individual,9,Disagree,2,16,16
P0533,Individual,10,Agree,4,76,76
P0533,Individual,11,Strongly agree,5,81,81
P0533,Individual,12,Disagree,2,35,35
P0534,Prestige,1,Agree,4,30,32
P0534,Prestige,2,Agree,4,80,85
P0534,Prestige,3,Disagree,2,45,72
P0534,Prestige,4,Disagree,2,11,13
P0534,Prestige,5,Disagree,2,16,70
P0534,Prestige,6,Agree,4,74,76
P0534,Prestige,7,Agree,4,73,67
P0534,Prestige,8,Agree,4,73,19
P0534,Prestige,9,Disagree,2,18,3
P0534,Prestige,10,Agree,4,77,73
P0534,Prestige,11,Agree,4,75,75
P0534,Prestige,12,Agree,4,76,40
P0535,Individual,1,Strongly agree,5,100,100
P0535,Individual,2,Strongly agree,5,100,100
P0535,Individual,3,Strongly agree,5,70,70
P0535,Individual,4,Strongly disagree,1,15,15
P0535,Individual,5,Agree,4,33,33
P0535,Individual,6,Strongly agree,5,100,100
P0535,Individual,7,Strongly disagree,1,55,55
P0535,Individual,8,Neither agree nor disagree,3,16,16
P0535,Individual,9,Strongly disagree,1,35,35
P0535,Individual,10,Neither agree nor disagree,3,51,51
P0535,Individual,11,Neither agree nor disagree,3,69,69
P0535,Individual,12,Strongly disagree,1,16,16
P0536,Prestige,1,Strongly agree,5,95,95
P0536,Prestige,2,Strongly agree,5,50,95
P0536,Prestige,3,Strongly agree,5,90,90
P0536,Prestige,4,Strongly agree,5,61,61
P0536,Prestige,5,Strongly agree,5,70,70
P0536,Prestige,6,Strongly agree,5,84,90
P0536,Prestige,7,Strongly disagree,1,10,10
P0536,Prestige,8,Strongly disagree,1,20,20
P0536,Prestige,9,Strongly disagree,1,18,15
P0536,Prestige,10,Strongly disagree,1,10,10
P0536,Prestige,11,Strongly disagree,1,49,30
P0536,Prestige,12,Strongly disagree,1,25,11
P0537,Individual,1,Disagree,2,10,40
P0537,Individual,2,Strongly agree,5,95,95
P0537,Individual,3,Agree,4,50,50
P0537,Individual,4,Strongly agree,5,90,90
P0537,Individual,5,Agree,4,66,66
P0537,Individual,6,Agree,4,80,80
P0537,Individual,7,Agree,4,86,86
P0537,Individual,8,Disagree,2,10,15
P0537,Individual,9,Strongly disagree,1,20,20
P0537,Individual,10,Disagree,2,80,80
P0537,Individual,11,Agree,4,65,65
P0537,Individual,12,Disagree,2,40,40
P0538,Prestige,1,Strongly agree,5,90,90
P0538,Prestige,2,Strongly agree,5,81,90
P0538,Prestige,3,Strongly agree,5,80,80
P0538,Prestige,4,Strongly agree,5,70,70
P0538,Prestige,5,Strongly agree,5,45,60
P0538,Prestige,6,Strongly agree,5,65,65
P0538,Prestige,7,Strongly disagree,1,10,10
P0538,Prestige,8,Neither agree nor disagree,3,10,10
P0538,Prestige,9,Strongly disagree,1,5,5
P0538,Prestige,10,Neither agree nor disagree,3,30,30
P0538,Prestige,11,Strongly disagree,1,30,20
P0538,Prestige,12,Strongly disagree,1,35,10
P0539,Individual,1,Strongly agree,5,90,100
P0539,Individual,2,Strongly agree,5,100,100
P0539,Individual,3,Agree,4,70,70
P0539,Individual,4,Strongly agree,5,100,95
P0539,Individual,5,Neither agree nor disagree,3,55,55
P0539,Individual,6,Strongly agree,5,81,75
P0539,Individual,7,Neither agree nor disagree,3,50,50
P0539,Individual,8,Strongly disagree,1,4,4
P0539,Individual,9,Disagree,2,10,10
P0539,Individual,10,Neither agree nor disagree,3,60,60
P0539,Individual,11,Agree,4,65,65
P0539,Individual,12,Neither agree nor disagree,3,50,50
P0540,Season,1,Strongly agree,5,90,90
P0540,Season,2,Agree,4,85,90
P0540,Season,3,Strongly agree,5,85,90
P0540,Season,4,Neither agree nor disagree,3,65,65
P0540,Season,5,Neither agree nor disagree,3,50,65
P0540,Season,6,Agree,4,65,75
P0540,Season,7,Agree,4,50,25
P0540,Season,8,Strongly disagree,1,10,10
P0540,Season,9,Neither agree nor disagree,3,25,15
P0540,Season,10,Agree,4,50,25
P0540,Season,11,Agree,4,45,25
P0540,Season,12,Disagree,2,45,20
P0541,Prestige,1,Agree,4,83,90
P0541,Prestige,2,Strongly agree,5,96,96
P0541,Prestige,3,Strongly agree,5,99,96
P0541,Prestige,4,Disagree,2,61,61
P0541,Prestige,5,Neither agree nor disagree,3,46,65
P0541,Prestige,6,Strongly agree,5,87,90
P0541,Prestige,7,Strongly agree,5,66,20
P0541,Prestige,8,Strongly disagree,1,10,11
P0541,Prestige,9,Strongly disagree,1,22,13
P0541,Prestige,10,Neither agree nor disagree,3,46,16
P0541,Prestige,11,Neither agree nor disagree,3,84,24
P0541,Prestige,12,Disagree,2,31,17
P0542,Age,1,Strongly agree,5,94,94
P0542,Age,2,Disagree,2,60,60
P0542,Age,3,Strongly agree,5,95,95
P0542,Age,4,Disagree,2,24,24
P0542,Age,5,Agree,4,61,61
P0542,Age,6,Strongly agree,5,82,82
P0542,Age,7,Strongly disagree,1,45,45
P0542,Age,8,Disagree,2,20,20
P0542,Age,9,Strongly disagree,1,30,30
P0542,Age,10,Disagree,2,40,40
P0542,Age,11,Neither agree nor disagree,3,61,61
P0542,Age,12,Disagree,2,60,60
P0543,Conformity,1,Strongly agree,5,94,94
P0543,Conformity,2,Strongly agree,5,100,100
P0543,Conformity,3,Strongly agree,5,100,100
P0543,Conformity,4,Neither agree nor disagree,3,90,90
P0543,Conformity,5,Agree,4,88,88
P0543,Conformity,6,Strongly agree,5,87,87
P0543,Conformity,7,Agree,4,50,50
P0543,Conformity,8,Neither agree nor disagree,3,60,50
P0543,Conformity,9,Strongly disagree,1,19,15
P0543,Conformity,10,Agree,4,87,87
P0543,Conformity,11,Neither agree nor disagree,3,61,30
P0543,Conformity,12,Strongly disagree,1,82,76
P0544,Age,1,Strongly agree,5,95,95
P0544,Age,2,Strongly agree,5,100,97
P0544,Age,3,Strongly agree,5,84,94
P0544,Age,4,Strongly agree,5,80,80
P0544,Age,5,Agree,4,60,70
P0544,Age,6,Strongly agree,5,100,98
P0544,Age,7,Neither agree nor disagree,3,10,10
P0544,Age,8,Strongly disagree,1,1,2
P0544,Age,9,Strongly disagree,1,1,2
P0544,Age,10,Disagree,2,20,10
P0544,Age,11,Neither agree nor disagree,3,20,10
P0544,Age,12,Strongly disagree,1,0,5
P0545,Conformity,1,Strongly agree,5,49,62
P0545,Conformity,2,Strongly agree,5,100,97
P0545,Conformity,3,Strongly agree,5,100,93
P0545,Conformity,4,Strongly agree,5,83,72
P0545,Conformity,5,Strongly agree,5,96,50
P0545,Conformity,6,Strongly agree,5,94,94
P0545,Conformity,7,Strongly disagree,1,19,10
P0545,Conformity,8,Strongly disagree,1,8,2
P0545,Conformity,9,Strongly disagree,1,0,0
P0545,Conformity,10,Disagree,2,80,50
P0545,Conformity,11,Strongly disagree,1,92,48
P0545,Conformity,12,Agree,4,40,15
P0546,Prestige,1,Agree,4,85,85
P0546,Prestige,2,Agree,4,74,82
P0546,Prestige,3,Agree,4,83,83
P0546,Prestige,4,Disagree,2,6,62
P0546,Prestige,5,Agree,4,32,74
P0546,Prestige,6,Agree,4,71,85
P0546,Prestige,7,Disagree,2,11,11
P0546,Prestige,8,Disagree,2,11,12
P0546,Prestige,9,Disagree,2,83,23
P0546,Prestige,10,Disagree,2,11,11
P0546,Prestige,11,Disagree,2,19,19
P0546,Prestige,12,Disagree,2,11,11
P0547,Age,1,Strongly agree,5,100,97
P0547,Age,2,Strongly agree,5,100,100
P0547,Age,3,Strongly agree,5,95,95
P0547,Age,4,Disagree,2,42,42
P0547,Age,5,Neither agree nor disagree,3,51,51
P0547,Age,6,Strongly agree,5,91,91
P0547,Age,7,Strongly disagree,1,13,13
P0547,Age,8,Disagree,2,29,13
P0547,Age,9,Disagree,2,8,8
P0547,Age,10,Strongly disagree,1,6,6
P0547,Age,11,Disagree,2,23,23
P0547,Age,12,Strongly disagree,1,5,5
P0548,Conformity,1,Strongly agree,5,85,85
P0548,Conformity,2,Strongly agree,5,90,90
P0548,Conformity,3,Strongly agree,5,94,94
P0548,Conformity,4,Disagree,2,45,55
P0548,Conformity,5,Agree,4,58,58
P0548,Conformity,6,Strongly agree,5,85,85
P0548,Conformity,7,Disagree,2,15,12
P0548,Conformity,8,Disagree,2,40,20
P0548,Conformity,9,Strongly disagree,1,52,20
P0548,Conformity,10,Neither agree nor disagree,3,25,17
P0548,Conformity,11,Disagree,2,50,30
P0548,Conformity,12,Strongly disagree,1,15,10
P0549,Season,1,Agree,4,81,81
P0549,Season,2,Strongly agree,5,95,95
P0549,Season,3,Strongly agree,5,91,91
P0549,Season,4,Disagree,2,40,40
P0549,Season,5,Strongly agree,5,71,71
P0549,Season,6,Strongly agree,5,85,85
P0549,Season,7,Disagree,2,34,34
P0549,Season,8,Strongly disagree,1,30,30
P0549,Season,9,Strongly disagree,1,14,14
P0549,Season,10,Neither agree nor disagree,3,40,40
P0549,Season,11,Disagree,2,50,50
P0549,Season,12,Strongly disagree,1,20,20
P0550,Conformity,1,Strongly agree,5,87,93
P0550,Conformity,2,Strongly agree,5,88,91
P0550,Conformity,3,Strongly agree,5,91,91
P0550,Conformity,4,Neither agree nor disagree,3,57,57
P0550,Conformity,5,Agree,4,63,67
P0550,Conformity,6,Agree,4,82,89
P0550,Conformity,7,Disagree,2,8,8
P0550,Conformity,8,Disagree,2,71,7
P0550,Conformity,9,Strongly disagree,1,13,7
P0550,Conformity,10,Disagree,2,11,12
P0550,Conformity,11,Neither agree nor disagree,3,68,36
P0550,Conformity,12,Disagree,2,9,9
P0551,Season,1,Agree,4,50,50
P0551,Season,2,Strongly agree,5,80,80
P0551,Season,3,Agree,4,80,80
P0551,Season,4,Neither agree nor disagree,3,50,50
P0551,Season,5,Agree,4,50,50
P0551,Season,6,Agree,4,50,50
P0551,Season,7,Neither agree nor disagree,3,50,50
P0551,Season,8,Disagree,2,50,50
P0551,Season,9,Disagree,2,50,50
P0551,Season,10,Disagree,2,51,51
P0551,Season,11,Disagree,2,55,55
P0551,Season,12,Disagree,2,70,70
P0552,Season,1,Strongly agree,5,99,98
P0552,Season,2,Strongly agree,5,100,99
P0552,Season,3,Strongly agree,5,90,90
P0552,Season,4,Agree,4,80,75
P0552,Season,5,Strongly agree,5,95,92
P0552,Season,6,Strongly agree,5,98,97
P0552,Season,7,Strongly disagree,1,5,5
P0552,Season,8,Strongly disagree,1,1,1
P0552,Season,9,Strongly disagree,1,22,18
P0552,Season,10,Strongly disagree,1,3,5
P0552,Season,11,Strongly disagree,1,10,10
P0552,Season,12,Strongly disagree,1,20,17
P0553,Prestige,1,Strongly disagree,1,89,93
P0553,Prestige,2,Strongly disagree,1,53,91
P0553,Prestige,3,Strongly disagree,1,78,91
P0553,Prestige,4,Strongly disagree,1,58,60
P0553,Prestige,5,Strongly disagree,1,62,72
P0553,Prestige,6,Strongly disagree,1,78,94
P0553,Prestige,7,Strongly agree,5,23,10
P0553,Prestige,8,Strongly agree,5,10,5
P0553,Prestige,9,Strongly agree,5,10,3
P0553,Prestige,10,Strongly agree,5,67,15
P0553,Prestige,11,Strongly agree,5,26,15
P0553,Prestige,12,Strongly agree,5,16,8
P0554,Individual,1,Strongly agree,5,50,50
P0554,Individual,2,Strongly agree,5,80,80
P0554,Individual,3,Strongly agree,5,50,50
P0554,Individual,4,Strongly agree,5,60,60
P0554,Individual,5,Strongly agree,5,70,70
P0554,Individual,6,Strongly agree,5,50,50
P0554,Individual,7,Strongly disagree,1,35,35
P0554,Individual,8,Strongly disagree,1,30,30
P0554,Individual,9,Strongly disagree,1,25,25
P0554,Individual,10,Strongly disagree,1,40,40
P0554,Individual,11,Strongly disagree,1,40,40
P0554,Individual,12,Strongly disagree,1,40,40
P0555,Individual,1,Strongly agree,5,90,90
P0555,Individual,2,Strongly agree,5,80,80
P0555,Individual,3,Strongly agree,5,85,85
P0555,Individual,4,Strongly agree,5,10,10
P0555,Individual,5,Strongly agree,5,60,60
P0555,Individual,6,Strongly agree,5,70,75
P0555,Individual,7,Strongly disagree,1,20,25
P0555,Individual,8,Strongly disagree,1,20,30
P0555,Individual,9,Strongly disagree,1,10,10
P0555,Individual,10,Disagree,2,40,30
P0555,Individual,11,Strongly disagree,1,20,25
P0555,Individual,12,Strongly disagree,1,20,20
P0556,Individual,1,Strongly agree,5,88,100
P0556,Individual,2,Neither agree nor disagree,3,85,85
P0556,Individual,3,Strongly agree,5,90,90
P0556,Individual,4,Strongly disagree,1,31,31
P0556,Individual,5,Disagree,2,67,67
P0556,Individual,6,Agree,4,80,80
P0556,Individual,7,Agree,4,36,36
P0556,Individual,8,Disagree,2,23,23
P0556,Individual,9,Strongly disagree,1,10,10
P0556,Individual,10,Agree,4,33,33
P0556,Individual,11,Agree,4,30,30
P0556,Individual,12,Neither agree nor disagree,3,16,16
P0557,Season,1,Strongly agree,5,79,90
P0557,Season,2,Strongly agree,5,75,96
P0557,Season,3,Strongly agree,5,6,91
P0557,Season,4,Agree,4,13,13
P0557,Season,5,Strongly agree,5,65,69
P0557,Season,6,Strongly agree,5,15,94
P0557,Season,7,Strongly disagree,1,35,10
P0557,Season,8,Strongly disagree,1,19,4
P0557,Season,9,Strongly disagree,1,35,5
P0557,Season,10,Disagree,2,65,13
P0557,Season,11,Strongly disagree,1,79,14
P0557,Season,12,Strongly disagree,1,60,8
P0558,Age,1,Agree,4,96,96
P0558,Age,2,Strongly agree,5,87,91
P0558,Age,3,Strongly agree,5,90,86
P0558,Age,4,Agree,4,89,94
P0558,Age,5,Agree,4,88,92
P0558,Age,6,Agree,4,80,91
P0558,Age,7,Strongly agree,5,61,61
P0558,Age,8,Strongly agree,5,95,95
P0558,Age,9,Strongly agree,5,65,100
P0558,Age,10,Strongly agree,5,80,90
P0558,Age,11,Agree,4,90,90
P0558,Age,12,Strongly agree,5,90,79
P0559,Age,1,Strongly agree,5,59,90
P0559,Age,2,Strongly agree,5,82,95
P0559,Age,3,Strongly agree,5,75,85
P0559,Age,4,Strongly agree,5,65,65
P0559,Age,5,Strongly agree,5,40,68
P0559,Age,6,Strongly agree,5,69,98
P0559,Age,7,Disagree,2,12,12
P0559,Age,8,Strongly disagree,1,18,9
P0559,Age,9,Strongly disagree,1,35,4
P0559,Age,10,Strongly agree,5,50,13
P0559,Age,11,Strongly disagree,1,24,19
P0559,Age,12,Strongly disagree,1,39,10
P0560,Age,1,Strongly agree,5,98,98
P0560,Age,2,Strongly agree,5,99,99
P0560,Age,3,Agree,4,95,95
P0560,Age,4,Disagree,2,5,5
P0560,Age,5,Agree,4,75,75
P0560,Age,6,Strongly agree,5,70,95
P0560,Age,7,Neither agree nor disagree,3,10,10
P0560,Age,8,Strongly disagree,1,2,2
P0560,Age,9,Strongly disagree,1,5,5
P0560,Age,10,Disagree,2,10,10
P0560,Age,11,Disagree,2,40,15
P0560,Age,12,Strongly disagree,1,3,3
P0561,Season,1,Strongly agree,5,66,85
P0561,Season,2,Strongly agree,5,86,97
P0561,Season,3,Strongly agree,5,73,89
P0561,Season,4,Agree,4,32,46
P0561,Season,5,Strongly agree,5,64,64
P0561,Season,6,Strongly agree,5,51,74
P0561,Season,7,Strongly disagree,1,16,9
P0561,Season,8,Strongly disagree,1,7,7
P0561,Season,9,Strongly disagree,1,10,2
P0561,Season,10,Disagree,2,25,12
P0561,Season,11,Strongly disagree,1,61,41
P0561,Season,12,Strongly disagree,1,23,7
P0562,Individual,1,Agree,4,60,100
P0562,Individual,2,Strongly agree,5,69,69
P0562,Individual,3,Disagree,2,50,50
P0562,Individual,4,Agree,4,40,40
P0562,Individual,5,Neither agree nor disagree,3,40,40
P0562,Individual,6,Neither agree nor disagree,3,40,40
P0562,Individual,7,Neither agree nor disagree,3,30,30
P0562,Individual,8,Neither agree nor disagree,3,30,30
P0562,Individual,9,Neither agree nor disagree,3,20,20
P0562,Individual,10,Neither agree nor disagree,3,30,30
P0562,Individual,11,Agree,4,50,50
P0562,Individual,12,Neither agree nor disagree,3,40,40
P0563,Prestige,1,Strongly agree,5,90,90
P0563,Prestige,2,Strongly agree,5,95,95
P0563,Prestige,3,Strongly agree,5,90,90
P0563,Prestige,4,Strongly agree,5,80,80
P0563,Prestige,5,Strongly agree,5,95,95
P0563,Prestige,6,Strongly agree,5,90,90
P0563,Prestige,7,Neither agree nor disagree,3,30,11
P0563,Prestige,8,Neither agree nor disagree,3,4,4
P0563,Prestige,9,Strongly disagree,1,5,3
P0563,Prestige,10,Agree,4,50,15
P0563,Prestige,11,Disagree,2,10,10
P0563,Prestige,12,Strongly disagree,1,5,5
P0564,Season,1,Agree,4,55,55
P0564,Season,2,Agree,4,90,90
P0564,Season,3,Neither agree nor disagree,3,61,61
P0564,Season,4,Agree,4,74,74
P0564,Season,5,Agree,4,22,22
P0564,Season,6,Strongly agree,5,87,87
P0564,Season,7,Strongly disagree,1,9,9
P0564,Season,8,Disagree,2,5,5
P0564,Season,9,Agree,4,40,40
P0564,Season,10,Neither agree nor disagree,3,17,17
P0564,Season,11,Disagree,2,55,55
P0564,Season,12,Disagree,2,15,15
P0565,Season,1,Strongly agree,5,97,97
P0565,Season,2,Strongly agree,5,80,96
P0565,Season,3,Strongly agree,5,95,95
P0565,Season,4,Agree,4,90,60
P0565,Season,5,Agree,4,42,42
P0565,Season,6,Strongly agree,5,100,100
P0565,Season,7,Strongly disagree,1,49,49
P0565,Season,8,Strongly disagree,1,50,50
P0565,Season,9,Strongly disagree,1,2,2
P0565,Season,10,Strongly disagree,1,18,18
P0565,Season,11,Neither agree nor disagree,3,67,15
P0565,Season,12,Strongly disagree,1,14,8
P0566,Age,1,Disagree,2,20,90
P0566,Age,2,Strongly agree,5,100,100
P0566,Age,3,Strongly agree,5,70,70
P0566,Age,4,Strongly agree,5,100,100
P0566,Age,5,Strongly agree,5,40,40
P0566,Age,6,Agree,4,100,90
P0566,Age,7,Agree,4,100,30
P0566,Age,8,Strongly disagree,1,0,10
P0566,Age,9,Strongly disagree,1,90,5
P0566,Age,10,Strongly disagree,1,90,25
P0566,Age,11,Strongly agree,5,90,90
P0566,Age,12,Strongly agree,5,60,60
P0567,Prestige,1,Strongly agree,5,88,88
P0567,Prestige,2,Strongly agree,5,94,94
P0567,Prestige,3,Strongly agree,5,82,82
P0567,Prestige,4,Strongly agree,5,78,78
P0567,Prestige,5,Agree,4,81,81
P0567,Prestige,6,Strongly agree,5,86,86
P0567,Prestige,7,Strongly disagree,1,25,25
P0567,Prestige,8,Disagree,2,12,12
P0567,Prestige,9,Strongly disagree,1,18,18
P0567,Prestige,10,Strongly disagree,1,25,25
P0567,Prestige,11,Disagree,2,20,20
P0567,Prestige,12,Strongly disagree,1,15,15
P0568,Conformity,1,Agree,4,80,90
P0568,Conformity,2,Agree,4,81,93
P0568,Conformity,3,Neither agree nor disagree,3,53,90
P0568,Conformity,4,Disagree,2,29,60
P0568,Conformity,5,Agree,4,71,71
P0568,Conformity,6,Agree,4,71,95
P0568,Conformity,7,Disagree,2,24,12
P0568,Conformity,8,Disagree,2,19,5
P0568,Conformity,9,Disagree,2,39,7
P0568,Conformity,10,Disagree,2,30,15
P0568,Conformity,11,Neither agree nor disagree,3,20,16
P0568,Conformity,12,Neither agree nor disagree,3,60,16
P0569,Prestige,1,Neither agree nor disagree,3,88,91
P0569,Prestige,2,Strongly agree,5,94,94
P0569,Prestige,3,Neither agree nor disagree,3,85,88
P0569,Prestige,4,Strongly disagree,1,14,52
P0569,Prestige,5,Disagree,2,73,73
P0569,Prestige,6,Agree,4,92,92
P0569,Prestige,7,Disagree,2,15,15
P0569,Prestige,8,Agree,4,31,13
P0569,Prestige,9,Disagree,2,21,7
P0569,Prestige,10,Agree,4,44,14
P0569,Prestige,11,Strongly agree,5,64,44
P0569,Prestige,12,Disagree,2,17,11
P0570,Conformity,1,Strongly agree,5,100,99
P0570,Conformity,2,Agree,4,56,81
P0570,Conformity,3,Strongly agree,5,100,100
P0570,Conformity,4,Strongly agree,5,95,95
P0570,Conformity,5,Agree,4,64,64
P0570,Conformity,6,Strongly agree,5,93,93
P0570,Conformity,7,Strongly disagree,1,17,17
P0570,Conformity,8,Disagree,2,7,7
P0570,Conformity,9,Strongly disagree,1,4,4
P0570,Conformity,10,Strongly disagree,1,60,22
P0570,Conformity,11,Strongly disagree,1,10,10
P0570,Conformity,12,Strongly disagree,1,52,15
P0571,Conformity,1,Strongly agree,5,91,91
P0571,Conformity,2,Strongly agree,5,100,98
P0571,Conformity,3,Neither agree nor disagree,3,35,96
P0571,Conformity,4,Disagree,2,46,27
P0571,Conformity,5,Strongly agree,5,100,73
P0571,Conformity,6,Strongly agree,5,85,92
P0571,Conformity,7,Disagree,2,5,98
P0571,Conformity,8,Strongly disagree,1,40,6
P0571,Conformity,9,Strongly disagree,1,9,67
P0571,Conformity,10,Neither agree nor disagree,3,23,90
P0571,Conformity,11,Agree,4,62,47
P0571,Conformity,12,Strongly disagree,1,16,12
P0572,Individual,1,Strongly agree,5,9,59
P0572,Individual,2,Strongly agree,5,80,80
P0572,Individual,3,Strongly agree,5,54,64
P0572,Individual,4,Neither agree nor disagree,3,51,51
P0572,Individual,5,Agree,4,30,30
P0572,Individual,6,Strongly agree,5,56,56
P0572,Individual,7,Strongly disagree,1,10,10
P0572,Individual,8,Strongly disagree,1,10,10
P0572,Individual,9,Disagree,2,10,10
P0572,Individual,10,Strongly disagree,1,20,20
P0572,Individual,11,Strongly disagree,1,21,21
P0572,Individual,12,Disagree,2,9,9
P0573,Season,1,Strongly agree,5,85,95
P0573,Season,2,Strongly agree,5,95,95
P0573,Season,3,Strongly agree,5,78,90
P0573,Season,4,Neither agree nor disagree,3,80,70
P0573,Season,5,Strongly agree,5,85,74
P0573,Season,6,Strongly agree,5,85,95
P0573,Season,7,Strongly disagree,1,15,10
P0573,Season,8,Strongly disagree,1,5,5
P0573,Season,9,Disagree,2,25,5
P0573,Season,10,Strongly disagree,1,8,8
P0573,Season,11,Strongly disagree,1,20,10
P0573,Season,12,Strongly disagree,1,20,6
P0574,Prestige,1,Strongly agree,5,67,71
P0574,Prestige,2,Strongly agree,5,62,75
P0574,Prestige,3,Strongly agree,5,77,81
P0574,Prestige,4,Neither agree nor disagree,3,40,42
P0574,Prestige,5,Agree,4,47,58
P0574,Prestige,6,Agree,4,52,71
P0574,Prestige,7,Disagree,2,18,18
P0574,Prestige,8,Disagree,2,32,27
P0574,Prestige,9,Disagree,2,25,13
P0574,Prestige,10,Disagree,2,21,22
P0574,Prestige,11,Disagree,2,51,42
P0574,Prestige,12,Disagree,2,36,30
P0575,Season,1,Strongly agree,5,86,86
P0575,Season,2,Strongly agree,5,98,98
P0575,Season,3,Strongly agree,5,90,90
P0575,Season,4,Disagree,2,75,75
P0575,Season,5,Neither agree nor disagree,3,78,78
P0575,Season,6,Strongly agree,5,91,91
P0575,Season,7,Disagree,2,25,25
P0575,Season,8,Disagree,2,10,10
P0575,Season,9,Neither agree nor disagree,3,14,14
P0575,Season,10,Disagree,2,30,30
P0575,Season,11,Disagree,2,20,20
P0575,Season,12,Neither agree nor disagree,3,25,25
P0576,Age,1,Strongly agree,5,40,40
P0576,Age,2,Strongly agree,5,58,58
P0576,Age,3,Strongly agree,5,35,80
P0576,Age,4,Strongly agree,5,20,50
P0576,Age,5,Strongly agree,5,25,50
P0576,Age,6,Strongly agree,5,42,86
P0576,Age,7,Disagree,2,50,30
P0576,Age,8,Strongly disagree,1,70,50
P0576,Age,9,Strongly disagree,1,34,20
P0576,Age,10,Strongly disagree,1,54,31
P0576,Age,11,Strongly disagree,1,61,61
P0576,Age,12,Strongly disagree,1,59,25
P0577,Conformity,1,Strongly agree,5,50,50
P0577,Conformity,2,Strongly agree,5,70,70
P0577,Conformity,3,Strongly agree,5,70,70
P0577,Conformity,4,Strongly agree,5,50,50
P0577,Conformity,5,Strongly agree,5,50,50
P0577,Conformity,6,Strongly agree,5,50,75
P0577,Conformity,7,Strongly disagree,1,60,60
P0577,Conformity,8,Strongly disagree,1,50,25
P0577,Conformity,9,Strongly disagree,1,50,25
P0577,Conformity,10,Strongly disagree,1,70,0
P0577,Conformity,11,Strongly disagree,1,60,60
P0577,Conformity,12,Strongly disagree,1,50,30
P0578,Prestige,1,Neither agree nor disagree,3,84,84
P0578,Prestige,2,Strongly agree,5,51,51
P0578,Prestige,3,Strongly agree,5,52,47
P0578,Prestige,4,Agree,4,71,71
P0578,Prestige,5,Agree,4,65,65
P0578,Prestige,6,Strongly agree,5,62,62
P0578,Prestige,7,Agree,4,55,55
P0578,Prestige,8,Disagree,2,51,51
P0578,Prestige,9,Strongly disagree,1,63,63
P0578,Prestige,10,Agree,4,52,55
P0578,Prestige,11,Neither agree nor disagree,3,51,52
P0578,Prestige,12,Neither agree nor disagree,3,49,47
P0579,Prestige,1,Strongly agree,5,80,94
P0579,Prestige,2,Strongly agree,5,89,95
P0579,Prestige,3,Strongly agree,5,72,91
P0579,Prestige,4,Strongly agree,5,42,61
P0579,Prestige,5,Strongly agree,5,69,69
P0579,Prestige,6,Strongly agree,5,75,94
P0579,Prestige,7,Strongly disagree,1,18,10
P0579,Prestige,8,Strongly disagree,1,26,5
P0579,Prestige,9,Strongly disagree,1,14,3
P0579,Prestige,10,Strongly disagree,1,34,15
P0579,Prestige,11,Strongly disagree,1,52,16
P0579,Prestige,12,Strongly disagree,1,25,8
P0580,Prestige,1,Strongly agree,5,100,100
P0580,Prestige,2,Strongly agree,5,100,100
P0580,Prestige,3,Strongly agree,5,100,100
P0580,Prestige,4,Disagree,2,25,25
P0580,Prestige,5,Strongly agree,5,100,100
P0580,Prestige,6,Strongly agree,5,100,100
P0580,Prestige,7,Agree,4,71,71
P0580,Prestige,8,Strongly disagree,1,0,0
P0580,Prestige,9,Strongly agree,5,100,100
P0580,Prestige,10,Agree,4,48,48
P0580,Prestige,11,Agree,4,94,94
P0580,Prestige,12,Strongly disagree,1,0,0
P0581,Individual,1,Strongly agree,5,67,85
P0581,Individual,2,Strongly agree,5,90,90
P0581,Individual,3,Strongly agree,5,73,73
P0581,Individual,4,Neither agree nor disagree,3,35,50
P0581,Individual,5,Strongly agree,5,75,93
P0581,Individual,6,Strongly agree,5,84,86
P0581,Individual,7,Strongly disagree,1,8,8
P0581,Individual,8,Strongly disagree,1,15,15
P0581,Individual,9,Strongly disagree,1,10,8
P0581,Individual,10,Strongly disagree,1,17,12
P0581,Individual,11,Strongly disagree,1,41,25
P0581,Individual,12,Strongly disagree,1,16,10
P0582,Individual,1,Strongly agree,5,81,80
P0582,Individual,2,Strongly agree,5,72,75
P0582,Individual,3,Strongly agree,5,90,90
P0582,Individual,4,Disagree,2,40,39
P0582,Individual,5,Strongly agree,5,51,50
P0582,Individual,6,Strongly agree,5,71,75
P0582,Individual,7,Strongly disagree,1,25,25
P0582,Individual,8,Strongly disagree,1,20,20
P0582,Individual,9,Strongly disagree,1,25,23
P0582,Individual,10,Strongly disagree,1,25,28
P0582,Individual,11,Strongly disagree,1,43,43
P0582,Individual,12,Strongly disagree,1,45,33
P0583,Conformity,1,Agree,4,79,93
P0583,Conformity,2,Agree,4,95,95
P0583,Conformity,3,Agree,4,97,91
P0583,Conformity,4,Disagree,2,39,60
P0583,Conformity,5,Neither agree nor disagree,3,70,70
P0583,Conformity,6,Neither agree nor disagree,3,72,95
P0583,Conformity,7,Agree,4,42,10
P0583,Conformity,8,Neither agree nor disagree,3,24,5
P0583,Conformity,9,Neither agree nor disagree,3,49,3
P0583,Conformity,10,Neither agree nor disagree,3,39,39
P0583,Conformity,11,Strongly agree,5,52,15
P0583,Conformity,12,Agree,4,68,8
P0584,Individual,1,Strongly agree,5,70,100
P0584,Individual,2,Strongly agree,5,89,89
P0584,Individual,3,Agree,4,61,71
P0584,Individual,4,Agree,4,55,55
P0584,Individual,5,Strongly agree,5,59,59
P0584,Individual,6,Strongly agree,5,89,93
P0584,Individual,7,Strongly disagree,1,37,24
P0584,Individual,8,Strongly disagree,1,35,35
P0584,Individual,9,Strongly disagree,1,33,33
P0584,Individual,10,Disagree,2,29,29
P0584,Individual,11,Neither agree nor disagree,3,55,72
P0584,Individual,12,Strongly disagree,1,36,36
P0585,Season,1,Strongly agree,5,95,95
P0585,Season,2,Strongly agree,5,88,95
P0585,Season,3,Strongly agree,5,92,92
P0585,Season,4,Agree,4,34,50
P0585,Season,5,Strongly agree,5,45,80
P0585,Season,6,Agree,4,66,90
P0585,Season,7,Strongly disagree,1,7,14
P0585,Season,8,Disagree,2,55,11
P0585,Season,9,Strongly disagree,1,10,6
P0585,Season,10,Disagree,2,15,23
P0585,Season,11,Strongly disagree,1,45,15
P0585,Season,12,Disagree,2,28,10
P0586,Conformity,1,Disagree,2,50,90
P0586,Conformity,2,Strongly agree,5,80,80
P0586,Conformity,3,Agree,4,55,90
P0586,Conformity,4,Disagree,2,71,71
P0586,Conformity,5,Strongly agree,5,80,75
P0586,Conformity,6,Strongly agree,5,85,85
P0586,Conformity,7,Disagree,2,60,20
P0586,Conformity,8,Strongly disagree,1,10,10
P0586,Conformity,9,Strongly disagree,1,20,5
P0586,Conformity,10,Strongly disagree,1,40,19
P0586,Conformity,11,Disagree,2,65,65
P0586,Conformity,12,Strongly disagree,1,21,21
P0587,Age,1,Strongly agree,5,80,80
P0587,Age,2,Strongly agree,5,95,95
P0587,Age,3,Strongly agree,5,90,90
P0587,Age,4,Agree,4,20,80
P0587,Age,5,Strongly agree,5,75,75
P0587,Age,6,Strongly agree,5,70,95
P0587,Age,7,Strongly disagree,1,30,20
P0587,Age,8,Strongly disagree,1,25,11
P0587,Age,9,Strongly disagree,1,45,2
P0587,Age,10,Disagree,2,40,10
P0587,Age,11,Strongly disagree,1,55,20
P0587,Age,12,Strongly disagree,1,70,5
P0588,Individual,1,Agree,4,90,90
P0588,Individual,2,Strongly agree,5,90,90
P0588,Individual,3,Agree,4,90,90
P0588,Individual,4,Strongly disagree,1,10,10
P0588,Individual,5,Strongly disagree,1,50,50
P0588,Individual,6,Neither agree nor disagree,3,70,70
P0588,Individual,7,Neither agree nor disagree,3,30,30
P0588,Individual,8,Neither agree nor disagree,3,30,30
P0588,Individual,9,Strongly disagree,1,40,40
P0588,Individual,10,Neither agree nor disagree,3,35,35
P0588,Individual,11,Strongly agree,5,80,80
P0588,Individual,12,Agree,4,60,60
P0589,Conformity,1,Strongly agree,5,90,90
P0589,Conformity,2,Strongly agree,5,40,60
P0589,Conformity,3,Strongly agree,5,80,80
P0589,Conformity,4,Strongly disagree,1,5,45
P0589,Conformity,5,Agree,4,75,75
P0589,Conformity,6,Strongly agree,5,70,80
P0589,Conformity,7,Disagree,2,30,20
P0589,Conformity,8,Strongly disagree,1,60,30
P0589,Conformity,9,Disagree,2,80,20
P0589,Conformity,10,Disagree,2,50,40
P0589,Conformity,11,Strongly agree,5,70,40
P0589,Conformity,12,Disagree,2,60,20
P0590,Season,1,Strongly agree,5,60,60
P0590,Season,2,Strongly agree,5,75,86
P0590,Season,3,Strongly agree,5,44,49
P0590,Season,4,Agree,4,38,38
P0590,Season,5,Strongly agree,5,36,58
P0590,Season,6,Strongly agree,5,48,48
P0590,Season,7,Strongly disagree,1,80,74
P0590,Season,8,Strongly disagree,1,40,24
P0590,Season,9,Strongly disagree,1,90,38
P0590,Season,10,Disagree,2,89,89
P0590,Season,11,Strongly disagree,1,58,57
P0590,Season,12,Strongly disagree,1,70,32
P0591,Conformity,1,Strongly agree,5,99,99
P0591,Conformity,2,Strongly agree,5,100,100
P0591,Conformity,3,Strongly agree,5,90,90
P0591,Conformity,4,Strongly agree,5,75,75
P0591,Conformity,5,Strongly agree,5,90,90
P0591,Conformity,6,Strongly agree,5,90,90
P0591,Conformity,7,Disagree,2,5,5
P0591,Conformity,8,Strongly disagree,1,10,10
P0591,Conformity,9,Disagree,2,45,2
P0591,Conformity,10,Strongly disagree,1,5,10
P0591,Conformity,11,Disagree,2,20,20
P0591,Conformity,12,Strongly disagree,1,40,5
P0592,Age,1,Strongly agree,5,87,87
P0592,Age,2,Strongly agree,5,87,87
P0592,Age,3,Strongly agree,5,73,85
P0592,Age,4,Agree,4,59,59
P0592,Age,5,Neither agree nor disagree,3,54,66
P0592,Age,6,Strongly agree,5,95,95
P0592,Age,7,Disagree,2,31,16
P0592,Age,8,Strongly disagree,1,37,11
P0592,Age,9,Strongly disagree,1,18,5
P0592,Age,10,Neither agree nor disagree,3,45,21
P0592,Age,11,Neither agree nor disagree,3,41,19
P0592,Age,12,Strongly disagree,1,26,12
P0593,Age,1,Strongly agree,5,90,98
P0593,Age,2,Agree,4,100,100
P0593,Age,3,Strongly agree,5,97,97
P0593,Age,4,Strongly agree,5,61,61
P0593,Age,5,Agree,4,53,80
P0593,Age,6,Strongly agree,5,70,98
P0593,Age,7,Disagree,2,14,8
P0593,Age,8,Neither agree nor disagree,3,43,13
P0593,Age,9,Strongly disagree,1,0,0
P0593,Age,10,Disagree,2,22,22
P0593,Age,11,Neither agree nor disagree,3,34,13
P0593,Age,12,Strongly disagree,1,20,6
P0594,Individual,1,Strongly agree,5,60,64
P0594,Individual,2,Strongly agree,5,65,68
P0594,Individual,3,Strongly agree,5,70,70
P0594,Individual,4,Strongly agree,5,40,35
P0594,Individual,5,Strongly agree,5,40,40
P0594,Individual,6,Strongly agree,5,60,60
P0594,Individual,7,Strongly disagree,1,30,30
P0594,Individual,8,Strongly disagree,1,40,40
P0594,Individual,9,Strongly disagree,1,25,25
P0594,Individual,10,Strongly disagree,1,30,35
P0594,Individual,11,Strongly disagree,1,70,70
P0594,Individual,12,Strongly disagree,1,44,45
P0595,Season,1,Strongly agree,5,78,81
P0595,Season,2,Agree,4,65,73
P0595,Season,3,Strongly agree,5,86,86
P0595,Season,4,Disagree,2,27,27
P0595,Season,5,Agree,4,57,57
P0595,Season,6,Strongly agree,5,70,70
P0595,Season,7,Strongly disagree,1,21,20
P0595,Season,8,Strongly disagree,1,15,12
P0595,Season,9,Strongly disagree,1,30,30
P0595,Season,10,Disagree,2,35,20
P0595,Season,11,Neither agree nor disagree,3,61,57
P0595,Season,12,Strongly disagree,1,15,13
P0596,Age,1,Disagree,2,40,40
P0596,Age,2,Agree,4,95,95
P0596,Age,3,Neither agree nor disagree,3,70,70
P0596,Age,4,Neither agree nor disagree,3,50,50
P0596,Age,5,Agree,4,80,80
P0596,Age,6,Strongly agree,5,80,80
P0596,Age,7,Agree,4,90,90
P0596,Age,8,Neither agree nor disagree,3,20,20
P0596,Age,9,Disagree,2,40,40
P0596,Age,10,Agree,4,70,70
P0596,Age,11,Strongly agree,5,90,90
P0596,Age,12,Strongly agree,5,70,70
P0597,Individual,1,Strongly agree,5,0,11
P0597,Individual,2,Strongly agree,5,90,90
P0597,Individual,3,Strongly agree,5,0,0
P0597,Individual,4,Disagree,2,11,11
P0597,Individual,5,Agree,4,49,49
P0597,Individual,6,Strongly agree,5,100,100
P0597,Individual,7,Strongly disagree,1,0,0
P0597,Individual,8,Strongly disagree,1,0,0
P0597,Individual,9,Strongly disagree,1,0,0
P0597,Individual,10,Disagree,2,5,5
P0597,Individual,11,Neither agree nor disagree,3,0,0
P0597,Individual,12,Strongly disagree,1,0,0
P0598,Conformity,1,Strongly agree,5,100,100
P0598,Conformity,2,Strongly agree,5,100,100
P0598,Conformity,3,Strongly agree,5,87,87
P0598,Conformity,4,Strongly agree,5,88,85
P0598,Conformity,5,Neither agree nor disagree,3,30,73
P0598,Conformity,6,Strongly agree,5,90,90
P0598,Conformity,7,Strongly disagree,1,30,8
P0598,Conformity,8,Neither agree nor disagree,3,31,5
P0598,Conformity,9,Strongly disagree,1,84,3
P0598,Conformity,10,Disagree,2,12,0
P0598,Conformity,11,Neither agree nor disagree,3,20,20
P0598,Conformity,12,Strongly disagree,1,10,10
P0599,Individual,1,Strongly agree,5,50,100
P0599,Individual,2,Strongly agree,5,90,90
P0599,Individual,3,Strongly agree,5,100,100
P0599,Individual,4,Agree,4,90,90
P0599,Individual,5,Neither agree nor disagree,3,70,70
P0599,Individual,6,Strongly agree,5,80,80
P0599,Individual,7,Neither agree nor disagree,3,5,5
P0599,Individual,8,Neither agree nor disagree,3,10,10
P0599,Individual,9,Strongly disagree,1,20,20
P0599,Individual,10,Neither agree nor disagree,3,60,60
P0599,Individual,11,Neither agree nor disagree,3,50,50
P0599,Individual,12,Strongly disagree,1,30,30
P0600,Prestige,1,Strongly agree,5,83,93
P0600,Prestige,2,Strongly agree,5,93,93
P0600,Prestige,3,Strongly agree,5,75,87
P0600,Prestige,4,Disagree,2,36,57
P0600,Prestige,5,Agree,4,80,80
P0600,Prestige,6,Agree,4,75,86
P0600,Prestige,7,Disagree,2,48,22
P0600,Prestige,8,Strongly disagree,1,16,16
P0600,Prestige,9,Disagree,2,36,9
P0600,Prestige,10,Agree,4,47,23
P0600,Prestige,11,Disagree,2,39,29
P0600,Prestige,12,Neither agree nor disagree,3,47,39
P0601,Prestige,1,Strongly agree,5,95,95
P0601,Prestige,2,Strongly agree,5,90,92
P0601,Prestige,3,Strongly agree,5,83,87
P0601,Prestige,4,Agree,4,50,54
P0601,Prestige,5,Agree,4,55,60
P0601,Prestige,6,Strongly agree,5,81,85
P0601,Prestige,7,Disagree,2,43,30
P0601,Prestige,8,Disagree,2,20,14
P0601,Prestige,9,Strongly disagree,1,8,5
P0601,Prestige,10,Disagree,2,44,25
P0601,Prestige,11,Strongly disagree,1,10,10
P0601,Prestige,12,Strongly disagree,1,50,40
P0602,Prestige,1,Strongly agree,5,98,96
P0602,Prestige,2,Strongly agree,5,90,90
P0602,Prestige,3,Strongly agree,5,92,92
P0602,Prestige,4,Agree,4,42,49
P0602,Prestige,5,Agree,4,67,67
P0602,Prestige,6,Strongly agree,5,84,89
P0602,Prestige,7,Disagree,2,30,19
P0602,Prestige,8,Disagree,2,25,10
P0602,Prestige,9,Strongly disagree,1,29,5
P0602,Prestige,10,Disagree,2,43,21
P0602,Prestige,11,Disagree,2,66,27
P0602,Prestige,12,Disagree,2,32,11
P0603,Season,1,Strongly agree,5,70,95
P0603,Season,2,Strongly agree,5,80,85
P0603,Season,3,Strongly agree,5,60,90
P0603,Season,4,Neither agree nor disagree,3,55,55
P0603,Season,5,Agree,4,50,70
P0603,Season,6,Strongly agree,5,50,90
P0603,Season,7,Disagree,2,20,15
P0603,Season,8,Disagree,2,40,10
P0603,Season,9,Disagree,2,45,20
P0603,Season,10,Disagree,2,30,20
P0603,Season,11,Neither agree nor disagree,3,60,20
P0603,Season,12,Strongly disagree,1,60,15
P0604,Individual,1,Agree,4,80,100
P0604,Individual,2,Strongly agree,5,75,75
P0604,Individual,3,Strongly agree,5,85,85
P0604,Individual,4,Agree,4,60,60
P0604,Individual,5,Strongly agree,5,40,40
P0604,Individual,6,Agree,4,71,71
P0604,Individual,7,Strongly disagree,1,17,17
P0604,Individual,8,Disagree,2,72,72
P0604,Individual,9,Disagree,2,45,45
P0604,Individual,10,Disagree,2,50,50
P0604,Individual,11,Disagree,2,70,70
P0604,Individual,12,Disagree,2,70,70
P0605,Conformity,1,Strongly agree,5,80,90
P0605,Conformity,2,Strongly agree,5,98,98
P0605,Conformity,3,Strongly agree,5,95,95
P0605,Conformity,4,Strongly agree,5,90,75
P0605,Conformity,5,Strongly agree,5,98,90
P0605,Conformity,6,Strongly agree,5,80,95
P0605,Conformity,7,Disagree,2,70,10
P0605,Conformity,8,Strongly disagree,1,5,5
P0605,Conformity,9,Strongly disagree,1,7,5
P0605,Conformity,10,Strongly disagree,1,10,0
P0605,Conformity,11,Strongly disagree,1,75,10
P0605,Conformity,12,Strongly disagree,1,2,2
P0606,Prestige,1,Strongly agree,5,54,62
P0606,Prestige,2,Strongly agree,5,75,81
P0606,Prestige,3,Strongly agree,5,55,58
P0606,Prestige,4,Agree,4,32,34
P0606,Prestige,5,Strongly agree,5,50,53
P0606,Prestige,6,Strongly agree,5,58,60
P0606,Prestige,7,Strongly disagree,1,53,50
P0606,Prestige,8,Neither agree nor disagree,3,53,41
P0606,Prestige,9,Disagree,2,64,42
P0606,Prestige,10,Strongly disagree,1,65,39
P0606,Prestige,11,Disagree,2,45,37
P0606,Prestige,12,Strongly disagree,1,55,44
P0607,Age,1,Strongly agree,5,27,92
P0607,Age,2,Strongly agree,5,60,88
P0607,Age,3,Strongly agree,5,58,75
P0607,Age,4,Agree,4,39,53
P0607,Age,5,Agree,4,55,69
P0607,Age,6,Strongly agree,5,62,92
P0607,Age,7,Strongly disagree,1,26,11
P0607,Age,8,Disagree,2,61,5
P0607,Age,9,Strongly disagree,1,52,2
P0607,Age,10,Disagree,2,33,15
P0607,Age,11,Strongly disagree,1,81,19
P0607,Age,12,Strongly disagree,1,36,14
P0608,Age,1,Strongly agree,5,95,95
P0608,Age,2,Strongly agree,5,90,90
P0608,Age,3,Strongly agree,5,94,94
P0608,Age,4,Neither agree nor disagree,3,40,46
P0608,Age,5,Strongly agree,5,60,60
P0608,Age,6,Strongly agree,5,95,96
P0608,Age,7,Strongly disagree,1,2,2
P0608,Age,8,Disagree,2,14,10
P0608,Age,9,Strongly disagree,1,8,8
P0608,Age,10,Strongly disagree,1,5,9
P0608,Age,11,Disagree,2,38,18
P0608,Age,12,Strongly disagree,1,5,5
P0609,Prestige,1,Strongly agree,5,56,70
P0609,Prestige,2,Strongly agree,5,52,76
P0609,Prestige,3,Strongly agree,5,59,74
P0609,Prestige,4,Strongly agree,5,41,49
P0609,Prestige,5,Strongly agree,5,69,69
P0609,Prestige,6,Strongly agree,5,54,81
P0609,Prestige,7,Strongly disagree,1,34,19
P0609,Prestige,8,Strongly disagree,1,35,16
P0609,Prestige,9,Strongly disagree,1,30,20
P0609,Prestige,10,Strongly disagree,1,55,35
P0609,Prestige,11,Strongly disagree,1,42,30
P0609,Prestige,12,Strongly disagree,1,61,15
P0610,Individual,1,Strongly agree,5,85,90
P0610,Individual,2,Strongly agree,5,95,97
P0610,Individual,3,Agree,4,90,95
P0610,Individual,4,Disagree,2,63,65
P0610,Individual,5,Neither agree nor disagree,3,69,75
P0610,Individual,6,Neither agree nor disagree,3,62,62
P0610,Individual,7,Disagree,2,20,20
P0610,Individual,8,Neither agree nor disagree,3,8,10
P0610,Individual,9,Disagree,2,14,15
P0610,Individual,10,Agree,4,30,25
P0610,Individual,11,Agree,4,39,50
P0610,Individual,12,Neither agree nor disagree,3,30,20
P0611,Season,1,Strongly agree,5,85,93
P0611,Season,2,Strongly agree,5,78,98
P0611,Season,3,Strongly agree,5,78,91
P0611,Season,4,Strongly agree,5,48,60
P0611,Season,5,Strongly agree,5,48,71
P0611,Season,6,Strongly agree,5,59,95
P0611,Season,7,Strongly disagree,1,56,10
P0611,Season,8,Strongly agree,5,45,5
P0611,Season,9,Strongly disagree,1,37,3
P0611,Season,10,Strongly disagree,1,58,15
P0611,Season,11,Strongly disagree,1,48,15
P0611,Season,12,Strongly disagree,1,37,8
P0612,Prestige,1,Strongly agree,5,15,15
P0612,Prestige,2,Strongly agree,5,45,45
P0612,Prestige,3,Agree,4,20,20
P0612,Prestige,4,Disagree,2,10,10
P0612,Prestige,5,Agree,4,25,65
P0612,Prestige,6,Strongly agree,5,70,70
P0612,Prestige,7,Strongly disagree,1,40,62
P0612,Prestige,8,Strongly disagree,1,30,20
P0612,Prestige,9,Strongly disagree,1,35,15
P0612,Prestige,10,Neither agree nor disagree,3,25,25
P0612,Prestige,11,Disagree,2,70,70
P0612,Prestige,12,Disagree,2,85,85
P0613,Conformity,1,Strongly agree,5,32,32
P0613,Conformity,2,Strongly agree,5,41,41
P0613,Conformity,3,Strongly agree,5,37,37
P0613,Conformity,4,Agree,4,44,44
P0613,Conformity,5,Agree,4,38,38
P0613,Conformity,6,Strongly agree,5,51,51
P0613,Conformity,7,Strongly disagree,1,34,34
P0613,Conformity,8,Neither agree nor disagree,3,28,28
P0613,Conformity,9,Strongly disagree,1,24,24
P0613,Conformity,10,Disagree,2,39,0
P0613,Conformity,11,Disagree,2,26,26
P0613,Conformity,12,Disagree,2,26,26
P0614,Season,1,Strongly agree,5,85,85
P0614,Season,2,Strongly agree,5,95,95
P0614,Season,3,Strongly agree,5,80,85
P0614,Season,4,Strongly agree,5,70,65
P0614,Season,5,Strongly agree,5,75,75
P0614,Season,6,Strongly agree,5,70,70
P0614,Season,7,Strongly disagree,1,35,35
P0614,Season,8,Strongly disagree,1,20,20
P0614,Season,9,Strongly disagree,1,40,40
P0614,Season,10,Neither agree nor disagree,3,40,35
P0614,Season,11,Strongly disagree,1,25,20
P0614,Season,12,Strongly disagree,1,30,30
P0615,Individual,1,Agree,4,70,100
P0615,Individual,2,Strongly agree,5,95,95
P0615,Individual,3,Agree,4,84,84
P0615,Individual,4,Disagree,2,76,76
P0615,Individual,5,Neither agree nor disagree,3,43,43
P0615,Individual,6,Agree,4,87,87
P0615,Individual,7,Neither agree nor disagree,3,27,27
P0615,Individual,8,Disagree,2,31,31
P0615,Individual,9,Disagree,2,51,51
P0615,Individual,10,Neither agree nor disagree,3,52,52
P0615,Individual,11,Agree,4,41,41
P0615,Individual,12,Strongly disagree,1,25,25
P0616,Conformity,1,Strongly agree,5,61,75
P0616,Conformity,2,Strongly agree,5,66,85
P0616,Conformity,3,Strongly agree,5,60,75
P0616,Conformity,4,Neither agree nor disagree,3,30,35
P0616,Conformity,5,Agree,4,62,65
P0616,Conformity,6,Strongly agree,5,55,70
P0616,Conformity,7,Strongly disagree,1,40,30
P0616,Conformity,8,Disagree,2,30,25
P0616,Conformity,9,Strongly disagree,1,35,25
P0616,Conformity,10,Disagree,2,36,25
P0616,Conformity,11,Disagree,2,55,50
P0616,Conformity,12,Strongly disagree,1,40,35
P0617,Age,1,Strongly agree,5,90,90
P0617,Age,2,Strongly agree,5,80,89
P0617,Age,3,Strongly agree,5,65,84
P0617,Age,4,Strongly disagree,1,35,30
P0617,Age,5,Neither agree nor disagree,3,52,52
P0617,Age,6,Neither agree nor disagree,3,60,81
P0617,Age,7,Neither agree nor disagree,3,32,36
P0617,Age,8,Strongly disagree,1,23,9
P0617,Age,9,Neither agree nor disagree,3,43,13
P0617,Age,10,Neither agree nor disagree,3,47,31
P0617,Age,11,Neither agree nor disagree,3,86,51
P0617,Age,12,Neither agree nor disagree,3,41,23
P0618,Conformity,1,Strongly agree,5,20,60
P0618,Conformity,2,Strongly agree,5,40,70
P0618,Conformity,3,Strongly agree,5,60,70
P0618,Conformity,4,Strongly agree,5,10,25
P0618,Conformity,5,Strongly agree,5,20,45
P0618,Conformity,6,Strongly agree,5,60,75
P0618,Conformity,7,Strongly disagree,1,65,40
P0618,Conformity,8,Strongly disagree,1,60,30
P0618,Conformity,9,Strongly disagree,1,45,25
P0618,Conformity,10,Strongly disagree,1,45,25
P0618,Conformity,11,Strongly disagree,1,75,55
P0618,Conformity,12,Strongly disagree,1,65,40
P0619,Season,1,Strongly agree,5,94,94
P0619,Season,2,Agree,4,70,83
P0619,Season,3,Strongly agree,5,93,93
P0619,Season,4,Strongly disagree,1,11,11
P0619,Season,5,Disagree,2,65,65
P0619,Season,6,Agree,4,81,84
P0619,Season,7,Disagree,2,24,18
P0619,Season,8,Strongly disagree,1,78,49
P0619,Season,9,Neither agree nor disagree,3,44,26
P0619,Season,10,Strongly disagree,1,55,24
P0619,Season,11,Strongly agree,5,61,40
P0619,Season,12,Agree,4,55,11
P0620,Age,1,Disagree,2,60,60
P0620,Age,2,Strongly agree,5,40,40
P0620,Age,3,Disagree,2,29,29
P0620,Age,4,Agree,4,53,53
P0620,Age,5,Neither agree nor disagree,3,71,71
P0620,Age,6,Disagree,2,36,63
P0620,Age,7,Agree,4,45,45
P0620,Age,8,Neither agree nor disagree,3,60,60
P0620,Age,9,Agree,4,67,27
P0620,Age,10,Agree,4,87,87
P0620,Age,11,Strongly agree,5,55,55
P0620,Age,12,Strongly agree,5,45,20
P0621,Season,1,Strongly agree,5,50,88
P0621,Season,2,Strongly agree,5,74,95
P0621,Season,3,Strongly agree,5,84,92
P0621,Season,4,Strongly agree,5,30,55
P0621,Season,5,Strongly agree,5,20,65
P0621,Season,6,Strongly agree,5,53,79
P0621,Season,7,Strongly disagree,1,67,15
P0621,Season,8,Strongly disagree,1,30,9
P0621,Season,9,Strongly disagree,1,34,11
P0621,Season,10,Strongly disagree,1,64,19
P0621,Season,11,Strongly disagree,1,41,17
P0621,Season,12,Strongly disagree,1,25,10
P0622,Conformity,1,Agree,4,40,40
P0622,Conformity,2,Agree,4,90,90
P0622,Conformity,3,Agree,4,47,47
P0622,Conformity,4,Disagree,2,61,61
P0622,Conformity,5,Agree,4,42,42
P0622,Conformity,6,Agree,4,80,80
P0622,Conformity,7,Neither agree nor disagree,3,26,26
P0622,Conformity,8,Disagree,2,50,50
P0622,Conformity,9,Disagree,2,15,15
P0622,Conformity,10,Disagree,2,50,0
P0622,Conformity,11,Neither agree nor disagree,3,33,33
P0622,Conformity,12,Neither agree nor disagree,3,36,36
P0623,Age,1,Strongly agree,5,97,97
P0623,Age,2,Strongly agree,5,100,100
P0623,Age,3,Strongly agree,5,100,100
P0623,Age,4,Agree,4,100,76
P0623,Age,5,Agree,4,100,86
P0623,Age,6,Strongly agree,5,94,94
P0623,Age,7,Strongly disagree,1,2,2
P0623,Age,8,Strongly disagree,1,1,1
P0623,Age,9,Strongly disagree,1,4,4
P0623,Age,10,Agree,4,21,21
P0623,Age,11,Disagree,2,0,10
P0623,Age,12,Strongly disagree,1,5,5
P0624,Individual,1,Strongly agree,5,80,100
P0624,Individual,2,Strongly agree,5,93,93
P0624,Individual,3,Strongly agree,5,94,94
P0624,Individual,4,Neither agree nor disagree,3,48,48
P0624,Individual,5,Strongly agree,5,74,74
P0624,Individual,6,Strongly agree,5,87,87
P0624,Individual,7,Disagree,2,25,25
P0624,Individual,8,Strongly disagree,1,0,0
P0624,Individual,9,Strongly disagree,1,6,6
P0624,Individual,10,Disagree,2,5,5
P0624,Individual,11,Disagree,2,2,2
P0624,Individual,12,Strongly disagree,1,33,33
P0625,Age,1,Strongly agree,5,82,82
P0625,Age,2,Strongly agree,5,97,97
P0625,Age,3,Strongly agree,5,96,96
P0625,Age,4,Disagree,2,42,42
P0625,Age,5,Strongly agree,5,60,60
P0625,Age,6,Strongly agree,5,82,82
P0625,Age,7,Neither agree nor disagree,3,55,30
P0625,Age,8,Strongly disagree,1,25,25
P0625,Age,9,Disagree,2,80,3
P0625,Age,10,Neither agree nor disagree,3,55,32
P0625,Age,11,Neither agree nor disagree,3,70,36
P0625,Age,12,Strongly disagree,1,37,16
P0626,Conformity,1,Strongly agree,5,91,91
P0626,Conformity,2,Strongly agree,5,81,81
P0626,Conformity,3,Agree,4,76,80
P0626,Conformity,4,Agree,4,38,54
P0626,Conformity,5,Neither agree nor disagree,3,46,60
P0626,Conformity,6,Strongly agree,5,59,77
P0626,Conformity,7,Disagree,2,39,24
P0626,Conformity,8,Strongly disagree,1,17,17
P0626,Conformity,9,Strongly disagree,1,41,20
P0626,Conformity,10,Agree,4,69,33
P0626,Conformity,11,Disagree,2,58,23
P0626,Conformity,12,Disagree,2,47,25
P0627,Prestige,1,Strongly agree,5,39,71
P0627,Prestige,2,Strongly agree,5,61,71
P0627,Prestige,3,Strongly agree,5,71,80
P0627,Prestige,4,Disagree,2,39,39
P0627,Prestige,5,Strongly agree,5,37,58
P0627,Prestige,6,Strongly agree,5,51,71
P0627,Prestige,7,Strongly disagree,1,60,40
P0627,Prestige,8,Strongly disagree,1,50,30
P0627,Prestige,9,Strongly disagree,1,39,20
P0627,Prestige,10,Disagree,2,60,41
P0627,Prestige,11,Strongly disagree,1,63,62
P0627,Prestige,12,Strongly disagree,1,80,66
P0628,Individual,1,Strongly agree,5,95,100
P0628,Individual,2,Strongly agree,5,97,97
P0628,Individual,3,Agree,4,70,70
P0628,Individual,4,Agree,4,100,100
P0628,Individual,5,Agree,4,60,60
P0628,Individual,6,Agree,4,96,96
P0628,Individual,7,Agree,4,45,45
P0628,Individual,8,Strongly disagree,1,5,5
P0628,Individual,9,Strongly disagree,1,5,5
P0628,Individual,10,Neither agree nor disagree,3,42,42
P0628,Individual,11,Neither agree nor disagree,3,72,72
P0628,Individual,12,Disagree,2,29,29
P0629,Season,1,Strongly agree,5,40,50
P0629,Season,2,Strongly agree,5,50,50
P0629,Season,3,Strongly agree,5,55,55
P0629,Season,4,Disagree,2,40,40
P0629,Season,5,Strongly agree,5,40,40
P0629,Season,6,Strongly agree,5,35,35
P0629,Season,7,Disagree,2,65,65
P0629,Season,8,Strongly disagree,1,60,60
P0629,Season,9,Neither agree nor disagree,3,60,60
P0629,Season,10,Strongly disagree,1,60,60
P0629,Season,11,Strongly disagree,1,65,65
P0629,Season,12,Strongly disagree,1,70,70
P0630,Season,1,Strongly agree,5,85,85
P0630,Season,2,Strongly agree,5,99,99
P0630,Season,3,Strongly agree,5,85,85
P0630,Season,4,Strongly disagree,1,1,1
P0630,Season,5,Strongly agree,5,55,55
P0630,Season,6,Strongly agree,5,80,80
P0630,Season,7,Agree,4,75,75
P0630,Season,8,Strongly disagree,1,1,1
P0630,Season,9,Neither agree nor disagree,3,75,75
P0630,Season,10,Agree,4,75,75
P0630,Season,11,Agree,4,75,75
P0630,Season,12,Strongly agree,5,90,90
P0631,Conformity,1,Strongly agree,5,29,29
P0631,Conformity,2,Strongly agree,5,99,92
P0631,Conformity,3,Strongly agree,5,93,93
P0631,Conformity,4,Neither agree nor disagree,3,51,51
P0631,Conformity,5,Strongly agree,5,32,32
P0631,Conformity,6,Strongly agree,5,69,69
P0631,Conformity,7,Strongly disagree,1,47,47
P0631,Conformity,8,Strongly disagree,1,11,11
P0631,Conformity,9,Strongly disagree,1,19,19
P0631,Conformity,10,Strongly disagree,1,54,42
P0631,Conformity,11,Strongly disagree,1,44,44
P0631,Conformity,12,Strongly disagree,1,31,31
P0632,Age,1,Agree,4,45,85
P0632,Age,2,Agree,4,54,89
P0632,Age,3,Neither agree nor disagree,3,57,84
P0632,Age,4,Neither agree nor disagree,3,26,54
P0632,Age,5,Agree,4,51,68
P0632,Age,6,Agree,4,58,97
P0632,Age,7,Disagree,2,8,8
P0632,Age,8,Disagree,2,21,8
P0632,Age,9,Neither agree nor disagree,3,27,7
P0632,Age,10,Disagree,2,24,13
P0632,Age,11,Neither agree nor disagree,3,43,21
P0632,Age,12,Disagree,2,15,4
P0633,Season,1,Agree,4,48,92
P0633,Season,2,Strongly agree,5,45,90
P0633,Season,3,Agree,4,40,89
P0633,Season,4,Agree,4,52,55
P0633,Season,5,Neither agree nor disagree,3,51,75
P0633,Season,6,Agree,4,49,97
P0633,Season,7,Disagree,2,33,9
P0633,Season,8,Disagree,2,44,8
P0633,Season,9,Disagree,2,30,4
P0633,Season,10,Agree,4,23,17
P0633,Season,11,Neither agree nor disagree,3,66,13
P0633,Season,12,Agree,4,56,12
P0634,Age,1,Neither agree nor disagree,3,98,98
P0634,Age,2,Strongly agree,5,89,89
P0634,Age,3,Agree,4,90,90
P0634,Age,4,Agree,4,96,96
P0634,Age,5,Strongly agree,5,97,97
P0634,Age,6,Strongly agree,5,85,90
P0634,Age,7,Strongly disagree,1,5,8
P0634,Age,8,Strongly disagree,1,3,13
P0634,Age,9,Strongly disagree,1,5,5
P0634,Age,10,Disagree,2,12,12
P0634,Age,11,Strongly disagree,1,18,18
P0634,Age,12,Strongly disagree,1,10,10
P0635,Age,1,Strongly agree,5,100,96
P0635,Age,2,Strongly agree,5,100,100
P0635,Age,3,Strongly agree,5,100,100
P0635,Age,4,Strongly agree,5,100,100
P0635,Age,5,Strongly agree,5,58,58
P0635,Age,6,Strongly agree,5,100,100
P0635,Age,7,Strongly disagree,1,0,0
P0635,Age,8,Strongly disagree,1,0,0
P0635,Age,9,Strongly disagree,1,0,0
P0635,Age,10,Disagree,2,1,1
P0635,Age,11,Strongly disagree,1,0,0
P0635,Age,12,Strongly disagree,1,0,0
P0636,Individual,1,Strongly agree,5,84,100
P0636,Individual,2,Strongly agree,5,100,100
P0636,Individual,3,Strongly agree,5,100,100
P0636,Individual,4,Strongly agree,5,68,68
P0636,Individual,5,Strongly agree,5,65,65
P0636,Individual,6,Strongly agree,5,47,47
P0636,Individual,7,Disagree,2,60,60
P0636,Individual,8,Strongly disagree,1,27,27
P0636,Individual,9,Strongly disagree,1,20,20
P0636,Individual,10,Neither agree nor disagree,3,37,37
P0636,Individual,11,Disagree,2,74,74
P0636,Individual,12,Strongly disagree,1,15,15
P0637,Season,1,Strongly agree,5,100,100
P0637,Season,2,Strongly agree,5,100,100
P0637,Season,3,Strongly agree,5,100,100
P0637,Season,4,Strongly agree,5,100,100
P0637,Season,5,Strongly agree,5,100,100
P0637,Season,6,Strongly agree,5,100,100
P0637,Season,7,Strongly disagree,1,0,0
P0637,Season,8,Strongly disagree,1,0,0
P0637,Season,9,Strongly disagree,1,0,0
P0637,Season,10,Strongly disagree,1,0,0
P0637,Season,11,Strongly disagree,1,0,0
P0637,Season,12,Strongly disagree,1,0,0
P0638,Conformity,1,Strongly agree,5,47,90
P0638,Conformity,2,Strongly agree,5,52,87
P0638,Conformity,3,Strongly agree,5,60,80
P0638,Conformity,4,Agree,4,42,56
P0638,Conformity,5,Strongly agree,5,36,67
P0638,Conformity,6,Strongly agree,5,43,83
P0638,Conformity,7,Strongly disagree,1,52,34
P0638,Conformity,8,Strongly disagree,1,43,28
P0638,Conformity,9,Strongly disagree,1,17,17
P0638,Conformity,10,Strongly disagree,1,64,28
P0638,Conformity,11,Strongly disagree,1,75,26
P0638,Conformity,12,Strongly disagree,1,41,29
P0639,Prestige,1,Strongly agree,5,60,85
P0639,Prestige,2,Strongly agree,5,95,95
P0639,Prestige,3,Strongly agree,5,64,81
P0639,Prestige,4,Strongly agree,5,63,62
P0639,Prestige,5,Strongly agree,5,55,65
P0639,Prestige,6,Strongly agree,5,58,80
P0639,Prestige,7,Strongly disagree,1,11,11
P0639,Prestige,8,Strongly disagree,1,5,5
P0639,Prestige,9,Strongly disagree,1,4,4
P0639,Prestige,10,Neither agree nor disagree,3,10,19
P0639,Prestige,11,Strongly disagree,1,38,23
P0639,Prestige,12,Strongly disagree,1,22,16
P0640,Prestige,1,Agree,4,100,100
P0640,Prestige,2,Strongly agree,5,100,100
P0640,Prestige,3,Strongly agree,5,100,100
P0640,Prestige,4,Strongly agree,5,99,99
P0640,Prestige,5,Agree,4,75,75
P0640,Prestige,6,Strongly agree,5,100,100
P0640,Prestige,7,Strongly disagree,1,0,0
P0640,Prestige,8,Strongly disagree,1,0,5
P0640,Prestige,9,Strongly disagree,1,0,0
P0640,Prestige,10,Disagree,2,0,15
P0640,Prestige,11,Neither agree nor disagree,3,41,41
P0640,Prestige,12,Disagree,2,11,11
P0641,Age,1,Strongly agree,5,98,96
P0641,Age,2,Strongly agree,5,93,94
P0641,Age,3,Strongly agree,5,92,92
P0641,Age,4,Agree,4,80,67
P0641,Age,5,Strongly agree,5,83,77
P0641,Age,6,Agree,4,95,95
P0641,Age,7,Disagree,2,15,12
P0641,Age,8,Strongly disagree,1,5,5
P0641,Age,9,Strongly disagree,1,12,6
P0641,Age,10,Disagree,2,15,15
P0641,Age,11,Strongly disagree,1,20,19
P0641,Age,12,Neither agree nor disagree,3,15,9
P0642,Conformity,1,Strongly agree,5,84,95
P0642,Conformity,2,Strongly agree,5,79,95
P0642,Conformity,3,Strongly agree,5,81,95
P0642,Conformity,4,Strongly disagree,1,34,55
P0642,Conformity,5,Strongly agree,5,86,75
P0642,Conformity,6,Strongly agree,5,91,91
P0642,Conformity,7,Strongly disagree,1,0,15
P0642,Conformity,8,Strongly disagree,1,0,5
P0642,Conformity,9,Strongly disagree,1,0,5
P0642,Conformity,10,Strongly disagree,1,0,15
P0642,Conformity,11,Strongly disagree,1,32,10
P0642,Conformity,12,Strongly disagree,1,17,10
P0643,Individual,1,Strongly agree,5,92,100
P0643,Individual,2,Strongly agree,5,76,76
P0643,Individual,3,Strongly agree,5,79,79
P0643,Individual,4,Disagree,2,35,35
P0643,Individual,5,Disagree,2,36,36
P0643,Individual,6,Strongly agree,5,81,81
P0643,Individual,7,Disagree,2,24,24
P0643,Individual,8,Strongly disagree,1,46,46
P0643,Individual,9,Strongly disagree,1,32,32
P0643,Individual,10,Disagree,2,22,22
P0643,Individual,11,Disagree,2,55,55
P0643,Individual,12,Strongly disagree,1,25,25
P0644,Prestige,1,Strongly agree,5,95,95
P0644,Prestige,2,Strongly agree,5,99,97
P0644,Prestige,3,Strongly agree,5,99,99
P0644,Prestige,4,Disagree,2,65,65
P0644,Prestige,5,Strongly agree,5,92,85
P0644,Prestige,6,Strongly agree,5,94,94
P0644,Prestige,7,Strongly disagree,1,3,6
P0644,Prestige,8,Strongly disagree,1,2,3
P0644,Prestige,9,Strongly disagree,1,18,12
P0644,Prestige,10,Strongly disagree,1,12,12
P0644,Prestige,11,Strongly disagree,1,19,19
P0644,Prestige,12,Strongly disagree,1,11,11
P0645,Age,1,Strongly agree,5,95,95
P0645,Age,2,Strongly agree,5,90,95
P0645,Age,3,Strongly agree,5,80,80
P0645,Age,4,Agree,4,70,65
P0645,Age,5,Agree,4,60,60
P0645,Age,6,Strongly agree,5,74,85
P0645,Age,7,Strongly disagree,1,15,15
P0645,Age,8,Strongly disagree,1,5,5
P0645,Age,9,Disagree,2,25,8
P0645,Age,10,Strongly disagree,1,20,20
P0645,Age,11,Neither agree nor disagree,3,25,20
P0645,Age,12,Strongly disagree,1,30,10
P0646,Season,1,Strongly agree,5,81,81
P0646,Season,2,Strongly agree,5,77,77
P0646,Season,3,Strongly agree,5,76,76
P0646,Season,4,Strongly agree,5,69,69
P0646,Season,5,Strongly agree,5,79,79
P0646,Season,6,Strongly agree,5,71,71
P0646,Season,7,Strongly disagree,1,22,22
P0646,Season,8,Strongly disagree,1,6,6
P0646,Season,9,Strongly disagree,1,24,24
P0646,Season,10,Strongly disagree,1,21,21
P0646,Season,11,Strongly disagree,1,22,22
P0646,Season,12,Strongly disagree,1,17,17
P0647,Season,1,Strongly agree,5,76,92
P0647,Season,2,Strongly agree,5,71,95
P0647,Season,3,Strongly agree,5,77,92
P0647,Season,4,Disagree,2,26,60
P0647,Season,5,Agree,4,17,70
P0647,Season,6,Strongly agree,5,72,95
P0647,Season,7,Strongly disagree,1,14,10
P0647,Season,8,Neither agree nor disagree,3,14,6
P0647,Season,9,Strongly disagree,1,10,3
P0647,Season,10,Disagree,2,21,16
P0647,Season,11,Disagree,2,30,15
P0647,Season,12,Strongly disagree,1,20,7
P0648,Age,1,Strongly agree,5,83,84
P0648,Age,2,Strongly agree,5,100,100
P0648,Age,3,Strongly agree,5,85,85
P0648,Age,4,Strongly agree,5,100,95
P0648,Age,5,Agree,4,72,72
P0648,Age,6,Strongly agree,5,100,100
P0648,Age,7,Strongly disagree,1,20,20
P0648,Age,8,Strongly disagree,1,0,0
P0648,Age,9,Strongly disagree,1,0,0
P0648,Age,10,Disagree,2,30,30
P0648,Age,11,Strongly agree,5,80,80
P0648,Age,12,Strongly disagree,1,6,6
P0649,Prestige,1,Strongly agree,5,81,92
P0649,Prestige,2,Strongly agree,5,67,90
P0649,Prestige,3,Strongly agree,5,85,90
P0649,Prestige,4,Agree,4,63,63
P0649,Prestige,5,Agree,4,62,70
P0649,Prestige,6,Agree,4,80,87
P0649,Prestige,7,Disagree,2,48,25
P0649,Prestige,8,Disagree,2,65,18
P0649,Prestige,9,Disagree,2,65,34
P0649,Prestige,10,Disagree,2,68,44
P0649,Prestige,11,Disagree,2,71,55
P0649,Prestige,12,Disagree,2,75,20
P0650,Individual,1,Agree,4,80,100
P0650,Individual,2,Strongly agree,5,49,49
P0650,Individual,3,Strongly agree,5,80,80
P0650,Individual,4,Agree,4,90,90
P0650,Individual,5,Strongly agree,5,84,84
P0650,Individual,6,Agree,4,79,79
P0650,Individual,7,Neither agree nor disagree,3,50,50
P0650,Individual,8,Disagree,2,20,20
P0650,Individual,9,Strongly disagree,1,58,58
P0650,Individual,10,Strongly disagree,1,50,50
P0650,Individual,11,Strongly disagree,1,35,35
P0650,Individual,12,Strongly disagree,1,81,81
P0651,Prestige,1,Strongly agree,5,88,91
P0651,Prestige,2,Strongly agree,5,82,83
P0651,Prestige,3,Agree,4,83,90
P0651,Prestige,4,Strongly agree,5,80,80
P0651,Prestige,5,Strongly agree,5,88,88
P0651,Prestige,6,Strongly agree,5,81,85
P0651,Prestige,7,Agree,4,84,91
P0651,Prestige,8,Strongly agree,5,83,92
P0651,Prestige,9,Strongly agree,5,86,96
P0651,Prestige,10,Strongly agree,5,79,91
P0651,Prestige,11,Agree,4,71,87
P0651,Prestige,12,Agree,4,86,100
P0652,Season,1,Strongly agree,5,91,91
P0652,Season,2,Strongly agree,5,94,94
P0652,Season,3,Strongly agree,5,94,94
P0652,Season,4,Strongly agree,5,81,72
P0652,Season,5,Strongly agree,5,80,80
P0652,Season,6,Strongly agree,5,20,76
P0652,Season,7,Strongly disagree,1,3,4
P0652,Season,8,Strongly disagree,1,0,2
P0652,Season,9,Disagree,2,3,3
P0652,Season,10,Disagree,2,10,10
P0652,Season,11,Disagree,2,10,13
P0652,Season,12,Disagree,2,20,18
P0653,Conformity,1,Strongly agree,5,83,100
P0653,Conformity,2,Strongly agree,5,87,96
P0653,Conformity,3,Strongly agree,5,81,90
P0653,Conformity,4,Neither agree nor disagree,3,56,44
P0653,Conformity,5,Neither agree nor disagree,3,90,90
P0653,Conformity,6,Strongly agree,5,94,94
P0653,Conformity,7,Neither agree nor disagree,3,33,27
P0653,Conformity,8,Neither agree nor disagree,3,4,4
P0653,Conformity,9,Strongly disagree,1,6,6
P0653,Conformity,10,Neither agree nor disagree,3,30,11
P0653,Conformity,11,Neither agree nor disagree,3,51,35
P0653,Conformity,12,Disagree,2,16,14
P0654,Prestige,1,Strongly agree,5,60,76
P0654,Prestige,2,Strongly agree,5,88,88
P0654,Prestige,3,Agree,4,63,79
P0654,Prestige,4,Agree,4,77,77
P0654,Prestige,5,Agree,4,50,62
P0654,Prestige,6,Strongly agree,5,83,83
P0654,Prestige,7,Disagree,2,53,17
P0654,Prestige,8,Disagree,2,23,16
P0654,Prestige,9,Strongly disagree,1,51,27
P0654,Prestige,10,Neither agree nor disagree,3,71,27
P0654,Prestige,11,Disagree,2,83,28
P0654,Prestige,12,Strongly disagree,1,34,22
P0655,Individual,1,Strongly agree,5,95,100
P0655,Individual,2,Strongly agree,5,95,95
P0655,Individual,3,Strongly agree,5,95,95
P0655,Individual,4,Agree,4,50,50
P0655,Individual,5,Agree,4,80,80
P0655,Individual,6,Strongly agree,5,90,90
P0655,Individual,7,Disagree,2,30,30
P0655,Individual,8,Strongly disagree,1,20,20
P0655,Individual,9,Strongly disagree,1,10,10
P0655,Individual,10,Disagree,2,70,70
P0655,Individual,11,Disagree,2,30,30
P0655,Individual,12,Disagree,2,25,25
P0656,Prestige,1,Agree,4,59,77
P0656,Prestige,2,Agree,4,78,82
P0656,Prestige,3,Agree,4,75,75
P0656,Prestige,4,Disagree,2,24,45
P0656,Prestige,5,Agree,4,62,62
P0656,Prestige,6,Strongly agree,5,63,76
P0656,Prestige,7,Neither agree nor disagree,3,59,21
P0656,Prestige,8,Disagree,2,37,21
P0656,Prestige,9,Disagree,2,32,21
P0656,Prestige,10,Disagree,2,38,28
P0656,Prestige,11,Neither agree nor disagree,3,34,25
P0656,Prestige,12,Disagree,2,36,22
P0657,Age,1,Strongly agree,5,60,60
P0657,Age,2,Strongly agree,5,80,80
P0657,Age,3,Strongly agree,5,75,75
P0657,Age,4,Strongly agree,5,75,75
P0657,Age,5,Strongly agree,5,55,55
P0657,Age,6,Strongly agree,5,71,71
P0657,Age,7,Disagree,2,40,40
P0657,Age,8,Strongly disagree,1,20,20
P0657,Age,9,Strongly disagree,1,25,25
P0657,Age,10,Disagree,2,60,60
P0657,Age,11,Strongly disagree,1,45,45
P0657,Age,12,Strongly disagree,1,60,60
P0658,Age,1,Strongly agree,5,75,85
P0658,Age,2,Strongly agree,5,73,85
P0658,Age,3,Strongly agree,5,70,86
P0658,Age,4,Strongly agree,5,70,70
P0658,Age,5,Agree,4,70,70
P0658,Age,6,Strongly agree,5,65,85
P0658,Age,7,Strongly disagree,1,35,20
P0658,Age,8,Strongly disagree,1,40,25
P0658,Age,9,Strongly disagree,1,55,25
P0658,Age,10,Disagree,2,65,29
P0658,Age,11,Strongly disagree,1,65,30
P0658,Age,12,Strongly disagree,1,68,15
P0659,Conformity,1,Strongly agree,5,38,55
P0659,Conformity,2,Strongly agree,5,54,70
P0659,Conformity,3,Agree,4,50,70
P0659,Conformity,4,Strongly agree,5,51,53
P0659,Conformity,5,Agree,4,40,60
P0659,Conformity,6,Strongly agree,5,51,80
P0659,Conformity,7,Strongly disagree,1,66,50
P0659,Conformity,8,Strongly disagree,1,51,30
P0659,Conformity,9,Strongly disagree,1,30,30
P0659,Conformity,10,Disagree,2,66,40
P0659,Conformity,11,Disagree,2,65,45
P0659,Conformity,12,Strongly disagree,1,62,40
P0660,Age,1,Strongly agree,5,95,95
P0660,Age,2,Strongly agree,5,100,100
P0660,Age,3,Strongly agree,5,90,90
P0660,Age,4,Strongly agree,5,100,100
P0660,Age,5,Strongly agree,5,75,75
P0660,Age,6,Strongly agree,5,100,100
P0660,Age,7,Strongly disagree,1,10,10
P0660,Age,8,Strongly disagree,1,0,0
P0660,Age,9,Strongly disagree,1,0,0
P0660,Age,10,Strongly disagree,1,10,10
P0660,Age,11,Disagree,2,20,20
P0660,Age,12,Strongly disagree,1,0,0
P0661,Season,1,Strongly agree,5,89,89
P0661,Season,2,Strongly agree,5,96,96
P0661,Season,3,Strongly agree,5,93,93
P0661,Season,4,Agree,4,64,64
P0661,Season,5,Strongly agree,5,65,65
P0661,Season,6,Strongly agree,5,72,85
P0661,Season,7,Strongly disagree,1,16,16
P0661,Season,8,Strongly disagree,1,5,5
P0661,Season,9,Strongly disagree,1,10,10
P0661,Season,10,Disagree,2,10,10
P0661,Season,11,Disagree,2,20,20
P0661,Season,12,Strongly disagree,1,3,6
P0662,Conformity,1,Agree,4,70,80
P0662,Conformity,2,Agree,4,95,95
P0662,Conformity,3,Agree,4,86,86
P0662,Conformity,4,Neither agree nor disagree,3,75,75
P0662,Conformity,5,Strongly agree,5,91,85
P0662,Conformity,6,Agree,4,70,70
P0662,Conformity,7,Disagree,2,20,15
P0662,Conformity,8,Neither agree nor disagree,3,60,10
P0662,Conformity,9,Strongly disagree,1,20,10
P0662,Conformity,10,Agree,4,45,26
P0662,Conformity,11,Neither agree nor disagree,3,50,20
P0662,Conformity,12,Disagree,2,85,85
P0663,Prestige,1,Strongly agree,5,67,90
P0663,Prestige,2,Strongly agree,5,92,92
P0663,Prestige,3,Strongly agree,5,62,84
P0663,Prestige,4,Strongly agree,5,69,69
P0663,Prestige,5,Strongly agree,5,34,64
P0663,Prestige,6,Strongly agree,5,94,94
P0663,Prestige,7,Strongly disagree,1,15,15
P0663,Prestige,8,Strongly disagree,1,26,13
P0663,Prestige,9,Strongly disagree,1,16,6
P0663,Prestige,10,Strongly disagree,1,33,25
P0663,Prestige,11,Strongly disagree,1,41,27
P0663,Prestige,12,Strongly disagree,1,17,17
P0664,Conformity,1,Strongly agree,5,95,95
P0664,Conformity,2,Strongly agree,5,95,95
P0664,Conformity,3,Strongly agree,5,97,97
P0664,Conformity,4,Agree,4,47,57
P0664,Conformity,5,Strongly agree,5,45,74
P0664,Conformity,6,Strongly agree,5,92,92
P0664,Conformity,7,Strongly disagree,1,5,5
P0664,Conformity,8,Strongly disagree,1,5,5
P0664,Conformity,9,Strongly disagree,1,2,2
P0664,Conformity,10,Disagree,2,11,0
P0664,Conformity,11,Strongly disagree,1,31,25
P0664,Conformity,12,Strongly disagree,1,15,10
P0665,Individual,1,Strongly agree,5,80,100
P0665,Individual,2,Agree,4,80,80
P0665,Individual,3,Agree,4,80,80
P0665,Individual,4,Agree,4,71,71
P0665,Individual,5,Agree,4,70,70
P0665,Individual,6,Agree,4,75,75
P0665,Individual,7,Strongly disagree,1,15,15
P0665,Individual,8,Disagree,2,20,20
P0665,Individual,9,Strongly disagree,1,25,25
P0665,Individual,10,Disagree,2,20,20
P0665,Individual,11,Disagree,2,25,25
P0665,Individual,12,Disagree,2,15,15
P0666,Individual,1,Disagree,2,30,100
P0666,Individual,2,Strongly agree,5,100,100
P0666,Individual,3,Disagree,2,10,10
P0666,Individual,4,Strongly agree,5,90,90
P0666,Individual,5,Neither agree nor disagree,3,50,50
P0666,Individual,6,Neither agree nor disagree,3,50,50
P0666,Individual,7,Strongly agree,5,90,90
P0666,Individual,8,Strongly disagree,1,10,10
P0666,Individual,9,Disagree,2,10,10
P0666,Individual,10,Strongly agree,5,90,90
P0666,Individual,11,Disagree,2,40,40
P0666,Individual,12,Disagree,2,10,10
P0667,Season,1,Strongly agree,5,60,88
P0667,Season,2,Strongly agree,5,81,95
P0667,Season,3,Strongly agree,5,71,92
P0667,Season,4,Strongly agree,5,49,49
P0667,Season,5,Strongly agree,5,61,71
P0667,Season,6,Agree,4,45,83
P0667,Season,7,Disagree,2,20,10
P0667,Season,8,Strongly disagree,1,5,5
P0667,Season,9,Strongly disagree,1,4,3
P0667,Season,10,Neither agree nor disagree,3,50,10
P0667,Season,11,Disagree,2,61,10
P0667,Season,12,Strongly disagree,1,61,8
P0668,Conformity,1,Strongly agree,5,90,90
P0668,Conformity,2,Strongly agree,5,85,90
P0668,Conformity,3,Strongly agree,5,80,85
P0668,Conformity,4,Strongly agree,5,25,50
P0668,Conformity,5,Strongly agree,5,30,50
P0668,Conformity,6,Strongly agree,5,80,85
P0668,Conformity,7,Strongly disagree,1,20,15
P0668,Conformity,8,Strongly disagree,1,40,20
P0668,Conformity,9,Strongly disagree,1,30,10
P0668,Conformity,10,Disagree,2,60,20
P0668,Conformity,11,Strongly disagree,1,30,20
P0668,Conformity,12,Strongly disagree,1,30,15
P0669,Age,1,Strongly agree,5,95,95
P0669,Age,2,Agree,4,100,100
P0669,Age,3,Agree,4,90,90
P0669,Age,4,Disagree,2,40,40
P0669,Age,5,Neither agree nor disagree,3,49,49
P0669,Age,6,Agree,4,93,93
P0669,Age,7,Neither agree nor disagree,3,30,30
P0669,Age,8,Agree,4,60,19
P0669,Age,9,Strongly disagree,1,4,4
P0669,Age,10,Agree,4,66,42
P0669,Age,11,Neither agree nor disagree,3,61,31
P0669,Age,12,Disagree,2,14,14
P0670,Individual,1,Strongly agree,5,93,92
P0670,Individual,2,Agree,4,91,91
P0670,Individual,3,Agree,4,90,88
P0670,Individual,4,Disagree,2,67,67
P0670,Individual,5,Neither agree nor disagree,3,56,53
P0670,Individual,6,Neither agree nor disagree,3,60,56
P0670,Individual,7,Disagree,2,10,10
P0670,Individual,8,Neither agree nor disagree,3,35,35
P0670,Individual,9,Agree,4,37,37
P0670,Individual,10,Disagree,2,5,5
P0670,Individual,11,Neither agree nor disagree,3,29,35
P0670,Individual,12,Neither agree nor disagree,3,20,18
P0671,Conformity,1,Strongly agree,5,80,80
P0671,Conformity,2,Strongly agree,5,98,98
P0671,Conformity,3,Strongly agree,5,98,98
P0671,Conformity,4,Agree,4,60,60
P0671,Conformity,5,Strongly agree,5,60,60
P0671,Conformity,6,Strongly agree,5,98,98
P0671,Conformity,7,Neither agree nor disagree,3,50,50
P0671,Conformity,8,Strongly disagree,1,10,10
P0671,Conformity,9,Strongly disagree,1,50,50
P0671,Conformity,10,Disagree,2,45,0
P0671,Conformity,11,Strongly disagree,1,40,40
P0671,Conformity,12,Strongly disagree,1,30,30
P0672,Season,1,Strongly agree,5,95,95
P0672,Season,2,Strongly agree,5,100,100
P0672,Season,3,Agree,4,97,97
P0672,Season,4,Neither agree nor disagree,3,85,85
P0672,Season,5,Neither agree nor disagree,3,65,65
P0672,Season,6,Agree,4,96,96
P0672,Season,7,Disagree,2,5,5
P0672,Season,8,Disagree,2,5,5
P0672,Season,9,Disagree,2,10,10
P0672,Season,10,Neither agree nor disagree,3,51,51
P0672,Season,11,Agree,4,51,51
P0672,Season,12,Strongly disagree,1,60,60
P0673,Conformity,1,Strongly agree,5,95,95
P0673,Conformity,2,Strongly agree,5,97,97
P0673,Conformity,3,Strongly agree,5,89,89
P0673,Conformity,4,Strongly disagree,1,35,35
P0673,Conformity,5,Agree,4,75,75
P0673,Conformity,6,Agree,4,95,95
P0673,Conformity,7,Neither agree nor disagree,3,55,45
P0673,Conformity,8,Disagree,2,40,30
P0673,Conformity,9,Disagree,2,27,17
P0673,Conformity,10,Neither agree nor disagree,3,48,33
P0673,Conformity,11,Disagree,2,45,28
P0673,Conformity,12,Disagree,2,42,37
P0674,Prestige,1,Agree,4,56,71
P0674,Prestige,2,Strongly agree,5,77,77
P0674,Prestige,3,Agree,4,68,68
P0674,Prestige,4,Disagree,2,34,34
P0674,Prestige,5,Agree,4,61,61
P0674,Prestige,6,Agree,4,65,71
P0674,Prestige,7,Disagree,2,23,23
P0674,Prestige,8,Disagree,2,58,39
P0674,Prestige,9,Disagree,2,33,18
P0674,Prestige,10,Disagree,2,32,27
P0674,Prestige,11,Disagree,2,66,49
P0674,Prestige,12,Disagree,2,49,34
P0675,Age,1,Strongly agree,5,97,97
P0675,Age,2,Agree,4,80,87
P0675,Age,3,Agree,4,96,96
P0675,Age,4,Disagree,2,52,52
P0675,Age,5,Agree,4,49,60
P0675,Age,6,Agree,4,84,84
P0675,Age,7,Neither agree nor disagree,3,35,22
P0675,Age,8,Disagree,2,18,10
P0675,Age,9,Strongly disagree,1,13,13
P0675,Age,10,Neither agree nor disagree,3,32,24
P0675,Age,11,Neither agree nor disagree,3,43,27
P0675,Age,12,Disagree,2,18,18
P0676,Age,1,Strongly agree,5,83,83
P0676,Age,2,Strongly agree,5,100,100
P0676,Age,3,Strongly agree,5,86,86
P0676,Age,4,Strongly agree,5,11,11
P0676,Age,5,Strongly agree,5,57,57
P0676,Age,6,Strongly agree,5,65,70
P0676,Age,7,Strongly disagree,1,50,20
P0676,Age,8,Strongly disagree,1,52,18
P0676,Age,9,Strongly disagree,1,77,28
P0676,Age,10,Strongly disagree,1,45,25
P0676,Age,11,Strongly disagree,1,70,40
P0676,Age,12,Strongly disagree,1,16,16
P0677,Individual,1,Strongly agree,5,100,100
P0677,Individual,2,Agree,4,90,90
P0677,Individual,3,Strongly agree,5,100,100
P0677,Individual,4,Disagree,2,50,50
P0677,Individual,5,Strongly agree,5,40,40
P0677,Individual,6,Strongly agree,5,80,80
P0677,Individual,7,Disagree,2,20,20
P0677,Individual,8,Strongly disagree,1,10,10
P0677,Individual,9,Strongly disagree,1,30,30
P0677,Individual,10,Disagree,2,40,40
P0677,Individual,11,Neither agree nor disagree,3,60,60
P0677,Individual,12,Strongly disagree,1,30,30
P0678,Age,1,Agree,4,84,96
P0678,Age,2,Agree,4,86,86
P0678,Age,3,Agree,4,72,72
P0678,Age,4,Neither agree nor disagree,3,57,57
P0678,Age,5,Neither agree nor disagree,3,38,38
P0678,Age,6,Agree,4,93,93
P0678,Age,7,Disagree,2,7,7
P0678,Age,8,Disagree,2,4,4
P0678,Age,9,Disagree,2,17,22
P0678,Age,10,Disagree,2,14,14
P0678,Age,11,Disagree,2,38,38
P0678,Age,12,Strongly disagree,1,7,7
P0679,Prestige,1,Strongly agree,5,47,77
P0679,Prestige,2,Strongly agree,5,97,97
P0679,Prestige,3,Strongly agree,5,90,90
P0679,Prestige,4,Strongly disagree,1,74,67
P0679,Prestige,5,Disagree,2,46,58
P0679,Prestige,6,Strongly agree,5,36,82
P0679,Prestige,7,Neither agree nor disagree,3,53,19
P0679,Prestige,8,Disagree,2,15,8
P0679,Prestige,9,Strongly disagree,1,10,6
P0679,Prestige,10,Strongly agree,5,80,44
P0679,Prestige,11,Strongly agree,5,66,66
P0679,Prestige,12,Disagree,2,20,10
P0680,Season,1,Strongly agree,5,80,80
P0680,Season,2,Strongly agree,5,75,75
P0680,Season,3,Agree,4,75,75
P0680,Season,4,Agree,4,50,50
P0680,Season,5,Agree,4,80,80
P0680,Season,6,Strongly agree,5,63,63
P0680,Season,7,Disagree,2,35,35
P0680,Season,8,Strongly disagree,1,20,20
P0680,Season,9,Strongly disagree,1,10,10
P0680,Season,10,Disagree,2,15,15
P0680,Season,11,Neither agree nor disagree,3,60,60
P0680,Season,12,Strongly disagree,1,25,25
P0681,Season,1,Strongly agree,5,95,95
P0681,Season,2,Strongly agree,5,95,95
P0681,Season,3,Strongly agree,5,85,85
P0681,Season,4,Strongly agree,5,85,85
P0681,Season,5,Strongly agree,5,95,95
P0681,Season,6,Strongly agree,5,85,85
P0681,Season,7,Strongly disagree,1,10,10
P0681,Season,8,Strongly disagree,1,10,10
P0681,Season,9,Strongly disagree,1,10,10
P0681,Season,10,Strongly disagree,1,10,10
P0681,Season,11,Strongly disagree,1,20,20
P0681,Season,12,Strongly disagree,1,20,20
P0682,Conformity,1,Agree,4,94,94
P0682,Conformity,2,Agree,4,77,85
P0682,Conformity,3,Strongly agree,5,95,95
P0682,Conformity,4,Agree,4,73,66
P0682,Conformity,5,Neither agree nor disagree,3,58,65
P0682,Conformity,6,Agree,4,74,87
P0682,Conformity,7,Agree,4,52,23
P0682,Conformity,8,Disagree,2,40,20
P0682,Conformity,9,Strongly disagree,1,5,5
P0682,Conformity,10,Neither agree nor disagree,3,41,27
P0682,Conformity,11,Neither agree nor disagree,3,48,25
P0682,Conformity,12,Agree,4,76,30
P0683,Individual,1,Agree,4,90,90
P0683,Individual,2,Agree,4,80,90
P0683,Individual,3,Agree,4,80,80
P0683,Individual,4,Disagree,2,70,50
P0683,Individual,5,Agree,4,80,85
P0683,Individual,6,Agree,4,90,90
P0683,Individual,7,Agree,4,50,30
P0683,Individual,8,Disagree,2,30,30
P0683,Individual,9,Disagree,2,20,10
P0683,Individual,10,Agree,4,50,50
P0683,Individual,11,Agree,4,70,70
P0683,Individual,12,Disagree,2,30,15
P0684,Season,1,Strongly agree,5,71,71
P0684,Season,2,Strongly agree,5,72,72
P0684,Season,3,Strongly agree,5,92,92
P0684,Season,4,Strongly agree,5,42,42
P0684,Season,5,Strongly agree,5,69,69
P0684,Season,6,Strongly agree,5,64,64
P0684,Season,7,Strongly disagree,1,38,38
P0684,Season,8,Strongly disagree,1,22,22
P0684,Season,9,Strongly disagree,1,43,43
P0684,Season,10,Strongly disagree,1,48,48
P0684,Season,11,Strongly disagree,1,37,37
P0684,Season,12,Strongly disagree,1,24,24
P0685,Individual,1,Strongly agree,5,63,100
P0685,Individual,2,Strongly agree,5,76,76
P0685,Individual,3,Strongly agree,5,46,46
P0685,Individual,4,Strongly agree,5,54,54
P0685,Individual,5,Strongly agree,5,34,34
P0685,Individual,6,Strongly agree,5,60,60
P0685,Individual,7,Disagree,2,34,34
P0685,Individual,8,Strongly disagree,1,44,44
P0685,Individual,9,Strongly disagree,1,15,15
P0685,Individual,10,Strongly disagree,1,31,31
P0685,Individual,11,Neither agree nor disagree,3,39,39
P0685,Individual,12,Strongly disagree,1,29,29
P0686,Conformity,1,Strongly agree,5,96,96
P0686,Conformity,2,Strongly agree,5,76,76
P0686,Conformity,3,Strongly agree,5,60,60
P0686,Conformity,4,Neither agree nor disagree,3,50,50
P0686,Conformity,5,Neither agree nor disagree,3,22,22
P0686,Conformity,6,Strongly agree,5,65,65
P0686,Conformity,7,Disagree,2,28,28
P0686,Conformity,8,Strongly disagree,1,5,5
P0686,Conformity,9,Strongly disagree,1,21,21
P0686,Conformity,10,Neither agree nor disagree,3,18,0
P0686,Conformity,11,Disagree,2,26,26
P0686,Conformity,12,Strongly disagree,1,38,38
P0687,Season,1,Agree,4,91,91
P0687,Season,2,Agree,4,98,98
P0687,Season,3,Agree,4,92,92
P0687,Season,4,Disagree,2,83,60
P0687,Season,5,Neither agree nor disagree,3,89,89
P0687,Season,6,Agree,4,81,81
P0687,Season,7,Neither agree nor disagree,3,25,25
P0687,Season,8,Disagree,2,2,2
P0687,Season,9,Disagree,2,3,3
P0687,Season,10,Disagree,2,44,15
P0687,Season,11,Neither agree nor disagree,3,16,16
P0687,Season,12,Neither agree nor disagree,3,38,38
P0688,Individual,1,Agree,4,87,100
P0688,Individual,2,Strongly agree,5,95,95
P0688,Individual,3,Agree,4,83,83
P0688,Individual,4,Disagree,2,39,39
P0688,Individual,5,Agree,4,76,76
P0688,Individual,6,Strongly agree,5,63,63
P0688,Individual,7,Disagree,2,24,24
P0688,Individual,8,Disagree,2,60,60
P0688,Individual,9,Disagree,2,68,68
P0688,Individual,10,Disagree,2,22,22
P0688,Individual,11,Disagree,2,62,62
P0688,Individual,12,Strongly disagree,1,25,25
P0689,Age,1,Strongly agree,5,70,95
P0689,Age,2,Strongly agree,5,90,98
P0689,Age,3,Agree,4,30,95
P0689,Age,4,Strongly agree,5,85,70
P0689,Age,5,Strongly agree,5,50,80
P0689,Age,6,Strongly agree,5,70,85
P0689,Age,7,Disagree,2,20,10
P0689,Age,8,Strongly disagree,1,20,6
P0689,Age,9,Strongly disagree,1,15,1
P0689,Age,10,Disagree,2,30,15
P0689,Age,11,Strongly disagree,1,30,9
P0689,Age,12,Disagree,2,30,10
P0690,Prestige,1,Strongly agree,5,100,95
P0690,Prestige,2,Strongly agree,5,95,95
P0690,Prestige,3,Agree,4,90,90
P0690,Prestige,4,Strongly agree,5,100,65
P0690,Prestige,5,Agree,4,70,70
P0690,Prestige,6,Strongly agree,5,80,95
P0690,Prestige,7,Disagree,2,10,10
P0690,Prestige,8,Strongly disagree,1,0,4
P0690,Prestige,9,Strongly disagree,1,0,2
P0690,Prestige,10,Neither agree nor disagree,3,50,16
P0690,Prestige,11,Disagree,2,30,20
P0690,Prestige,12,Strongly disagree,1,20,10
P0691,Prestige,1,Agree,4,91,91
P0691,Prestige,2,Agree,4,80,88
P0691,Prestige,3,Strongly agree,5,79,86
P0691,Prestige,4,Disagree,2,25,57
P0691,Prestige,5,Agree,4,44,65
P0691,Prestige,6,Agree,4,53,77
P0691,Prestige,7,Disagree,2,30,18
P0691,Prestige,8,Disagree,2,20,13
P0691,Prestige,9,Disagree,2,25,9
P0691,Prestige,10,Disagree,2,43,19
P0691,Prestige,11,Disagree,2,45,24
P0691,Prestige,12,Disagree,2,48,21
P0692,Season,1,Strongly agree,5,100,100
P0692,Season,2,Strongly agree,5,78,78
P0692,Season,3,Strongly agree,5,83,83
P0692,Season,4,Strongly agree,5,8,8
P0692,Season,5,Agree,4,3,3
P0692,Season,6,Strongly agree,5,36,36
P0692,Season,7,Disagree,2,73,73
P0692,Season,8,Strongly disagree,1,4,4
P0692,Season,9,Strongly disagree,1,4,4
P0692,Season,10,Neither agree nor disagree,3,60,60
P0692,Season,11,Neither agree nor disagree,3,94,94
P0692,Season,12,Disagree,2,51,51
P0693,Conformity,1,Strongly agree,5,60,90
P0693,Conformity,2,Strongly agree,5,100,98
P0693,Conformity,3,Agree,4,20,95
P0693,Conformity,4,Agree,4,15,60
P0693,Conformity,5,Strongly agree,5,50,75
P0693,Conformity,6,Strongly agree,5,90,95
P0693,Conformity,7,Strongly disagree,1,10,10
P0693,Conformity,8,Strongly disagree,1,1,1
P0693,Conformity,9,Strongly disagree,1,5,4
P0693,Conformity,10,Strongly disagree,1,1,5
P0693,Conformity,11,Strongly disagree,1,30,10
P0693,Conformity,12,Strongly disagree,1,40,10
P0694,Age,1,Strongly agree,5,100,100
P0694,Age,2,Strongly agree,5,100,100
P0694,Age,3,Strongly agree,5,100,100
P0694,Age,4,Strongly agree,5,100,100
P0694,Age,5,Neither agree nor disagree,3,53,53
P0694,Age,6,Strongly agree,5,100,100
P0694,Age,7,Disagree,2,34,34
P0694,Age,8,Strongly disagree,1,0,0
P0694,Age,9,Strongly disagree,1,0,0
P0694,Age,10,Agree,4,20,20
P0694,Age,11,Strongly disagree,1,9,9
P0694,Age,12,Strongly disagree,1,0,0
P0695,Individual,1,Strongly agree,5,75,100
P0695,Individual,2,Strongly agree,5,70,70
P0695,Individual,3,Agree,4,65,65
P0695,Individual,4,Agree,4,75,75
P0695,Individual,5,Agree,4,56,56
P0695,Individual,6,Strongly agree,5,75,75
P0695,Individual,7,Disagree,2,11,11
P0695,Individual,8,Strongly disagree,1,10,10
P0695,Individual,9,Disagree,2,20,20
P0695,Individual,10,Neither agree nor disagree,3,35,35
P0695,Individual,11,Neither agree nor disagree,3,20,20
P0695,Individual,12,Neither agree nor disagree,3,30,30
P0696,Season,1,Strongly agree,5,83,83
P0696,Season,2,Agree,4,89,89
P0696,Season,3,Strongly agree,5,76,76
P0696,Season,4,Strongly agree,5,66,66
P0696,Season,5,Strongly agree,5,86,86
P0696,Season,6,Strongly agree,5,78,78
P0696,Season,7,Strongly disagree,1,2,2
P0696,Season,8,Strongly disagree,1,22,22
P0696,Season,9,Strongly disagree,1,19,19
P0696,Season,10,Strongly disagree,1,4,4
P0696,Season,11,Strongly disagree,1,6,6
P0696,Season,12,Strongly disagree,1,17,17
P0697,Conformity,1,Strongly agree,5,100,100
P0697,Conformity,2,Strongly agree,5,99,99
P0697,Conformity,3,Strongly agree,5,90,90
P0697,Conformity,4,Strongly agree,5,79,79
P0697,Conformity,5,Strongly agree,5,97,97
P0697,Conformity,6,Strongly agree,5,71,71
P0697,Conformity,7,Disagree,2,10,10
P0697,Conformity,8,Strongly disagree,1,4,4
P0697,Conformity,9,Strongly disagree,1,30,15
P0697,Conformity,10,Neither agree nor disagree,3,10,0
P0697,Conformity,11,Neither agree nor disagree,3,20,20
P0697,Conformity,12,Disagree,2,16,16
P0698,Prestige,1,Strongly agree,5,85,85
P0698,Prestige,2,Strongly agree,5,75,75
P0698,Prestige,3,Agree,4,94,94
P0698,Prestige,4,Agree,4,50,50
P0698,Prestige,5,Strongly agree,5,66,66
P0698,Prestige,6,Strongly agree,5,74,74
P0698,Prestige,7,Disagree,2,11,11
P0698,Prestige,8,Strongly disagree,1,3,3
P0698,Prestige,9,Disagree,2,71,71
P0698,Prestige,10,Disagree,2,26,26
P0698,Prestige,11,Disagree,2,48,48
P0698,Prestige,12,Strongly disagree,1,30,30
P0699,Age,1,Agree,4,49,70
P0699,Age,2,Agree,4,70,87
P0699,Age,3,Agree,4,57,76
P0699,Age,4,Disagree,2,41,41
P0699,Age,5,Agree,4,81,81
P0699,Age,6,Strongly agree,5,79,87
P0699,Age,7,Neither agree nor disagree,3,18,18
P0699,Age,8,Strongly disagree,1,10,10
P0699,Age,9,Disagree,2,9,9
P0699,Age,10,Neither agree nor disagree,3,30,18
P0699,Age,11,Disagree,2,8,8
P0699,Age,12,Strongly disagree,1,16,16
P0700,Prestige,1,Strongly agree,5,40,65
P0700,Prestige,2,Strongly agree,5,88,88
P0700,Prestige,3,Strongly agree,5,50,88
P0700,Prestige,4,Neither agree nor disagree,3,18,60
P0700,Prestige,5,Strongly agree,5,43,71
P0700,Prestige,6,Strongly agree,5,30,71
P0700,Prestige,7,Strongly disagree,1,10,10
P0700,Prestige,8,Disagree,2,26,12
P0700,Prestige,9,Strongly disagree,1,26,5
P0700,Prestige,10,Strongly disagree,1,20,20
P0700,Prestige,11,Strongly disagree,1,55,32
P0700,Prestige,12,Strongly disagree,1,30,10
P0701,Individual,1,Strongly agree,5,98,100
P0701,Individual,2,Strongly agree,5,97,98
P0701,Individual,3,Strongly agree,5,93,93
P0701,Individual,4,Disagree,2,56,54
P0701,Individual,5,Agree,4,80,80
P0701,Individual,6,Agree,4,82,82
P0701,Individual,7,Neither agree nor disagree,3,23,20
P0701,Individual,8,Strongly disagree,1,5,6
P0701,Individual,9,Disagree,2,40,20
P0701,Individual,10,Neither agree nor disagree,3,41,38
P0701,Individual,11,Agree,4,53,53
P0701,Individual,12,Strongly disagree,1,15,15
P0702,Conformity,1,Strongly agree,5,78,78
P0702,Conformity,2,Strongly agree,5,80,80
P0702,Conformity,3,Strongly agree,5,80,80
P0702,Conformity,4,Strongly agree,5,62,62
P0702,Conformity,5,Strongly agree,5,67,67
P0702,Conformity,6,Strongly agree,5,66,93
P0702,Conformity,7,Disagree,2,61,61
P0702,Conformity,8,Disagree,2,54,54
P0702,Conformity,9,Disagree,2,43,43
P0702,Conformity,10,Disagree,2,29,0
P0702,Conformity,11,Disagree,2,63,29
P0702,Conformity,12,Strongly disagree,1,79,79
P0703,Conformity,1,Strongly agree,5,80,88
P0703,Conformity,2,Strongly agree,5,60,79
P0703,Conformity,3,Strongly agree,5,66,80
P0703,Conformity,4,Strongly agree,5,55,56
P0703,Conformity,5,Strongly agree,5,50,65
P0703,Conformity,6,Strongly agree,5,70,90
P0703,Conformity,7,Strongly disagree,1,36,15
P0703,Conformity,8,Strongly disagree,1,25,6
P0703,Conformity,9,Strongly disagree,1,39,9
P0703,Conformity,10,Strongly disagree,1,60,26
P0703,Conformity,11,Strongly disagree,1,39,25
P0703,Conformity,12,Strongly disagree,1,30,11
P0704,Individual,1,Strongly agree,5,40,40
P0704,Individual,2,Strongly agree,5,90,90
P0704,Individual,3,Strongly agree,5,71,71
P0704,Individual,4,Strongly agree,5,30,30
P0704,Individual,5,Strongly agree,5,35,35
P0704,Individual,6,Strongly agree,5,50,50
P0704,Individual,7,Strongly disagree,1,35,35
P0704,Individual,8,Strongly disagree,1,15,15
P0704,Individual,9,Strongly disagree,1,26,26
P0704,Individual,10,Disagree,2,20,20
P0704,Individual,11,Strongly disagree,1,60,60
P0704,Individual,12,Strongly disagree,1,30,30
P0705,Prestige,1,Strongly agree,5,65,62
P0705,Prestige,2,Strongly agree,5,95,95
P0705,Prestige,3,Agree,4,28,58
P0705,Prestige,4,Agree,4,61,61
P0705,Prestige,5,Agree,4,74,62
P0705,Prestige,6,Agree,4,84,86
P0705,Prestige,7,Strongly disagree,1,72,17
P0705,Prestige,8,Disagree,2,41,13
P0705,Prestige,9,Strongly disagree,1,88,58
P0705,Prestige,10,Neither agree nor disagree,3,62,21
P0705,Prestige,11,Disagree,2,80,49
P0705,Prestige,12,Strongly disagree,1,83,60
P0706,Season,1,Strongly agree,5,90,90
P0706,Season,2,Strongly agree,5,95,95
P0706,Season,3,Strongly agree,5,85,85
P0706,Season,4,Agree,4,60,60
P0706,Season,5,Strongly agree,5,80,80
P0706,Season,6,Strongly agree,5,80,80
P0706,Season,7,Strongly disagree,1,11,11
P0706,Season,8,Disagree,2,50,20
P0706,Season,9,Strongly disagree,1,40,25
P0706,Season,10,Strongly disagree,1,25,25
P0706,Season,11,Strongly disagree,1,33,30
P0706,Season,12,Strongly disagree,1,20,15
P0707,Individual,1,Strongly agree,5,98,100
P0707,Individual,2,Strongly agree,5,91,91
P0707,Individual,3,Strongly agree,5,90,90
P0707,Individual,4,Strongly agree,5,84,84
P0707,Individual,5,Strongly agree,5,85,85
P0707,Individual,6,Strongly agree,5,90,90
P0707,Individual,7,Strongly disagree,1,2,2
P0707,Individual,8,Strongly disagree,1,5,5
P0707,Individual,9,Strongly disagree,1,5,5
P0707,Individual,10,Strongly disagree,1,5,5
P0707,Individual,11,Strongly disagree,1,5,5
P0707,Individual,12,Strongly disagree,1,8,8
P0708,Age,1,Strongly agree,5,77,79
P0708,Age,2,Strongly agree,5,88,88
P0708,Age,3,Strongly agree,5,61,75
P0708,Age,4,Disagree,2,40,40
P0708,Age,5,Agree,4,61,61
P0708,Age,6,Agree,4,42,80
P0708,Age,7,Disagree,2,27,14
P0708,Age,8,Disagree,2,45,25
P0708,Age,9,Strongly disagree,1,31,15
P0708,Age,10,Disagree,2,41,41
P0708,Age,11,Agree,4,82,93
P0708,Age,12,Disagree,2,67,53
P0709,Prestige,1,Strongly agree,5,100,100
P0709,Prestige,2,Strongly agree,5,100,100
P0709,Prestige,3,Strongly agree,5,100,100
P0709,Prestige,4,Strongly disagree,1,3,25
P0709,Prestige,5,Strongly agree,5,100,97
P0709,Prestige,6,Strongly agree,5,97,97
P0709,Prestige,7,Strongly disagree,1,0,0
P0709,Prestige,8,Strongly disagree,1,0,0
P0709,Prestige,9,Strongly disagree,1,0,0
P0709,Prestige,10,Strongly disagree,1,2,2
P0709,Prestige,11,Neither agree nor disagree,3,2,5
P0709,Prestige,12,Neither agree nor disagree,3,50,5
P0710,Individual,1,Agree,4,79,100
P0710,Individual,2,Strongly agree,5,99,99
P0710,Individual,3,Agree,4,80,80
P0710,Individual,4,Agree,4,67,67
P0710,Individual,5,Disagree,2,60,60
P0710,Individual,6,Disagree,2,77,77
P0710,Individual,7,Neither agree nor disagree,3,54,54
P0710,Individual,8,Disagree,2,4,4
P0710,Individual,9,Disagree,2,31,31
P0710,Individual,10,Neither agree nor disagree,3,43,43
P0710,Individual,11,Neither agree nor disagree,3,43,43
P0710,Individual,12,Agree,4,61,61
P0711,Conformity,1,Agree,4,72,72
P0711,Conformity,2,Disagree,2,96,96
P0711,Conformity,3,Disagree,2,90,90
P0711,Conformity,4,Strongly agree,5,94,91
P0711,Conformity,5,Disagree,2,83,83
P0711,Conformity,6,Strongly agree,5,97,97
P0711,Conformity,7,Agree,4,81,81
P0711,Conformity,8,Neither agree nor disagree,3,100,100
P0711,Conformity,9,Disagree,2,87,87
P0711,Conformity,10,Strongly agree,5,97,0
P0711,Conformity,11,Disagree,2,99,99
P0711,Conformity,12,Agree,4,99,99
P0712,Season,1,Strongly agree,5,79,92
P0712,Season,2,Strongly agree,5,73,91
P0712,Season,3,Strongly agree,5,80,88
P0712,Season,4,Agree,4,54,54
P0712,Season,5,Agree,4,62,62
P0712,Season,6,Agree,4,74,90
P0712,Season,7,Disagree,2,39,13
P0712,Season,8,Disagree,2,28,12
P0712,Season,9,Disagree,2,14,7
P0712,Season,10,Disagree,2,29,24
P0712,Season,11,Neither agree nor disagree,3,47,16
P0712,Season,12,Neither agree nor disagree,3,23,10
P0713,Season,1,Disagree,2,38,39
P0713,Season,2,Agree,4,64,67
P0713,Season,3,Agree,4,48,53
P0713,Season,4,Neither agree nor disagree,3,44,44
P0713,Season,5,Neither agree nor disagree,3,36,36
P0713,Season,6,Agree,4,69,70
P0713,Season,7,Agree,4,73,73
P0713,Season,8,Disagree,2,33,30
P0713,Season,9,Neither agree nor disagree,3,64,64
P0713,Season,10,Agree,4,76,75
P0713,Season,11,Neither agree nor disagree,3,40,40
P0713,Season,12,Disagree,2,35,36
P0714,Prestige,1,Strongly agree,5,93,93
P0714,Prestige,2,Strongly agree,5,92,92
P0714,Prestige,3,Strongly agree,5,88,88
P0714,Prestige,4,Strongly agree,5,72,69
P0714,Prestige,5,Strongly agree,5,74,74
P0714,Prestige,6,Strongly agree,5,76,79
P0714,Prestige,7,Strongly disagree,1,20,18
P0714,Prestige,8,Disagree,2,35,17
P0714,Prestige,9,Strongly disagree,1,9,8
P0714,Prestige,10,Disagree,2,40,34
P0714,Prestige,11,Strongly disagree,1,59,45
P0714,Prestige,12,Strongly disagree,1,26,23
P0715,Age,1,Strongly agree,5,90,90
P0715,Age,2,Strongly agree,5,77,77
P0715,Age,3,Agree,4,76,80
P0715,Age,4,Agree,4,73,73
P0715,Age,5,Agree,4,80,80
P0715,Age,6,Agree,4,72,72
P0715,Age,7,Agree,4,57,9
P0715,Age,8,Neither agree nor disagree,3,38,38
P0715,Age,9,Disagree,2,11,11
P0715,Age,10,Neither agree nor disagree,3,58,24
P0715,Age,11,Agree,4,56,18
P0715,Age,12,Neither agree nor disagree,3,48,48
P0716,Conformity,1,Strongly agree,5,60,80
P0716,Conformity,2,Agree,4,80,85
P0716,Conformity,3,Strongly agree,5,80,85
P0716,Conformity,4,Agree,4,55,55
P0716,Conformity,5,Strongly agree,5,65,65
P0716,Conformity,6,Strongly agree,5,70,85
P0716,Conformity,7,Strongly disagree,1,15,15
P0716,Conformity,8,Strongly disagree,1,20,20
P0716,Conformity,9,Strongly disagree,1,45,30
P0716,Conformity,10,Strongly disagree,1,40,20
P0716,Conformity,11,Strongly disagree,1,30,20
P0716,Conformity,12,Strongly disagree,1,30,20
P0717,Age,1,Strongly agree,5,23,86
P0717,Age,2,Strongly agree,5,92,96
P0717,Age,3,Strongly agree,5,43,48
P0717,Age,4,Strongly agree,5,71,71
P0717,Age,5,Strongly agree,5,81,81
P0717,Age,6,Strongly agree,5,84,84
P0717,Age,7,Strongly disagree,1,76,11
P0717,Age,8,Strongly disagree,1,27,6
P0717,Age,9,Strongly disagree,1,77,3
P0717,Age,10,Disagree,2,31,36
P0717,Age,11,Disagree,2,27,27
P0717,Age,12,Strongly agree,5,25,15
P0718,Individual,1,Strongly agree,5,75,75
P0718,Individual,2,Strongly agree,5,95,95
P0718,Individual,3,Agree,4,70,70
P0718,Individual,4,Strongly agree,5,85,85
P0718,Individual,5,Strongly agree,5,50,50
P0718,Individual,6,Strongly agree,5,80,80
P0718,Individual,7,Strongly disagree,1,40,40
P0718,Individual,8,Strongly disagree,1,5,5
P0718,Individual,9,Strongly disagree,1,20,20
P0718,Individual,10,Disagree,2,10,10
P0718,Individual,11,Strongly disagree,1,35,35
P0718,Individual,12,Strongly disagree,1,50,50
P0719,Age,1,Strongly agree,5,84,95
P0719,Age,2,Neither agree nor disagree,3,50,90
P0719,Age,3,Agree,4,72,87
P0719,Age,4,Disagree,2,36,56
P0719,Age,5,Neither agree nor disagree,3,66,68
P0719,Age,6,Agree,4,76,90
P0719,Age,7,Disagree,2,50,6
P0719,Age,8,Disagree,2,15,10
P0719,Age,9,Neither agree nor disagree,3,20,2
P0719,Age,10,Neither agree nor disagree,3,46,24
P0719,Age,11,Neither agree nor disagree,3,41,34
P0719,Age,12,Disagree,2,32,7
P0720,Age,1,Strongly agree,5,75,90
P0720,Age,2,Strongly agree,5,80,95
P0720,Age,3,Agree,4,70,90
P0720,Age,4,Strongly agree,5,30,60
P0720,Age,5,Agree,4,65,65
P0720,Age,6,Strongly agree,5,65,90
P0720,Age,7,Neither agree nor disagree,3,60,25
P0720,Age,8,Strongly disagree,1,35,5
P0720,Age,9,Strongly disagree,1,25,9
P0720,Age,10,Neither agree nor disagree,3,40,20
P0720,Age,11,Strongly disagree,1,40,25
P0720,Age,12,Strongly disagree,1,40,10
P0721,Season,1,Agree,4,43,67
P0721,Season,2,Strongly agree,5,82,90
P0721,Season,3,Neither agree nor disagree,3,36,74
P0721,Season,4,Disagree,2,25,43
P0721,Season,5,Neither agree nor disagree,3,39,60
P0721,Season,6,Disagree,2,25,68
P0721,Season,7,Disagree,2,15,15
P0721,Season,8,Disagree,2,28,14
P0721,Season,9,Disagree,2,26,17
P0721,Season,10,Neither agree nor disagree,3,35,21
P0721,Season,11,Neither agree nor disagree,3,59,34
P0721,Season,12,Neither agree nor disagree,3,49,22
P0722,Prestige,1,Strongly agree,5,30,91
P0722,Prestige,2,Strongly agree,5,75,94
P0722,Prestige,3,Strongly agree,5,61,72
P0722,Prestige,4,Strongly agree,5,31,60
P0722,Prestige,5,Strongly agree,5,51,71
P0722,Prestige,6,Strongly agree,5,41,60
P0722,Prestige,7,Strongly disagree,1,40,20
P0722,Prestige,8,Strongly disagree,1,25,10
P0722,Prestige,9,Strongly disagree,1,81,10
P0722,Prestige,10,Strongly disagree,1,56,15
P0722,Prestige,11,Strongly disagree,1,75,20
P0722,Prestige,12,Strongly disagree,1,70,8
P0723,Prestige,1,Strongly agree,5,43,43
P0723,Prestige,2,Strongly agree,5,67,67
P0723,Prestige,3,Strongly agree,5,49,49
P0723,Prestige,4,Agree,4,30,30
P0723,Prestige,5,Agree,4,32,32
P0723,Prestige,6,Strongly agree,5,43,43
P0723,Prestige,7,Strongly disagree,1,39,39
P0723,Prestige,8,Strongly disagree,1,46,46
P0723,Prestige,9,Strongly disagree,1,73,73
P0723,Prestige,10,Strongly disagree,1,33,33
P0723,Prestige,11,Strongly disagree,1,70,70
P0723,Prestige,12,Strongly disagree,1,60,60
P0724,Conformity,1,Agree,4,44,66
P0724,Conformity,2,Agree,4,91,91
P0724,Conformity,3,Agree,4,55,75
P0724,Conformity,4,Disagree,2,32,32
P0724,Conformity,5,Agree,4,56,56
P0724,Conformity,6,Agree,4,59,69
P0724,Conformity,7,Agree,4,52,52
P0724,Conformity,8,Neither agree nor disagree,3,38,38
P0724,Conformity,9,Agree,4,49,36
P0724,Conformity,10,Agree,4,49,0
P0724,Conformity,11,Agree,4,60,60
P0724,Conformity,12,Disagree,2,44,44
P0725,Conformity,1,Strongly agree,5,85,92
P0725,Conformity,2,Strongly agree,5,91,96
P0725,Conformity,3,Agree,4,84,92
P0725,Conformity,4,Strongly disagree,1,25,50
P0725,Conformity,5,Neither agree nor disagree,3,36,56
P0725,Conformity,6,Agree,4,60,85
P0725,Conformity,7,Agree,4,45,15
P0725,Conformity,8,Disagree,2,25,10
P0725,Conformity,9,Disagree,2,4,3
P0725,Conformity,10,Agree,4,40,20
P0725,Conformity,11,Strongly agree,5,66,27
P0725,Conformity,12,Neither agree nor disagree,3,59,15
P0726,Season,1,Strongly agree,5,67,74
P0726,Season,2,Strongly agree,5,93,93
P0726,Season,3,Strongly agree,5,91,91
P0726,Season,4,Agree,4,64,64
P0726,Season,5,Strongly agree,5,39,47
P0726,Season,6,Strongly agree,5,77,82
P0726,Season,7,Strongly disagree,1,20,20
P0726,Season,8,Strongly disagree,1,32,32
P0726,Season,9,Strongly disagree,1,58,58
P0726,Season,10,Strongly disagree,1,19,19
P0726,Season,11,Strongly disagree,1,60,60
P0726,Season,12,Strongly disagree,1,46,46
P0727,Individual,1,Strongly agree,5,72,100
P0727,Individual,2,Strongly agree,5,91,91
P0727,Individual,3,Strongly agree,5,77,77
P0727,Individual,4,Agree,4,48,48
P0727,Individual,5,Agree,4,34,34
P0727,Individual,6,Strongly agree,5,89,89
P0727,Individual,7,Strongly disagree,1,34,34
P0727,Individual,8,Strongly disagree,1,13,13
P0727,Individual,9,Strongly disagree,1,4,4
P0727,Individual,10,Disagree,2,29,29
P0727,Individual,11,Strongly disagree,1,31,31
P0727,Individual,12,Strongly disagree,1,25,25
P0728,Age,1,Strongly agree,5,74,74
P0728,Age,2,Strongly agree,5,92,92
P0728,Age,3,Agree,4,63,73
P0728,Age,4,Neither agree nor disagree,3,58,58
P0728,Age,5,Strongly agree,5,81,81
P0728,Age,6,Strongly agree,5,61,63
P0728,Age,7,Disagree,2,26,73
P0728,Age,8,Neither agree nor disagree,3,100,94
P0728,Age,9,Agree,4,71,71
P0728,Age,10,Agree,4,54,54
P0728,Age,11,Neither agree nor disagree,3,78,78
P0728,Age,12,Agree,4,52,52
P0729,Individual,1,Strongly agree,5,100,100
P0729,Individual,2,Strongly agree,5,100,100
P0729,Individual,3,Agree,4,100,100
P0729,Individual,4,Strongly agree,5,100,100
P0729,Individual,5,Agree,4,100,100
P0729,Individual,6,Strongly agree,5,100,100
P0729,Individual,7,Disagree,2,0,0
P0729,Individual,8,Disagree,2,0,0
P0729,Individual,9,Disagree,2,0,0
P0729,Individual,10,Disagree,2,0,0
P0729,Individual,11,Neither agree nor disagree,3,0,0
P0729,Individual,12,Strongly disagree,1,0,0
P0730,Season,1,Strongly agree,5,71,71
P0730,Season,2,Strongly agree,5,62,62
P0730,Season,3,Agree,4,57,57
P0730,Season,4,Agree,4,48,48
P0730,Season,5,Agree,4,35,35
P0730,Season,6,Agree,4,38,38
P0730,Season,7,Disagree,2,55,55
P0730,Season,8,Disagree,2,71,71
P0730,Season,9,Disagree,2,50,50
P0730,Season,10,Disagree,2,30,30
P0730,Season,11,Disagree,2,63,63
P0730,Season,12,Disagree,2,49,49
P0731,Prestige,1,Strongly agree,5,65,85
P0731,Prestige,2,Strongly agree,5,85,90
P0731,Prestige,3,Strongly agree,5,50,80
P0731,Prestige,4,Disagree,2,35,55
P0731,Prestige,5,Strongly agree,5,45,60
P0731,Prestige,6,Strongly agree,5,40,90
P0731,Prestige,7,Strongly disagree,1,30,15
P0731,Prestige,8,Strongly disagree,1,35,10
P0731,Prestige,9,Strongly disagree,1,65,15
P0731,Prestige,10,Neither agree nor disagree,3,55,20
P0731,Prestige,11,Disagree,2,60,20
P0731,Prestige,12,Strongly disagree,1,45,20
P0732,Individual,1,Strongly agree,5,60,75
P0732,Individual,2,Strongly agree,5,84,84
P0732,Individual,3,Strongly agree,5,70,70
P0732,Individual,4,Strongly agree,5,75,75
P0732,Individual,5,Agree,4,48,60
P0732,Individual,6,Strongly agree,5,85,80
P0732,Individual,7,Disagree,2,25,25
P0732,Individual,8,Strongly disagree,1,20,20
P0732,Individual,9,Disagree,2,40,40
P0732,Individual,10,Disagree,2,30,30
P0732,Individual,11,Strongly disagree,1,45,45
P0732,Individual,12,Strongly disagree,1,27,27
P0733,Season,1,Agree,4,68,90
P0733,Season,2,Agree,4,65,87
P0733,Season,3,Neither agree nor disagree,3,50,39
P0733,Season,4,Strongly agree,5,100,80
P0733,Season,5,Neither agree nor disagree,3,50,80
P0733,Season,6,Agree,4,75,90
P0733,Season,7,Agree,4,64,20
P0733,Season,8,Disagree,2,50,50
P0733,Season,9,Disagree,2,44,30
P0733,Season,10,Disagree,2,20,20
P0733,Season,11,Neither agree nor disagree,3,50,50
P0733,Season,12,Neither agree nor disagree,3,65,40
P0734,Prestige,1,Strongly agree,5,72,78
P0734,Prestige,2,Strongly agree,5,88,88
P0734,Prestige,3,Strongly agree,5,82,82
P0734,Prestige,4,Strongly agree,5,86,71
P0734,Prestige,5,Strongly agree,5,42,42
P0734,Prestige,6,Strongly agree,5,75,75
P0734,Prestige,7,Strongly disagree,1,10,10
P0734,Prestige,8,Strongly disagree,1,28,17
P0734,Prestige,9,Strongly disagree,1,12,12
P0734,Prestige,10,Strongly disagree,1,11,11
P0734,Prestige,11,Strongly disagree,1,35,23
P0734,Prestige,12,Strongly disagree,1,53,39
P0735,Age,1,Strongly agree,5,85,85
P0735,Age,2,Strongly agree,5,87,87
P0735,Age,3,Strongly agree,5,77,77
P0735,Age,4,Disagree,2,31,54
P0735,Age,5,Neither agree nor disagree,3,47,68
P0735,Age,6,Strongly agree,5,74,81
P0735,Age,7,Disagree,2,20,20
P0735,Age,8,Neither agree nor disagree,3,46,60
P0735,Age,9,Disagree,2,39,10
P0735,Age,10,Neither agree nor disagree,3,62,39
P0735,Age,11,Agree,4,88,22
P0735,Age,12,Disagree,2,76,22
P0736,Individual,1,Agree,4,100,100
P0736,Individual,2,Neither agree nor disagree,3,75,75
P0736,Individual,3,Neither agree nor disagree,3,80,80
P0736,Individual,4,Strongly disagree,1,60,60
P0736,Individual,5,Disagree,2,45,45
P0736,Individual,6,Agree,4,85,85
P0736,Individual,7,Agree,4,20,20
P0736,Individual,8,Agree,4,38,38
P0736,Individual,9,Agree,4,10,15
P0736,Individual,10,Agree,4,33,33
P0736,Individual,11,Strongly agree,5,50,50
P0736,Individual,12,Neither agree nor disagree,3,40,40
P0737,Conformity,1,Agree,4,75,85
P0737,Conformity,2,Agree,4,70,80
P0737,Conformity,3,Agree,4,70,80
P0737,Conformity,4,Agree,4,70,65
P0737,Conformity,5,Agree,4,60,65
P0737,Conformity,6,Agree,4,15,85
P0737,Conformity,7,Disagree,2,15,15
P0737,Conformity,8,Disagree,2,15,10
P0737,Conformity,9,Disagree,2,20,15
P0737,Conformity,10,Disagree,2,20,20
P0737,Conformity,11,Disagree,2,20,20
P0737,Conformity,12,Disagree,2,40,20
P0738,Prestige,1,Strongly agree,5,81,81
P0738,Prestige,2,Strongly agree,5,30,30
P0738,Prestige,3,Strongly disagree,1,20,20
P0738,Prestige,4,Agree,4,30,30
P0738,Prestige,5,Strongly agree,5,39,39
P0738,Prestige,6,Strongly agree,5,70,70
P0738,Prestige,7,Disagree,2,71,71
P0738,Prestige,8,Neither agree nor disagree,3,62,62
P0738,Prestige,9,Strongly disagree,1,80,80
P0738,Prestige,10,Disagree,2,40,40
P0738,Prestige,11,Disagree,2,61,61
P0738,Prestige,12,Strongly disagree,1,20,20
P0739,Age,1,Strongly agree,5,53,79
P0739,Age,2,Strongly agree,5,63,80
P0739,Age,3,Strongly agree,5,49,83
P0739,Age,4,Strongly agree,5,27,51
P0739,Age,5,Agree,4,49,65
P0739,Age,6,Strongly agree,5,55,71
P0739,Age,7,Strongly disagree,1,20,20
P0739,Age,8,Disagree,2,34,12
P0739,Age,9,Strongly disagree,1,27,9
P0739,Age,10,Disagree,2,22,18
P0739,Age,11,Disagree,2,43,19
P0739,Age,12,Strongly disagree,1,49,16
P0740,Season,1,Strongly agree,5,85,90
P0740,Season,2,Strongly agree,5,90,90
P0740,Season,3,Strongly agree,5,90,90
P0740,Season,4,Agree,4,40,55
P0740,Season,5,Strongly agree,5,65,65
P0740,Season,6,Strongly agree,5,90,90
P0740,Season,7,Strongly disagree,1,10,10
P0740,Season,8,Strongly disagree,1,5,5
P0740,Season,9,Strongly disagree,1,20,10
P0740,Season,10,Strongly disagree,1,10,10
P0740,Season,11,Strongly disagree,1,70,40
P0740,Season,12,Strongly disagree,1,20,10
P0741,Individual,1,Strongly agree,5,71,100
P0741,Individual,2,Strongly agree,5,51,51
P0741,Individual,3,Strongly agree,5,44,44
P0741,Individual,4,Strongly agree,5,44,44
P0741,Individual,5,Strongly agree,5,27,27
P0741,Individual,6,Strongly agree,5,65,65
P0741,Individual,7,Strongly disagree,1,44,44
P0741,Individual,8,Strongly disagree,1,76,76
P0741,Individual,9,Strongly disagree,1,41,41
P0741,Individual,10,Disagree,2,86,86
P0741,Individual,11,Strongly disagree,1,82,82
P0741,Individual,12,Strongly disagree,1,23,23
P0742,Conformity,1,Strongly agree,5,98,94
P0742,Conformity,2,Strongly agree,5,66,88
P0742,Conformity,3,Strongly agree,5,94,94
P0742,Conformity,4,Agree,4,72,72
P0742,Conformity,5,Neither agree nor disagree,3,65,65
P0742,Conformity,6,Agree,4,86,95
P0742,Conformity,7,Strongly disagree,1,15,15
P0742,Conformity,8,Neither agree nor disagree,3,37,4
P0742,Conformity,9,Neither agree nor disagree,3,10,5
P0742,Conformity,10,Disagree,2,19,0
P0742,Conformity,11,Neither agree nor disagree,3,29,25
P0742,Conformity,12,Disagree,2,16,8
P0743,Conformity,1,Agree,4,75,85
P0743,Conformity,2,Agree,4,81,85
P0743,Conformity,3,Agree,4,71,86
P0743,Conformity,4,Disagree,2,60,60
P0743,Conformity,5,Agree,4,40,60
P0743,Conformity,6,Agree,4,75,83
P0743,Conformity,7,Neither agree nor disagree,3,60,25
P0743,Conformity,8,Disagree,2,20,12
P0743,Conformity,9,Disagree,2,30,10
P0743,Conformity,10,Neither agree nor disagree,3,34,20
P0743,Conformity,11,Disagree,2,70,20
P0743,Conformity,12,Neither agree nor disagree,3,40,10
P0744,Season,1,Neither agree nor disagree,3,97,97
P0744,Season,2,Agree,4,90,90
P0744,Season,3,Agree,4,84,84
P0744,Season,4,Strongly disagree,1,83,60
P0744,Season,5,Strongly disagree,1,91,72
P0744,Season,6,Strongly disagree,1,12,94
P0744,Season,7,Strongly agree,5,24,20
P0744,Season,8,Strongly agree,5,7,7
P0744,Season,9,Neither agree nor disagree,3,26,17
P0744,Season,10,Neither agree nor disagree,3,42,20
P0744,Season,11,Strongly agree,5,22,21
P0744,Season,12,Strongly agree,5,19,14
P0745,Prestige,1,Strongly agree,5,75,75
P0745,Prestige,2,Strongly agree,5,60,85
P0745,Prestige,3,Strongly agree,5,80,85
P0745,Prestige,4,Agree,4,55,55
P0745,Prestige,5,Strongly agree,5,40,60
P0745,Prestige,6,Strongly agree,5,75,80
P0745,Prestige,7,Strongly disagree,1,1,7
P0745,Prestige,8,Strongly disagree,1,5,5
P0745,Prestige,9,Strongly disagree,1,10,10
P0745,Prestige,10,Strongly disagree,1,30,25
P0745,Prestige,11,Strongly disagree,1,10,10
P0745,Prestige,12,Strongly disagree,1,5,5
P0746,Conformity,1,Strongly agree,5,50,97
P0746,Conformity,2,Disagree,2,74,98
P0746,Conformity,3,Neither agree nor disagree,3,56,95
P0746,Conformity,4,Neither agree nor disagree,3,52,50
P0746,Conformity,5,Agree,4,46,60
P0746,Conformity,6,Agree,4,54,90
P0746,Conformity,7,Agree,4,60,27
P0746,Conformity,8,Strongly disagree,1,51,14
P0746,Conformity,9,Agree,4,51,6
P0746,Conformity,10,Neither agree nor disagree,3,69,30
P0746,Conformity,11,Neither agree nor disagree,3,53,55
P0746,Conformity,12,Agree,4,69,8
P0747,Age,1,Agree,4,42,61
P0747,Age,2,Agree,4,79,84
P0747,Age,3,Agree,4,52,81
P0747,Age,4,Agree,4,72,70
P0747,Age,5,Agree,4,90,77
P0747,Age,6,Agree,4,55,74
P0747,Age,7,Agree,4,60,23
P0747,Age,8,Disagree,2,25,22
P0747,Age,9,Disagree,2,29,15
P0747,Age,10,Agree,4,65,29
P0747,Age,11,Neither agree nor disagree,3,59,22
P0747,Age,12,Disagree,2,37,19
P0748,Prestige,1,Strongly agree,5,74,79
P0748,Prestige,2,Strongly agree,5,86,86
P0748,Prestige,3,Strongly agree,5,92,92
P0748,Prestige,4,Agree,4,72,60
P0748,Prestige,5,Strongly agree,5,66,66
P0748,Prestige,6,Strongly agree,5,95,95
P0748,Prestige,7,Strongly disagree,1,40,28
P0748,Prestige,8,Strongly disagree,1,31,19
P0748,Prestige,9,Strongly disagree,1,28,9
P0748,Prestige,10,Strongly disagree,1,23,17
P0748,Prestige,11,Strongly disagree,1,52,28
P0748,Prestige,12,Strongly disagree,1,50,27
P0749,Season,1,Strongly agree,5,65,75
P0749,Season,2,Strongly agree,5,75,75
P0749,Season,3,Strongly agree,5,50,70
P0749,Season,4,Disagree,2,35,45
P0749,Season,5,Agree,4,50,60
P0749,Season,6,Strongly agree,5,50,65
P0749,Season,7,Disagree,2,45,30
P0749,Season,8,Strongly disagree,1,15,10
P0749,Season,9,Disagree,2,35,25
P0749,Season,10,Neither agree nor disagree,3,60,35
P0749,Season,11,Disagree,2,25,25
P0749,Season,12,Strongly disagree,1,15,15
P0750,Age,1,Agree,4,80,80
P0750,Age,2,Strongly agree,5,70,80
P0750,Age,3,Agree,4,85,85
P0750,Age,4,Disagree,2,45,45
P0750,Age,5,Neither agree nor disagree,3,70,70
P0750,Age,6,Agree,4,65,80
P0750,Age,7,Agree,4,40,20
P0750,Age,8,Disagree,2,5,5
P0750,Age,9,Disagree,2,55,20
P0750,Age,10,Disagree,2,30,25
P0750,Age,11,Agree,4,42,25
P0750,Age,12,Disagree,2,30,25
P0751,Age,1,Strongly agree,5,88,94
P0751,Age,2,Strongly agree,5,97,97
P0751,Age,3,Strongly agree,5,92,92
P0751,Age,4,Strongly agree,5,72,68
P0751,Age,5,Strongly agree,5,89,78
P0751,Age,6,Strongly agree,5,80,96
P0751,Age,7,Strongly disagree,1,27,9
P0751,Age,8,Strongly disagree,1,31,4
P0751,Age,9,Strongly disagree,1,11,4
P0751,Age,10,Disagree,2,40,15
P0751,Age,11,Disagree,2,38,16
P0751,Age,12,Disagree,2,33,10
P0752,Individual,1,Strongly agree,5,65,62
P0752,Individual,2,Strongly agree,5,70,75
P0752,Individual,3,Strongly agree,5,66,63
P0752,Individual,4,Strongly agree,5,40,35
P0752,Individual,5,Neither agree nor disagree,3,39,43
P0752,Individual,6,Agree,4,45,47
P0752,Individual,7,Disagree,2,32,40
P0752,Individual,8,Strongly disagree,1,37,47
P0752,Individual,9,Disagree,2,18,20
P0752,Individual,10,Strongly agree,5,54,71
P0752,Individual,11,Agree,4,42,47
P0752,Individual,12,Strongly disagree,1,38,51
P0753,Prestige,1,Strongly agree,5,93,93
P0753,Prestige,2,Strongly agree,5,82,82
P0753,Prestige,3,Strongly agree,5,85,85
P0753,Prestige,4,Neither agree nor disagree,3,57,57
P0753,Prestige,5,Agree,4,54,54
P0753,Prestige,6,Agree,4,76,76
P0753,Prestige,7,Disagree,2,32,32
P0753,Prestige,8,Disagree,2,40,40
P0753,Prestige,9,Strongly disagree,1,7,7
P0753,Prestige,10,Neither agree nor disagree,3,38,38
P0753,Prestige,11,Neither agree nor disagree,3,40,40
P0753,Prestige,12,Disagree,2,35,35
P0754,Prestige,1,Strongly agree,5,75,75
P0754,Prestige,2,Agree,4,85,85
P0754,Prestige,3,Strongly agree,5,65,65
P0754,Prestige,4,Strongly agree,5,60,60
P0754,Prestige,5,Strongly agree,5,40,40
P0754,Prestige,6,Strongly agree,5,60,60
P0754,Prestige,7,Disagree,2,20,20
P0754,Prestige,8,Strongly disagree,1,55,55
P0754,Prestige,9,Disagree,2,30,30
P0754,Prestige,10,Disagree,2,30,15
P0754,Prestige,11,Disagree,2,50,50
P0754,Prestige,12,Strongly disagree,1,30,30
P0755,Conformity,1,Agree,4,80,95
P0755,Conformity,2,Agree,4,83,83
P0755,Conformity,3,Agree,4,80,85
P0755,Conformity,4,Disagree,2,64,64
P0755,Conformity,5,Neither agree nor disagree,3,70,70
P0755,Conformity,6,Agree,4,60,80
P0755,Conformity,7,Neither agree nor disagree,3,15,15
P0755,Conformity,8,Neither agree nor disagree,3,14,14
P0755,Conformity,9,Disagree,2,29,3
P0755,Conformity,10,Neither agree nor disagree,3,15,0
P0755,Conformity,11,Agree,4,20,20
P0755,Conformity,12,Neither agree nor disagree,3,50,14
P0756,Season,1,Strongly agree,5,71,71
P0756,Season,2,Strongly agree,5,91,91
P0756,Season,3,Strongly agree,5,67,67
P0756,Season,4,Disagree,2,59,59
P0756,Season,5,Strongly agree,5,70,70
P0756,Season,6,Strongly agree,5,85,85
P0756,Season,7,Agree,4,93,17
P0756,Season,8,Strongly disagree,1,9,9
P0756,Season,9,Strongly disagree,1,90,9
P0756,Season,10,Neither agree nor disagree,3,87,87
P0756,Season,11,Strongly disagree,1,80,80
P0756,Season,12,Strongly disagree,1,44,5
P0757,Prestige,1,Strongly agree,5,100,100
P0757,Prestige,2,Agree,4,100,100
P0757,Prestige,3,Neither agree nor disagree,3,40,40
P0757,Prestige,4,Agree,4,49,49
P0757,Prestige,5,Neither agree nor disagree,3,30,30
P0757,Prestige,6,Disagree,2,10,10
P0757,Prestige,7,Disagree,2,25,25
P0757,Prestige,8,Neither agree nor disagree,3,80,20
P0757,Prestige,9,Strongly agree,5,90,90
P0757,Prestige,10,Neither agree nor disagree,3,52,52
P0757,Prestige,11,Strongly agree,5,100,100
P0757,Prestige,12,Neither agree nor disagree,3,40,40
P0758,Individual,1,Strongly agree,5,80,80
P0758,Individual,2,Strongly agree,5,85,85
P0758,Individual,3,Agree,4,92,90
P0758,Individual,4,Disagree,2,30,50
P0758,Individual,5,Neither agree nor disagree,3,80,80
P0758,Individual,6,Strongly agree,5,88,88
P0758,Individual,7,Neither agree nor disagree,3,30,30
P0758,Individual,8,Strongly disagree,1,10,10
P0758,Individual,9,Strongly disagree,1,14,20
P0758,Individual,10,Neither agree nor disagree,3,25,36
P0758,Individual,11,Disagree,2,30,40
P0758,Individual,12,Strongly disagree,1,87,68
P0759,Season,1,Strongly agree,5,89,89
P0759,Season,2,Strongly agree,5,81,81
P0759,Season,3,Strongly agree,5,75,83
P0759,Season,4,Disagree,2,14,14
P0759,Season,5,Strongly agree,5,71,71
P0759,Season,6,Strongly agree,5,51,51
P0759,Season,7,Strongly disagree,1,10,10
P0759,Season,8,Strongly disagree,1,18,18
P0759,Season,9,Strongly disagree,1,38,38
P0759,Season,10,Disagree,2,33,33
P0759,Season,11,Agree,4,70,70
P0759,Season,12,Disagree,2,51,51
P0760,Conformity,1,Strongly agree,5,91,91
P0760,Conformity,2,Strongly agree,5,70,87
P0760,Conformity,3,Strongly agree,5,80,80
P0760,Conformity,4,Agree,4,80,71
P0760,Conformity,5,Agree,4,80,80
P0760,Conformity,6,Agree,4,74,95
P0760,Conformity,7,Disagree,2,20,15
P0760,Conformity,8,Strongly disagree,1,6,9
P0760,Conformity,9,Disagree,2,73,6
P0760,Conformity,10,Strongly disagree,1,35,7
P0760,Conformity,11,Disagree,2,30,21
P0760,Conformity,12,Agree,4,41,23
P0761,Age,1,Strongly agree,5,95,94
P0761,Age,2,Strongly agree,5,70,97
P0761,Age,3,Strongly agree,5,90,90
P0761,Age,4,Agree,4,40,61
P0761,Age,5,Agree,4,51,68
P0761,Age,6,Strongly agree,5,55,95
P0761,Age,7,Disagree,2,20,11
P0761,Age,8,Disagree,2,40,6
P0761,Age,9,Strongly disagree,1,20,3
P0761,Age,10,Neither agree nor disagree,3,25,17
P0761,Age,11,Disagree,2,60,17
P0761,Age,12,Strongly disagree,1,52,10
P0762,Conformity,1,Strongly agree,5,73,73
P0762,Conformity,2,Agree,4,83,83
P0762,Conformity,3,Strongly agree,5,86,86
P0762,Conformity,4,Agree,4,33,33
P0762,Conformity,5,Neither agree nor disagree,3,47,47
P0762,Conformity,6,Agree,4,93,93
P0762,Conformity,7,Strongly disagree,1,28,28
P0762,Conformity,8,Disagree,2,56,56
P0762,Conformity,9,Strongly disagree,1,42,42
P0762,Conformity,10,Disagree,2,63,16
P0762,Conformity,11,Disagree,2,59,59
P0762,Conformity,12,Strongly disagree,1,66,66
P0763,Individual,1,Strongly agree,5,97,88
P0763,Individual,2,Strongly agree,5,100,100
P0763,Individual,3,Strongly agree,5,94,94
P0763,Individual,4,Agree,4,48,48
P0763,Individual,5,Strongly agree,5,84,84
P0763,Individual,6,Strongly agree,5,87,79
P0763,Individual,7,Strongly disagree,1,26,26
P0763,Individual,8,Strongly disagree,1,4,25
P0763,Individual,9,Strongly disagree,1,42,42
P0763,Individual,10,Strongly disagree,1,10,20
P0763,Individual,11,Neither agree nor disagree,3,65,76
P0763,Individual,12,Strongly disagree,1,20,34
P0764,Prestige,1,Agree,4,50,77
P0764,Prestige,2,Strongly agree,5,90,7
P0764,Prestige,3,Neither agree nor disagree,3,14,71
P0764,Prestige,4,Strongly agree,5,100,100
P0764,Prestige,5,Neither agree nor disagree,3,65,82
P0764,Prestige,6,Strongly agree,5,91,100
P0764,Prestige,7,Agree,4,4,0
P0764,Prestige,8,Disagree,2,20,28
P0764,Prestige,9,Disagree,2,9,0
P0764,Prestige,10,Agree,4,100,87
P0764,Prestige,11,Agree,4,89,73
P0764,Prestige,12,Disagree,2,22,6
P0765,Individual,1,Agree,4,75,75
P0765,Individual,2,Agree,4,80,80
P0765,Individual,3,Agree,4,65,65
P0765,Individual,4,Neither agree nor disagree,3,60,60
P0765,Individual,5,Agree,4,61,61
P0765,Individual,6,Agree,4,70,70
P0765,Individual,7,Neither agree nor disagree,3,35,35
P0765,Individual,8,Disagree,2,26,20
P0765,Individual,9,Neither agree nor disagree,3,40,40
P0765,Individual,10,Neither agree nor disagree,3,40,35
P0765,Individual,11,Neither agree nor disagree,3,33,33
P0765,Individual,12,Disagree,2,50,50
P0766,Season,1,Strongly agree,5,90,90
P0766,Season,2,Strongly agree,5,71,71
P0766,Season,3,Strongly agree,5,69,84
P0766,Season,4,Agree,4,70,70
P0766,Season,5,Strongly agree,5,60,71
P0766,Season,6,Strongly agree,5,60,60
P0766,Season,7,Disagree,2,31,15
P0766,Season,8,Strongly disagree,1,25,7
P0766,Season,9,Strongly disagree,1,30,21
P0766,Season,10,Disagree,2,19,14
P0766,Season,11,Strongly disagree,1,25,25
P0766,Season,12,Strongly disagree,1,40,40
P0767,Age,1,Strongly agree,5,95,95
P0767,Age,2,Strongly agree,5,85,85
P0767,Age,3,Strongly agree,5,90,90
P0767,Age,4,Agree,4,70,70
P0767,Age,5,Disagree,2,65,65
P0767,Age,6,Strongly agree,5,80,80
P0767,Age,7,Strongly disagree,1,5,5
P0767,Age,8,Strongly disagree,1,5,5
P0767,Age,9,Strongly disagree,1,5,5
P0767,Age,10,Disagree,2,15,15
P0767,Age,11,Strongly disagree,1,10,10
P0767,Age,12,Strongly disagree,1,5,5
P0768,Age,1,Strongly agree,5,92,92
P0768,Age,2,Neither agree nor disagree,3,72,72
P0768,Age,3,Strongly agree,5,86,86
P0768,Age,4,Strongly disagree,1,42,42
P0768,Age,5,Strongly disagree,1,76,76
P0768,Age,6,Disagree,2,82,82
P0768,Age,7,Strongly agree,5,52,52
P0768,Age,8,Strongly agree,5,30,30
P0768,Age,9,Strongly disagree,1,21,21
P0768,Age,10,Strongly agree,5,66,66
P0768,Age,11,Strongly agree,5,56,56
P0768,Age,12,Neither agree nor disagree,3,24,24
P0769,Conformity,1,Strongly agree,5,52,52
P0769,Conformity,2,Strongly agree,5,92,94
P0769,Conformity,3,Strongly disagree,1,56,56
P0769,Conformity,4,Strongly disagree,1,46,51
P0769,Conformity,5,Neither agree nor disagree,3,38,38
P0769,Conformity,6,Strongly agree,5,54,55
P0769,Conformity,7,Neither agree nor disagree,3,57,50
P0769,Conformity,8,Strongly disagree,1,24,24
P0769,Conformity,9,Strongly disagree,1,20,19
P0769,Conformity,10,Strongly agree,5,79,64
P0769,Conformity,11,Neither agree nor disagree,3,77,79
P0769,Conformity,12,Strongly disagree,1,23,23
P0770,Season,1,Strongly agree,5,98,98
P0770,Season,2,Strongly agree,5,86,86
P0770,Season,3,Agree,4,52,52
P0770,Season,4,Disagree,2,17,17
P0770,Season,5,Neither agree nor disagree,3,10,50
P0770,Season,6,Strongly agree,5,72,72
P0770,Season,7,Disagree,2,25,21
P0770,Season,8,Disagree,2,42,32
P0770,Season,9,Strongly disagree,1,10,8
P0770,Season,10,Agree,4,72,62
P0770,Season,11,Neither agree nor disagree,3,48,48
P0770,Season,12,Disagree,2,38,32
P0771,Prestige,1,Strongly disagree,1,83,83
P0771,Prestige,2,Agree,4,97,97
P0771,Prestige,3,Agree,4,99,88
P0771,Prestige,4,Strongly disagree,1,51,53
P0771,Prestige,5,Strongly disagree,1,84,69
P0771,Prestige,6,Disagree,2,95,95
P0771,Prestige,7,Agree,4,28,21
P0771,Prestige,8,Agree,4,4,4
P0771,Prestige,9,Strongly agree,5,10,10
P0771,Prestige,10,Strongly agree,5,44,28
P0771,Prestige,11,Strongly agree,5,60,22
P0771,Prestige,12,Strongly agree,5,4,4
P0772,Individual,1,Strongly agree,5,93,93
P0772,Individual,2,Strongly agree,5,65,65
P0772,Individual,3,Agree,4,87,87
P0772,Individual,4,Disagree,2,69,69
P0772,Individual,5,Strongly agree,5,55,55
P0772,Individual,6,Strongly agree,5,95,95
P0772,Individual,7,Disagree,2,77,77
P0772,Individual,8,Neither agree nor disagree,3,67,67
P0772,Individual,9,Neither agree nor disagree,3,23,23
P0772,Individual,10,Neither agree nor disagree,3,53,53
P0772,Individual,11,Agree,4,68,68
P0772,Individual,12,Strongly disagree,1,32,32
P0773,Prestige,1,Strongly agree,5,70,92
P0773,Prestige,2,Strongly agree,5,86,93
P0773,Prestige,3,Strongly agree,5,67,86
P0773,Prestige,4,Strongly agree,5,57,58
P0773,Prestige,5,Strongly agree,5,50,68
P0773,Prestige,6,Strongly agree,5,75,90
P0773,Prestige,7,Strongly disagree,1,25,10
P0773,Prestige,8,Strongly disagree,1,18,7
P0773,Prestige,9,Strongly disagree,1,15,6
P0773,Prestige,10,Strongly disagree,1,40,18
P0773,Prestige,11,Strongly disagree,1,49,24
P0773,Prestige,12,Strongly disagree,1,25,10
P0774,Season,1,Strongly agree,5,31,98
P0774,Season,2,Strongly agree,5,81,81
P0774,Season,3,Strongly agree,5,51,92
P0774,Season,4,Strongly agree,5,46,92
P0774,Season,5,Strongly agree,5,57,57
P0774,Season,6,Strongly agree,5,42,87
P0774,Season,7,Disagree,2,35,14
P0774,Season,8,Strongly disagree,1,25,25
P0774,Season,9,Strongly disagree,1,43,26
P0774,Season,10,Neither agree nor disagree,3,62,16
P0774,Season,11,Disagree,2,22,22
P0774,Season,12,Strongly disagree,1,21,21
P0775,Individual,1,Strongly agree,5,50,100
P0775,Individual,2,Disagree,2,30,30
P0775,Individual,3,Strongly agree,5,99,99
P0775,Individual,4,Disagree,2,40,40
P0775,Individual,5,Neither agree nor disagree,3,25,25
P0775,Individual,6,Agree,4,40,40
P0775,Individual,7,Disagree,2,2,2
P0775,Individual,8,Strongly disagree,1,1,1
P0775,Individual,9,Strongly disagree,1,20,20
P0775,Individual,10,Disagree,2,50,50
P0775,Individual,11,Neither agree nor disagree,3,78,78
P0775,Individual,12,Disagree,2,50,50
P0776,Age,1,Strongly agree,5,41,81
P0776,Age,2,Strongly agree,5,58,77
P0776,Age,3,Strongly agree,5,51,80
P0776,Age,4,Agree,4,20,45
P0776,Age,5,Strongly agree,5,23,50
P0776,Age,6,Strongly agree,5,26,73
P0776,Age,7,Strongly disagree,1,91,57
P0776,Age,8,Strongly disagree,1,72,34
P0776,Age,9,Strongly disagree,1,92,6
P0776,Age,10,Strongly disagree,1,67,36
P0776,Age,11,Strongly disagree,1,81,37
P0776,Age,12,Strongly disagree,1,87,52
P0777,Prestige,1,Strongly agree,5,69,97
P0777,Prestige,2,Strongly agree,5,50,100
P0777,Prestige,3,Strongly agree,5,85,97
P0777,Prestige,4,Strongly agree,5,68,68
P0777,Prestige,5,Strongly agree,5,47,69
P0777,Prestige,6,Strongly agree,5,69,69
P0777,Prestige,7,Strongly disagree,1,61,15
P0777,Prestige,8,Strongly disagree,1,22,22
P0777,Prestige,9,Strongly disagree,1,38,38
P0777,Prestige,10,Strongly disagree,1,70,18
P0777,Prestige,11,Strongly disagree,1,53,19
P0777,Prestige,12,Strongly disagree,1,60,17
P0778,Age,1,Strongly agree,5,0,100
P0778,Age,2,Strongly agree,5,100,100
P0778,Age,3,Strongly agree,5,100,100
P0778,Age,4,Neither agree nor disagree,3,50,50
P0778,Age,5,Strongly agree,5,90,80
P0778,Age,6,Strongly agree,5,100,100
P0778,Age,7,Strongly disagree,1,0,0
P0778,Age,8,Disagree,2,10,10
P0778,Age,9,Strongly disagree,1,0,0
P0778,Age,10,Neither agree nor disagree,3,10,10
P0778,Age,11,Neither agree nor disagree,3,40,20
P0778,Age,12,Neither agree nor disagree,3,10,10
P0779,Conformity,1,Strongly disagree,1,31,72
P0779,Conformity,2,Strongly agree,5,98,97
P0779,Conformity,3,Neither agree nor disagree,3,83,90
P0779,Conformity,4,Strongly disagree,1,40,40
P0779,Conformity,5,Strongly disagree,1,31,31
P0779,Conformity,6,Strongly disagree,1,56,95
P0779,Conformity,7,Agree,4,16,16
P0779,Conformity,8,Neither agree nor disagree,3,14,9
P0779,Conformity,9,Neither agree nor disagree,3,4,4
P0779,Conformity,10,Agree,4,35,0
P0779,Conformity,11,Agree,4,59,30
P0779,Conformity,12,Agree,4,28,20
P0780,Individual,1,Agree,4,80,100
P0780,Individual,2,Agree,4,75,75
P0780,Individual,3,Agree,4,45,45
P0780,Individual,4,Agree,4,40,40
P0780,Individual,5,Agree,4,55,55
P0780,Individual,6,Agree,4,45,45
P0780,Individual,7,Disagree,2,45,45
P0780,Individual,8,Neither agree nor disagree,3,40,40
P0780,Individual,9,Disagree,2,55,55
P0780,Individual,10,Neither agree nor disagree,3,45,45
P0780,Individual,11,Neither agree nor disagree,3,70,70
P0780,Individual,12,Disagree,2,50,50
P0781,Conformity,1,Strongly agree,5,84,93
P0781,Conformity,2,Strongly agree,5,92,92
P0781,Conformity,3,Strongly agree,5,64,87
P0781,Conformity,4,Agree,4,71,71
P0781,Conformity,5,Strongly agree,5,88,88
P0781,Conformity,6,Strongly agree,5,81,88
P0781,Conformity,7,Strongly disagree,1,31,31
P0781,Conformity,8,Disagree,2,25,13
P0781,Conformity,9,Strongly disagree,1,20,11
P0781,Conformity,10,Disagree,2,22,0
P0781,Conformity,11,Disagree,2,29,15
P0781,Conformity,12,Strongly disagree,1,35,20
P0782,Season,1,Strongly agree,5,80,80
P0782,Season,2,Disagree,2,60,60
P0782,Season,3,Strongly agree,5,33,33
P0782,Season,4,Strongly agree,5,50,50
P0782,Season,5,Agree,4,30,30
P0782,Season,6,Strongly agree,5,40,40
P0782,Season,7,Strongly disagree,1,15,15
P0782,Season,8,Strongly disagree,1,5,5
P0782,Season,9,Strongly disagree,1,25,25
P0782,Season,10,Disagree,2,20,20
P0782,Season,11,Disagree,2,50,50
P0782,Season,12,Disagree,2,10,10
P0783,Season,1,Strongly agree,5,89,89
P0783,Season,2,Strongly agree,5,97,97
P0783,Season,3,Strongly agree,5,93,93
P0783,Season,4,Neither agree nor disagree,3,92,92
P0783,Season,5,Agree,4,78,78
P0783,Season,6,Strongly agree,5,85,85
P0783,Season,7,Disagree,2,20,20
P0783,Season,8,Strongly disagree,1,10,10
P0783,Season,9,Disagree,2,68,9
P0783,Season,10,Disagree,2,11,11
P0783,Season,11,Strongly disagree,1,15,15
P0783,Season,12,Strongly disagree,1,8,8
P0784,Conformity,1,Strongly agree,5,59,91
P0784,Conformity,2,Strongly agree,5,78,88
P0784,Conformity,3,Strongly agree,5,59,90
P0784,Conformity,4,Agree,4,34,50
P0784,Conformity,5,Agree,4,43,62
P0784,Conformity,6,Strongly agree,5,85,91
P0784,Conformity,7,Disagree,2,22,14
P0784,Conformity,8,Strongly disagree,1,52,8
P0784,Conformity,9,Strongly disagree,1,41,3
P0784,Conformity,10,Neither agree nor disagree,3,87,29
P0784,Conformity,11,Disagree,2,55,26
P0784,Conformity,12,Strongly disagree,1,60,22
P0785,Age,1,Strongly agree,5,80,86
P0785,Age,2,Agree,4,75,89
P0785,Age,3,Agree,4,70,81
P0785,Age,4,Agree,4,22,51
P0785,Age,5,Agree,4,23,60
P0785,Age,6,Agree,4,84,87
P0785,Age,7,Strongly disagree,1,11,11
P0785,Age,8,Strongly disagree,1,54,23
P0785,Age,9,Neither agree nor disagree,3,37,17
P0785,Age,10,Neither agree nor disagree,3,42,30
P0785,Age,11,Disagree,2,49,21
P0785,Age,12,Strongly disagree,1,43,34
P0786,Individual,1,Strongly agree,5,98,100
P0786,Individual,2,Strongly agree,5,98,98
P0786,Individual,3,Strongly agree,5,70,84
P0786,Individual,4,Strongly disagree,1,19,14
P0786,Individual,5,Neither agree nor disagree,3,22,29
P0786,Individual,6,Strongly agree,5,94,98
P0786,Individual,7,Strongly disagree,1,26,23
P0786,Individual,8,Strongly disagree,1,30,11
P0786,Individual,9,Disagree,2,13,11
P0786,Individual,10,Disagree,2,27,24
P0786,Individual,11,Strongly disagree,1,42,30
P0786,Individual,12,Strongly disagree,1,24,15
P0787,Prestige,1,Strongly agree,5,95,95
P0787,Prestige,2,Strongly agree,5,77,86
P0787,Prestige,3,Strongly agree,5,71,88
P0787,Prestige,4,Strongly agree,5,35,59
P0787,Prestige,5,Strongly agree,5,69,69
P0787,Prestige,6,Strongly agree,5,69,90
P0787,Prestige,7,Strongly disagree,1,12,12
P0787,Prestige,8,Neither agree nor disagree,3,32,7
P0787,Prestige,9,Strongly disagree,1,26,4
P0787,Prestige,10,Disagree,2,35,18
P0787,Prestige,11,Strongly disagree,1,16,16
P0787,Prestige,12,Strongly disagree,1,26,13
P0788,Prestige,1,Strongly agree,5,100,100
P0788,Prestige,2,Strongly agree,5,75,85
P0788,Prestige,3,Strongly agree,5,100,100
P0788,Prestige,4,Strongly agree,5,85,75
P0788,Prestige,5,Agree,4,50,72
P0788,Prestige,6,Strongly agree,5,75,100
P0788,Prestige,7,Strongly disagree,1,15,10
P0788,Prestige,8,Strongly disagree,1,25,6
P0788,Prestige,9,Strongly disagree,1,45,0
P0788,Prestige,10,Agree,4,50,17
P0788,Prestige,11,Neither agree nor disagree,3,50,20
P0788,Prestige,12,Strongly disagree,1,50,10
P0789,Individual,1,Strongly agree,5,80,100
P0789,Individual,2,Agree,4,70,70
P0789,Individual,3,Strongly agree,5,90,90
P0789,Individual,4,Strongly disagree,1,40,40
P0789,Individual,5,Strongly disagree,1,60,60
P0789,Individual,6,Strongly agree,5,65,65
P0789,Individual,7,Neither agree nor disagree,3,85,85
P0789,Individual,8,Disagree,2,15,15
P0789,Individual,9,Strongly disagree,1,15,15
P0789,Individual,10,Agree,4,65,65
P0789,Individual,11,Agree,4,45,45
P0789,Individual,12,Strongly disagree,1,10,10
P0790,Season,1,Strongly agree,5,91,91
P0790,Season,2,Strongly agree,5,94,94
P0790,Season,3,Strongly agree,5,84,84
P0790,Season,4,Strongly agree,5,82,82
P0790,Season,5,Strongly agree,5,76,76
P0790,Season,6,Strongly agree,5,88,88
P0790,Season,7,Strongly disagree,1,31,31
P0790,Season,8,Strongly disagree,1,11,11
P0790,Season,9,Strongly disagree,1,18,18
P0790,Season,10,Strongly disagree,1,27,27
P0790,Season,11,Strongly disagree,1,12,12
P0790,Season,12,Strongly disagree,1,20,20
P0791,Age,1,Strongly agree,5,61,65
P0791,Age,2,Strongly agree,5,85,85
P0791,Age,3,Agree,4,41,86
P0791,Age,4,Disagree,2,30,50
P0791,Age,5,Strongly agree,5,57,57
P0791,Age,6,Strongly agree,5,54,62
P0791,Age,7,Disagree,2,18,18
P0791,Age,8,Disagree,2,29,16
P0791,Age,9,Strongly disagree,1,42,38
P0791,Age,10,Neither agree nor disagree,3,47,23
P0791,Age,11,Disagree,2,34,26
P0791,Age,12,Disagree,2,60,45
P0792,Prestige,1,Strongly agree,5,87,87
P0792,Prestige,2,Strongly agree,5,99,99
P0792,Prestige,3,Strongly agree,5,99,99
P0792,Prestige,4,Agree,4,73,73
P0792,Prestige,5,Strongly agree,5,80,80
P0792,Prestige,6,Strongly agree,5,79,79
P0792,Prestige,7,Strongly disagree,1,11,11
P0792,Prestige,8,Strongly disagree,1,5,5
P0792,Prestige,9,Strongly disagree,1,29,22
P0792,Prestige,10,Disagree,2,18,18
P0792,Prestige,11,Strongly disagree,1,35,35
P0792,Prestige,12,Disagree,2,36,36
P0793,Conformity,1,Agree,4,60,80
P0793,Conformity,2,Strongly agree,5,100,100
P0793,Conformity,3,Neither agree nor disagree,3,5,93
P0793,Conformity,4,Strongly agree,5,70,70
P0793,Conformity,5,Agree,4,100,72
P0793,Conformity,6,Agree,4,91,95
P0793,Conformity,7,Neither agree nor disagree,3,50,10
P0793,Conformity,8,Disagree,2,0,5
P0793,Conformity,9,Disagree,2,1,1
P0793,Conformity,10,Neither agree nor disagree,3,15,15
P0793,Conformity,11,Disagree,2,0,0
P0793,Conformity,12,Strongly disagree,1,10,10
P0794,Conformity,1,Agree,4,28,85
P0794,Conformity,2,Agree,4,54,88
P0794,Conformity,3,Agree,4,44,84
P0794,Conformity,4,Agree,4,20,52
P0794,Conformity,5,Agree,4,17,68
P0794,Conformity,6,Agree,4,37,85
P0794,Conformity,7,Disagree,2,56,15
P0794,Conformity,8,Disagree,2,70,10
P0794,Conformity,9,Disagree,2,36,11
P0794,Conformity,10,Disagree,2,31,21
P0794,Conformity,11,Neither agree nor disagree,3,73,22
P0794,Conformity,12,Disagree,2,59,15
P0795,Conformity,1,Strongly agree,5,95,95
P0795,Conformity,2,Strongly agree,5,75,95
P0795,Conformity,3,Strongly agree,5,85,95
P0795,Conformity,4,Strongly agree,5,60,60
P0795,Conformity,5,Agree,4,60,70
P0795,Conformity,6,Strongly agree,5,85,93
P0795,Conformity,7,Strongly disagree,1,25,14
P0795,Conformity,8,Strongly disagree,1,20,10
P0795,Conformity,9,Disagree,2,50,5
P0795,Conformity,10,Disagree,2,29,20
P0795,Conformity,11,Disagree,2,55,10
P0795,Conformity,12,Strongly disagree,1,30,10
P0796,Individual,1,Strongly agree,5,79,100
P0796,Individual,2,Strongly agree,5,85,85
P0796,Individual,3,Strongly agree,5,78,67
P0796,Individual,4,Disagree,2,24,24
P0796,Individual,5,Agree,4,66,66
P0796,Individual,6,Agree,4,62,62
P0796,Individual,7,Disagree,2,57,57
P0796,Individual,8,Disagree,2,36,36
P0796,Individual,9,Strongly disagree,1,31,31
P0796,Individual,10,Disagree,2,55,44
P0796,Individual,11,Disagree,2,59,65
P0796,Individual,12,Strongly disagree,1,43,43
P0797,Season,1,Strongly agree,5,52,79
P0797,Season,2,Agree,4,27,76
P0797,Season,3,Strongly agree,5,46,46
P0797,Season,4,Disagree,2,12,28
P0797,Season,5,Neither agree nor disagree,3,42,57
P0797,Season,6,Strongly agree,5,26,26
P0797,Season,7,Agree,4,100,69
P0797,Season,8,Disagree,2,38,38
P0797,Season,9,Strongly disagree,1,67,24
P0797,Season,10,Strongly agree,5,83,67
P0797,Season,11,Disagree,2,84,53
P0797,Season,12,Strongly disagree,1,26,26
P0798,Age,1,Disagree,2,25,25
P0798,Age,2,Strongly agree,5,24,24
P0798,Age,3,Agree,4,40,40
P0798,Age,4,Disagree,2,23,23
P0798,Age,5,Disagree,2,39,39
P0798,Age,6,Neither agree nor disagree,3,24,24
P0798,Age,7,Strongly agree,5,29,29
P0798,Age,8,Neither agree nor disagree,3,11,11
P0798,Age,9,Strongly agree,5,22,22
P0798,Age,10,Strongly agree,5,29,29
P0798,Age,11,Strongly agree,5,23,23
P0798,Age,12,Strongly agree,5,48,48
P0799,Age,1,Strongly agree,5,67,91
P0799,Age,2,Strongly agree,5,76,95
P0799,Age,3,Strongly agree,5,65,90
P0799,Age,4,Agree,4,33,64
P0799,Age,5,Agree,4,75,75
P0799,Age,6,Strongly agree,5,86,93
P0799,Age,7,Agree,4,60,8
P0799,Age,8,Neither agree nor disagree,3,10,4
P0799,Age,9,Disagree,2,42,7
P0799,Age,10,Agree,4,19,19
P0799,Age,11,Agree,4,90,40
P0799,Age,12,Strongly disagree,1,62,9
P0800,Individual,1,Strongly agree,5,96,100
P0800,Individual,2,Strongly agree,5,100,100
P0800,Individual,3,Strongly agree,5,96,96
P0800,Individual,4,Strongly agree,5,89,89
P0800,Individual,5,Strongly agree,5,70,70
P0800,Individual,6,Strongly agree,5,90,90
P0800,Individual,7,Strongly disagree,1,14,14
P0800,Individual,8,Strongly disagree,1,5,5
P0800,Individual,9,Strongly disagree,1,5,5
P0800,Individual,10,Neither agree nor disagree,3,36,36
P0800,Individual,11,Strongly disagree,1,6,6
P0800,Individual,12,Strongly disagree,1,5,5
P0801,Season,1,Strongly agree,5,95,95
P0801,Season,2,Strongly agree,5,94,94
P0801,Season,3,Strongly agree,5,89,89
P0801,Season,4,Strongly agree,5,42,51
P0801,Season,5,Strongly agree,5,37,64
P0801,Season,6,Strongly agree,5,81,87
P0801,Season,7,Strongly disagree,1,32,21
P0801,Season,8,Strongly disagree,1,15,10
P0801,Season,9,Strongly disagree,1,42,8
P0801,Season,10,Strongly disagree,1,38,16
P0801,Season,11,Strongly disagree,1,37,22
P0801,Season,12,Strongly disagree,1,22,15
P0802,Prestige,1,Strongly agree,5,61,82
P0802,Prestige,2,Strongly agree,5,84,90
P0802,Prestige,3,Strongly agree,5,58,79
P0802,Prestige,4,Disagree,2,59,59
P0802,Prestige,5,Agree,4,47,58
P0802,Prestige,6,Strongly agree,5,56,77
P0802,Prestige,7,Strongly disagree,1,32,25
P0802,Prestige,8,Strongly disagree,1,30,13
P0802,Prestige,9,Disagree,2,44,21
P0802,Prestige,10,Disagree,2,36,25
P0802,Prestige,11,Neither agree nor disagree,3,43,23
P0802,Prestige,12,Strongly disagree,1,39,20
P0803,Individual,1,Strongly agree,5,99,100
P0803,Individual,2,Neither agree nor disagree,3,43,43
P0803,Individual,3,Strongly agree,5,64,64
P0803,Individual,4,Neither agree nor disagree,3,36,36
P0803,Individual,5,Strongly agree,5,66,66
P0803,Individual,6,Strongly agree,5,77,77
P0803,Individual,7,Disagree,2,14,14
P0803,Individual,8,Strongly disagree,1,8,8
P0803,Individual,9,Strongly disagree,1,1,5
P0803,Individual,10,Strongly disagree,1,39,39
P0803,Individual,11,Neither agree nor disagree,3,45,45
P0803,Individual,12,Strongly disagree,1,8,8
P0804,Prestige,1,Strongly agree,5,93,93
P0804,Prestige,2,Strongly agree,5,100,100
P0804,Prestige,3,Agree,4,87,87
P0804,Prestige,4,Neither agree nor disagree,3,80,80
P0804,Prestige,5,Strongly agree,5,74,74
P0804,Prestige,6,Agree,4,84,84
P0804,Prestige,7,Disagree,2,71,71
P0804,Prestige,8,Disagree,2,4,4
P0804,Prestige,9,Strongly disagree,1,5,5
P0804,Prestige,10,Agree,4,70,70
P0804,Prestige,11,Neither agree nor disagree,3,84,84
P0804,Prestige,12,Neither agree nor disagree,3,51,51
P0805,Age,1,Strongly agree,5,57,57
P0805,Age,2,Strongly agree,5,65,65
P0805,Age,3,Strongly agree,5,65,85
P0805,Age,4,Strongly agree,5,38,48
P0805,Age,5,Strongly agree,5,43,64
P0805,Age,6,Strongly agree,5,39,39
P0805,Age,7,Disagree,2,32,28
P0805,Age,8,Strongly disagree,1,34,33
P0805,Age,9,Strongly disagree,1,33,30
P0805,Age,10,Neither agree nor disagree,3,39,39
P0805,Age,11,Neither agree nor disagree,3,58,37
P0805,Age,12,Strongly disagree,1,34,18
P0806,Season,1,Strongly agree,5,70,70
P0806,Season,2,Strongly agree,5,92,92
P0806,Season,3,Strongly agree,5,70,70
P0806,Season,4,Agree,4,65,65
P0806,Season,5,Agree,4,45,45
P0806,Season,6,Strongly agree,5,65,65
P0806,Season,7,Strongly disagree,1,40,25
P0806,Season,8,Strongly disagree,1,25,15
P0806,Season,9,Strongly disagree,1,33,27
P0806,Season,10,Strongly disagree,1,20,20
P0806,Season,11,Strongly disagree,1,35,35
P0806,Season,12,Strongly disagree,1,27,27
P0807,Conformity,1,Strongly agree,5,85,92
P0807,Conformity,2,Strongly agree,5,90,94
P0807,Conformity,3,Strongly agree,5,81,87
P0807,Conformity,4,Agree,4,20,50
P0807,Conformity,5,Agree,4,20,60
P0807,Conformity,6,Strongly agree,5,90,93
P0807,Conformity,7,Strongly disagree,1,30,15
P0807,Conformity,8,Strongly disagree,1,15,10
P0807,Conformity,9,Strongly disagree,1,10,7
P0807,Conformity,10,Strongly disagree,1,16,0
P0807,Conformity,11,Strongly disagree,1,20,16
P0807,Conformity,12,Strongly disagree,1,10,10
P0808,Individual,1,Strongly agree,5,80,80
P0808,Individual,2,Strongly agree,5,75,90
P0808,Individual,3,Agree,4,65,65
P0808,Individual,4,Disagree,2,35,28
P0808,Individual,5,Strongly agree,5,80,80
P0808,Individual,6,Strongly agree,5,75,95
P0808,Individual,7,Disagree,2,2,2
P0808,Individual,8,Strongly disagree,1,15,15
P0808,Individual,9,Neither agree nor disagree,3,35,35
P0808,Individual,10,Disagree,2,5,5
P0808,Individual,11,Disagree,2,55,57
P0808,Individual,12,Strongly disagree,1,10,7
P0809,Conformity,1,Strongly agree,5,100,93
P0809,Conformity,2,Strongly agree,5,100,96
P0809,Conformity,3,Strongly agree,5,100,91
P0809,Conformity,4,Strongly agree,5,100,60
P0809,Conformity,5,Strongly agree,5,100,71
P0809,Conformity,6,Strongly agree,5,100,95
P0809,Conformity,7,Disagree,2,17,10
P0809,Conformity,8,Strongly disagree,1,0,5
P0809,Conformity,9,Strongly disagree,1,0,3
P0809,Conformity,10,Neither agree nor disagree,3,97,15
P0809,Conformity,11,Strongly disagree,1,0,15
P0809,Conformity,12,Strongly disagree,1,0,8
P0810,Prestige,1,Strongly agree,5,80,80
P0810,Prestige,2,Strongly agree,5,90,90
P0810,Prestige,3,Strongly disagree,1,100,100
P0810,Prestige,4,Strongly agree,5,60,60
P0810,Prestige,5,Strongly agree,5,45,45
P0810,Prestige,6,Strongly agree,5,60,60
P0810,Prestige,7,Strongly disagree,1,50,50
P0810,Prestige,8,Strongly disagree,1,20,20
P0810,Prestige,9,Strongly disagree,1,60,60
P0810,Prestige,10,Neither agree nor disagree,3,66,66
P0810,Prestige,11,Disagree,2,80,80
P0810,Prestige,12,Strongly disagree,1,67,67
P0811,Individual,1,Agree,4,74,74
P0811,Individual,2,Strongly agree,5,100,100
P0811,Individual,3,Agree,4,50,50
P0811,Individual,4,Neither agree nor disagree,3,26,26
P0811,Individual,5,Disagree,2,5,5
P0811,Individual,6,Strongly agree,5,100,100
P0811,Individual,7,Strongly disagree,1,3,3
P0811,Individual,8,Strongly disagree,1,7,7
P0811,Individual,9,Strongly disagree,1,5,5
P0811,Individual,10,Strongly disagree,1,4,4
P0811,Individual,11,Agree,4,71,71
P0811,Individual,12,Strongly disagree,1,7,7
P0812,Age,1,Agree,4,75,80
P0812,Age,2,Strongly agree,5,100,100
P0812,Age,3,Strongly agree,5,80,85
P0812,Age,4,Strongly agree,5,60,60
P0812,Age,5,Agree,4,70,75
P0812,Age,6,Strongly agree,5,90,90
P0812,Age,7,Neither agree nor disagree,3,15,15
P0812,Age,8,Disagree,2,5,5
P0812,Age,9,Strongly disagree,1,30,5
P0812,Age,10,Disagree,2,39,25
P0812,Age,11,Agree,4,35,25
P0812,Age,12,Disagree,2,25,10
P0813,Season,1,Strongly agree,5,80,80
P0813,Season,2,Agree,4,97,97
P0813,Season,3,Disagree,2,90,90
P0813,Season,4,Disagree,2,85,85
P0813,Season,5,Neither agree nor disagree,3,85,85
P0813,Season,6,Agree,4,85,85
P0813,Season,7,Agree,4,20,20
P0813,Season,8,Disagree,2,15,15
P0813,Season,9,Disagree,2,15,15
P0813,Season,10,Neither agree nor disagree,3,25,25
P0813,Season,11,Strongly agree,5,25,25
P0813,Season,12,Agree,4,20,20
P0814,Season,1,Agree,4,86,86
P0814,Season,2,Strongly agree,5,90,90
P0814,Season,3,Agree,4,55,75
P0814,Season,4,Strongly disagree,1,50,50
P0814,Season,5,Strongly disagree,1,40,40
P0814,Season,6,Agree,4,90,90
P0814,Season,7,Agree,4,20,15
P0814,Season,8,Disagree,2,40,25
P0814,Season,9,Disagree,2,15,15
P0814,Season,10,Agree,4,50,50
P0814,Season,11,Strongly agree,5,45,45
P0814,Season,12,Agree,4,45,45
P0815,Age,1,Strongly agree,5,61,94
P0815,Age,2,Strongly agree,5,86,98
P0815,Age,3,Strongly agree,5,80,93
P0815,Age,4,Agree,4,62,62
P0815,Age,5,Strongly agree,5,75,75
P0815,Age,6,Strongly agree,5,74,95
P0815,Age,7,Strongly disagree,1,31,8
P0815,Age,8,Disagree,2,20,2
P0815,Age,9,Strongly disagree,1,33,3
P0815,Age,10,Neither agree nor disagree,3,21,16
P0815,Age,11,Disagree,2,37,13
P0815,Age,12,Disagree,2,37,5
P0816,Prestige,1,Agree,4,96,96
P0816,Prestige,2,Agree,4,82,82
P0816,Prestige,3,Neither agree nor disagree,3,93,93
P0816,Prestige,4,Neither agree nor disagree,3,41,41
P0816,Prestige,5,Neither agree nor disagree,3,58,58
P0816,Prestige,6,Neither agree nor disagree,3,70,70
P0816,Prestige,7,Agree,4,20,20
P0816,Prestige,8,Neither agree nor disagree,3,10,10
P0816,Prestige,9,Neither agree nor disagree,3,20,20
P0816,Prestige,10,Agree,4,34,34
P0816,Prestige,11,Neither agree nor disagree,3,51,51
P0816,Prestige,12,Neither agree nor disagree,3,19,19
P0817,Conformity,1,Strongly agree,5,97,97
P0817,Conformity,2,Strongly agree,5,95,95
P0817,Conformity,3,Agree,4,95,95
P0817,Conformity,4,Strongly disagree,1,45,45
P0817,Conformity,5,Disagree,2,70,70
P0817,Conformity,6,Strongly agree,5,90,90
P0817,Conformity,7,Strongly agree,5,40,40
P0817,Conformity,8,Agree,4,65,65
P0817,Conformity,9,Strongly agree,5,45,45
P0817,Conformity,10,Strongly agree,5,50,0
P0817,Conformity,11,Strongly agree,5,80,80
P0817,Conformity,12,Agree,4,70,70
P0818,Age,1,Strongly agree,5,60,80
P0818,Age,2,Strongly agree,5,65,90
P0818,Age,3,Strongly agree,5,55,85
P0818,Age,4,Strongly agree,5,10,25
P0818,Age,5,Strongly agree,5,30,30
P0818,Age,6,Strongly agree,5,65,65
P0818,Age,7,Strongly disagree,1,50,50
P0818,Age,8,Strongly disagree,1,20,20
P0818,Age,9,Strongly disagree,1,50,30
P0818,Age,10,Strongly disagree,1,40,40
P0818,Age,11,Strongly disagree,1,80,80
P0818,Age,12,Strongly disagree,1,40,25
P0819,Conformity,1,Strongly agree,5,51,51
P0819,Conformity,2,Strongly agree,5,52,90
P0819,Conformity,3,Disagree,2,50,50
P0819,Conformity,4,Disagree,2,50,50
P0819,Conformity,5,Neither agree nor disagree,3,52,52
P0819,Conformity,6,Strongly agree,5,49,87
P0819,Conformity,7,Strongly disagree,1,52,6
P0819,Conformity,8,Disagree,2,54,15
P0819,Conformity,9,Disagree,2,50,50
P0819,Conformity,10,Neither agree nor disagree,3,49,0
P0819,Conformity,11,Neither agree nor disagree,3,50,50
P0819,Conformity,12,Strongly disagree,1,48,48
P0820,Season,1,Strongly agree,5,94,94
P0820,Season,2,Strongly agree,5,99,97
P0820,Season,3,Strongly agree,5,83,91
P0820,Season,4,Strongly agree,5,52,60
P0820,Season,5,Strongly agree,5,80,75
P0820,Season,6,Strongly agree,5,89,95
P0820,Season,7,Strongly disagree,1,31,13
P0820,Season,8,Strongly disagree,1,5,5
P0820,Season,9,Strongly disagree,1,14,3
P0820,Season,10,Strongly disagree,1,35,15
P0820,Season,11,Strongly disagree,1,39,15
P0820,Season,12,Strongly disagree,1,21,9
P0821,Prestige,1,Strongly agree,5,88,88
P0821,Prestige,2,Strongly agree,5,94,94
P0821,Prestige,3,Strongly agree,5,73,73
P0821,Prestige,4,Strongly agree,5,82,50
P0821,Prestige,5,Strongly agree,5,54,54
P0821,Prestige,6,Strongly agree,5,43,85
P0821,Prestige,7,Strongly disagree,1,55,35
P0821,Prestige,8,Strongly disagree,1,39,10
P0821,Prestige,9,Strongly disagree,1,62,25
P0821,Prestige,10,Disagree,2,63,63
P0821,Prestige,11,Strongly disagree,1,49,24
P0821,Prestige,12,Strongly disagree,1,62,15
P0822,Prestige,1,Strongly agree,5,93,93
P0822,Prestige,2,Agree,4,80,80
P0822,Prestige,3,Strongly agree,5,80,85
P0822,Prestige,4,Neither agree nor disagree,3,47,55
P0822,Prestige,5,Neither agree nor disagree,3,40,40
P0822,Prestige,6,Strongly agree,5,72,72
P0822,Prestige,7,Strongly disagree,1,48,40
P0822,Prestige,8,Strongly disagree,1,38,38
P0822,Prestige,9,Strongly disagree,1,35,30
P0822,Prestige,10,Disagree,2,55,55
P0822,Prestige,11,Disagree,2,75,60
P0822,Prestige,12,Disagree,2,52,52
P0823,Individual,1,Strongly agree,5,51,50
P0823,Individual,2,Strongly agree,5,86,90
P0823,Individual,3,Strongly agree,5,82,78
P0823,Individual,4,Agree,4,30,35
P0823,Individual,5,Agree,4,51,65
P0823,Individual,6,Strongly agree,5,75,80
P0823,Individual,7,Strongly disagree,1,30,25
P0823,Individual,8,Strongly disagree,1,15,15
P0823,Individual,9,Strongly disagree,1,18,15
P0823,Individual,10,Disagree,2,39,35
P0823,Individual,11,Strongly disagree,1,45,35
P0823,Individual,12,Strongly disagree,1,30,25
P0824,Age,1,Strongly agree,5,90,90
P0824,Age,2,Strongly agree,5,95,98
P0824,Age,3,Strongly agree,5,51,97
P0824,Age,4,Agree,4,60,70
P0824,Age,5,Strongly agree,5,81,76
P0824,Age,6,Strongly agree,5,40,97
P0824,Age,7,Strongly disagree,1,50,5
P0824,Age,8,Strongly disagree,1,15,4
P0824,Age,9,Strongly disagree,1,65,1
P0824,Age,10,Strongly disagree,1,55,12
P0824,Age,11,Strongly disagree,1,41,10
P0824,Age,12,Strongly disagree,1,37,4
P0825,Conformity,1,Strongly agree,5,97,96
P0825,Conformity,2,Strongly agree,5,95,95
P0825,Conformity,3,Strongly agree,5,90,90
P0825,Conformity,4,Strongly agree,5,88,70
P0825,Conformity,5,Strongly agree,5,90,80
P0825,Conformity,6,Strongly agree,5,90,93
P0825,Conformity,7,Strongly disagree,1,10,10
P0825,Conformity,8,Strongly disagree,1,5,5
P0825,Conformity,9,Strongly disagree,1,15,5
P0825,Conformity,10,Strongly disagree,1,12,0
P0825,Conformity,11,Strongly disagree,1,10,12
P0825,Conformity,12,Strongly disagree,1,17,12
P0826,Individual,1,Strongly agree,5,60,60
P0826,Individual,2,Strongly agree,5,77,77
P0826,Individual,3,Strongly agree,5,65,65
P0826,Individual,4,Strongly agree,5,62,62
P0826,Individual,5,Strongly agree,5,73,73
P0826,Individual,6,Strongly agree,5,46,46
P0826,Individual,7,Disagree,2,41,41
P0826,Individual,8,Neither agree nor disagree,3,50,50
P0826,Individual,9,Strongly disagree,1,32,32
P0826,Individual,10,Disagree,2,52,53
P0826,Individual,11,Disagree,2,40,40
P0826,Individual,12,Strongly disagree,1,70,70
P0827,Season,1,Agree,4,84,88
P0827,Season,2,Strongly agree,5,97,97
P0827,Season,3,Strongly agree,5,77,85
P0827,Season,4,Disagree,2,71,71
P0827,Season,5,Neither agree nor disagree,3,61,65
P0827,Season,6,Agree,4,88,92
P0827,Season,7,Disagree,2,8,8
P0827,Season,8,Strongly disagree,1,5,5
P0827,Season,9,Strongly disagree,1,23,10
P0827,Season,10,Disagree,2,12,12
P0827,Season,11,Disagree,2,5,7
P0827,Season,12,Disagree,2,5,5
P0828,Age,1,Strongly agree,5,40,93
P0828,Age,2,Strongly agree,5,53,96
P0828,Age,3,Strongly agree,5,40,91
P0828,Age,4,Strongly agree,5,40,60
P0828,Age,5,Strongly agree,5,70,71
P0828,Age,6,Strongly agree,5,34,95
P0828,Age,7,Neither agree nor disagree,3,55,10
P0828,Age,8,Strongly disagree,1,20,5
P0828,Age,9,Strongly disagree,1,66,3
P0828,Age,10,Agree,4,56,15
P0828,Age,11,Neither agree nor disagree,3,60,15
P0828,Age,12,Strongly disagree,1,50,8
P0829,Individual,1,Agree,4,61,100
P0829,Individual,2,Strongly agree,5,91,91
P0829,Individual,3,Strongly agree,5,80,80
P0829,Individual,4,Agree,4,65,65
P0829,Individual,5,Strongly agree,5,82,82
P0829,Individual,6,Strongly agree,5,79,79
P0829,Individual,7,Disagree,2,25,25
P0829,Individual,8,Strongly disagree,1,36,36
P0829,Individual,9,Disagree,2,23,23
P0829,Individual,10,Strongly disagree,1,34,34
P0829,Individual,11,Disagree,2,34,34
P0829,Individual,12,Strongly disagree,1,23,23
P0830,Prestige,1,Strongly agree,5,79,79
P0830,Prestige,2,Strongly agree,5,90,90
P0830,Prestige,3,Strongly agree,5,50,50
P0830,Prestige,4,Disagree,2,28,28
P0830,Prestige,5,Neither agree nor disagree,3,27,27
P0830,Prestige,6,Agree,4,61,61
P0830,Prestige,7,Disagree,2,62,62
P0830,Prestige,8,Strongly disagree,1,15,15
P0830,Prestige,9,Strongly disagree,1,88,88
P0830,Prestige,10,Neither agree nor disagree,3,47,47
P0830,Prestige,11,Disagree,2,33,33
P0830,Prestige,12,Strongly disagree,1,38,38
P0831,Season,1,Strongly agree,5,95,98
P0831,Season,2,Agree,4,80,98
P0831,Season,3,Strongly agree,5,80,94
P0831,Season,4,Strongly agree,5,40,55
P0831,Season,5,Strongly agree,5,70,78
P0831,Season,6,Strongly agree,5,75,98
P0831,Season,7,Strongly disagree,1,15,8
P0831,Season,8,Strongly disagree,1,25,3
P0831,Season,9,Strongly disagree,1,30,1
P0831,Season,10,Strongly disagree,1,25,12
P0831,Season,11,Disagree,2,35,10
P0831,Season,12,Strongly disagree,1,20,8
P0832,Conformity,1,Strongly agree,5,55,90
P0832,Conformity,2,Agree,4,90,95
P0832,Conformity,3,Strongly agree,5,85,88
P0832,Conformity,4,Neither agree nor disagree,3,60,60
P0832,Conformity,5,Agree,4,70,70
P0832,Conformity,6,Strongly agree,5,65,90
P0832,Conformity,7,Strongly disagree,1,30,15
P0832,Conformity,8,Strongly disagree,1,25,5
P0832,Conformity,9,Neither agree nor disagree,3,45,5
P0832,Conformity,10,Disagree,2,15,0
P0832,Conformity,11,Strongly disagree,1,35,15
P0832,Conformity,12,Neither agree nor disagree,3,40,10
P0833,Age,1,Strongly agree,5,86,86
P0833,Age,2,Strongly agree,5,70,89
P0833,Age,3,Strongly agree,5,68,80
P0833,Age,4,Neither agree nor disagree,3,43,47
P0833,Age,5,Agree,4,58,58
P0833,Age,6,Agree,4,64,80
P0833,Age,7,Disagree,2,35,16
P0833,Age,8,Disagree,2,52,23
P0833,Age,9,Disagree,2,39,21
P0833,Age,10,Disagree,2,34,26
P0833,Age,11,Disagree,2,46,33
P0833,Age,12,Disagree,2,34,23
P0834,Prestige,1,Strongly agree,5,80,83
P0834,Prestige,2,Strongly agree,5,82,88
P0834,Prestige,3,Strongly agree,5,70,82
P0834,Prestige,4,Agree,4,70,70
P0834,Prestige,5,Agree,4,68,68
P0834,Prestige,6,Strongly agree,5,72,85
P0834,Prestige,7,Disagree,2,17,13
P0834,Prestige,8,Disagree,2,42,19
P0834,Prestige,9,Disagree,2,31,19
P0834,Prestige,10,Disagree,2,29,24
P0834,Prestige,11,Neither agree nor disagree,3,42,28
P0834,Prestige,12,Strongly disagree,1,44,21
P0835,Individual,1,Strongly agree,5,75,100
P0835,Individual,2,Strongly agree,5,90,90
P0835,Individual,3,Strongly agree,5,85,85
P0835,Individual,4,Agree,4,70,70
P0835,Individual,5,Agree,4,50,50
P0835,Individual,6,Strongly agree,5,90,90
P0835,Individual,7,Strongly disagree,1,10,10
P0835,Individual,8,Disagree,2,20,20
P0835,Individual,9,Disagree,2,30,30
P0835,Individual,10,Disagree,2,45,45
P0835,Individual,11,Disagree,2,20,20
P0835,Individual,12,Strongly disagree,1,20,20
P0836,Conformity,1,Strongly agree,5,62,62
P0836,Conformity,2,Agree,4,84,84
P0836,Conformity,3,Agree,4,39,39
P0836,Conformity,4,Disagree,2,50,50
P0836,Conformity,5,Disagree,2,55,55
P0836,Conformity,6,Agree,4,60,60
P0836,Conformity,7,Neither agree nor disagree,3,45,45
P0836,Conformity,8,Disagree,2,30,30
P0836,Conformity,9,Disagree,2,37,37
P0836,Conformity,10,Neither agree nor disagree,3,45,0
P0836,Conformity,11,Disagree,2,46,46
P0836,Conformity,12,Disagree,2,36,36
P0837,Season,1,Strongly agree,5,98,98
P0837,Season,2,Strongly agree,5,92,92
P0837,Season,3,Strongly agree,5,98,98
P0837,Season,4,Agree,4,72,68
P0837,Season,5,Agree,4,65,65
P0837,Season,6,Strongly agree,5,90,90
P0837,Season,7,Neither agree nor disagree,3,12,12
P0837,Season,8,Disagree,2,13,13
P0837,Season,9,Disagree,2,48,28
P0837,Season,10,Disagree,2,18,18
P0837,Season,11,Disagree,2,30,22
P0837,Season,12,Disagree,2,35,28
P0838,Individual,1,Strongly agree,5,85,100
P0838,Individual,2,Strongly agree,5,90,90
P0838,Individual,3,Agree,4,80,80
P0838,Individual,4,Agree,4,42,42
P0838,Individual,5,Agree,4,60,60
P0838,Individual,6,Strongly agree,5,90,90
P0838,Individual,7,Neither agree nor disagree,3,48,48
P0838,Individual,8,Strongly disagree,1,7,12
P0838,Individual,9,Disagree,2,50,50
P0838,Individual,10,Disagree,2,25,25
P0838,Individual,11,Neither agree nor disagree,3,60,60
P0838,Individual,12,Strongly disagree,1,20,20
P0839,Prestige,1,Strongly agree,5,79,79
P0839,Prestige,2,Agree,4,88,88
P0839,Prestige,3,Agree,4,63,63
P0839,Prestige,4,Disagree,2,35,35
P0839,Prestige,5,Agree,4,58,58
P0839,Prestige,6,Agree,4,78,78
P0839,Prestige,7,Disagree,2,26,26
P0839,Prestige,8,Disagree,2,29,15
P0839,Prestige,9,Disagree,2,15,15
P0839,Prestige,10,Disagree,2,21,21
P0839,Prestige,11,Disagree,2,32,32
P0839,Prestige,12,Disagree,2,18,18
P0840,Age,1,Strongly agree,5,60,80
P0840,Age,2,Strongly agree,5,80,80
P0840,Age,3,Strongly agree,5,60,70
P0840,Age,4,Neither agree nor disagree,3,35,45
P0840,Age,5,Strongly agree,5,40,60
P0840,Age,6,Strongly agree,5,55,90
P0840,Age,7,Strongly disagree,1,30,25
P0840,Age,8,Strongly disagree,1,10,7
P0840,Age,9,Disagree,2,20,5
P0840,Age,10,Disagree,2,35,25
P0840,Age,11,Strongly disagree,1,55,20
P0840,Age,12,Strongly disagree,1,20,20
P0841,Conformity,1,Strongly agree,5,90,90
P0841,Conformity,2,Agree,4,60,80
P0841,Conformity,3,Strongly agree,5,90,90
P0841,Conformity,4,Disagree,2,30,40
P0841,Conformity,5,Disagree,2,30,50
P0841,Conformity,6,Strongly agree,5,30,90
P0841,Conformity,7,Disagree,2,40,20
P0841,Conformity,8,Disagree,2,30,20
P0841,Conformity,9,Disagree,2,40,10
P0841,Conformity,10,Disagree,2,40,30
P0841,Conformity,11,Disagree,2,30,30
P0841,Conformity,12,Strongly disagree,1,60,20
P0842,Season,1,Strongly agree,5,70,90
P0842,Season,2,Strongly agree,5,70,70
P0842,Season,3,Strongly agree,5,80,80
P0842,Season,4,Strongly agree,5,50,50
P0842,Season,5,Strongly agree,5,60,60
P0842,Season,6,Strongly agree,5,70,70
P0842,Season,7,Strongly disagree,1,25,25
P0842,Season,8,Strongly disagree,1,40,40
P0842,Season,9,Strongly disagree,1,50,10
P0842,Season,10,Strongly disagree,1,30,30
P0842,Season,11,Strongly disagree,1,30,30
P0842,Season,12,Strongly disagree,1,30,30
P0843,Conformity,1,Strongly agree,5,95,95
P0843,Conformity,2,Strongly agree,5,90,95
P0843,Conformity,3,Strongly agree,5,95,90
P0843,Conformity,4,Agree,4,80,60
P0843,Conformity,5,Agree,4,70,70
P0843,Conformity,6,Strongly agree,5,75,95
P0843,Conformity,7,Disagree,2,10,10
P0843,Conformity,8,Neither agree nor disagree,3,35,5
P0843,Conformity,9,Disagree,2,10,5
P0843,Conformity,10,Disagree,2,20,15
P0843,Conformity,11,Neither agree nor disagree,3,40,15
P0843,Conformity,12,Disagree,2,10,10
P0844,Season,1,Strongly agree,5,90,90
P0844,Season,2,Strongly agree,5,95,95
P0844,Season,3,Strongly agree,5,88,88
P0844,Season,4,Strongly agree,5,75,75
P0844,Season,5,Strongly agree,5,80,80
P0844,Season,6,Strongly agree,5,85,85
P0844,Season,7,Strongly disagree,1,10,10
P0844,Season,8,Strongly disagree,1,8,8
P0844,Season,9,Strongly disagree,1,15,15
P0844,Season,10,Strongly disagree,1,20,20
P0844,Season,11,Strongly disagree,1,10,10
P0844,Season,12,Strongly disagree,1,12,12
P0845,Individual,1,Strongly agree,5,100,100
P0845,Individual,2,Strongly agree,5,100,100
P0845,Individual,3,Strongly agree,5,100,100
P0845,Individual,4,Strongly agree,5,90,90
P0845,Individual,5,Neither agree nor disagree,3,10,10
P0845,Individual,6,Strongly agree,5,100,100
P0845,Individual,7,Neither agree nor disagree,3,10,10
P0845,Individual,8,Strongly disagree,1,0,0
P0845,Individual,9,Strongly disagree,1,98,98
P0845,Individual,10,Neither agree nor disagree,3,0,0
P0845,Individual,11,Neither agree nor disagree,3,10,10
P0845,Individual,12,Strongly disagree,1,10,10
P0846,Age,1,Agree,4,48,48
P0846,Age,2,Agree,4,77,77
P0846,Age,3,Agree,4,47,47
P0846,Age,4,Agree,4,80,80
P0846,Age,5,Agree,4,54,54
P0846,Age,6,Agree,4,55,55
P0846,Age,7,Agree,4,58,58
P0846,Age,8,Disagree,2,65,65
P0846,Age,9,Agree,4,45,45
P0846,Age,10,Agree,4,56,56
P0846,Age,11,Agree,4,75,75
P0846,Age,12,Agree,4,33,33
P0847,Prestige,1,Strongly agree,5,98,98
P0847,Prestige,2,Agree,4,30,90
P0847,Prestige,3,Agree,4,87,87
P0847,Prestige,4,Neither agree nor disagree,3,71,67
P0847,Prestige,5,Agree,4,76,76
P0847,Prestige,6,Agree,4,90,90
P0847,Prestige,7,Agree,4,84,12
P0847,Prestige,8,Disagree,2,45,10
P0847,Prestige,9,Neither agree nor disagree,3,64,11
P0847,Prestige,10,Neither agree nor disagree,3,56,15
P0847,Prestige,11,Neither agree nor disagree,3,75,17
P0847,Prestige,12,Disagree,2,65,11
P0848,Age,1,Strongly agree,5,55,70
P0848,Age,2,Strongly agree,5,87,87
P0848,Age,3,Strongly agree,5,85,85
P0848,Age,4,Agree,4,55,55
P0848,Age,5,Agree,4,65,65
P0848,Age,6,Strongly agree,5,68,80
P0848,Age,7,Strongly disagree,1,21,21
P0848,Age,8,Disagree,2,13,13
P0848,Age,9,Strongly disagree,1,43,30
P0848,Age,10,Disagree,2,13,13
P0848,Age,11,Disagree,2,50,50
P0848,Age,12,Strongly disagree,1,39,25
P0849,Individual,1,Disagree,2,76,100
P0849,Individual,2,Agree,4,90,90
P0849,Individual,3,Disagree,2,55,55
P0849,Individual,4,Strongly disagree,1,33,33
P0849,Individual,5,Disagree,2,62,62
P0849,Individual,6,Neither agree nor disagree,3,73,73
P0849,Individual,7,Disagree,2,19,19
P0849,Individual,8,Disagree,2,5,5
P0849,Individual,9,Neither agree nor disagree,3,14,14
P0849,Individual,10,Neither agree nor disagree,3,13,13
P0849,Individual,11,Agree,4,24,24
P0849,Individual,12,Agree,4,20,20
P0850,Prestige,1,Agree,4,85,85
P0850,Prestige,2,Agree,4,80,80
P0850,Prestige,3,Neither agree nor disagree,3,65,80
P0850,Prestige,4,Disagree,2,45,45
P0850,Prestige,5,Disagree,2,70,70
P0850,Prestige,6,Strongly agree,5,65,70
P0850,Prestige,7,Disagree,2,10,10
P0850,Prestige,8,Agree,4,40,40
P0850,Prestige,9,Disagree,2,25,20
P0850,Prestige,10,Strongly disagree,1,10,10
P0850,Prestige,11,Agree,4,35,35
P0850,Prestige,12,Strongly disagree,1,40,40
P0851,Conformity,1,Agree,4,65,65
P0851,Conformity,2,Strongly agree,5,89,89
P0851,Conformity,3,Neither agree nor disagree,3,69,69
P0851,Conformity,4,Agree,4,86,69
P0851,Conformity,5,Agree,4,83,83
P0851,Conformity,6,Neither agree nor disagree,3,29,29
P0851,Conformity,7,Disagree,2,18,18
P0851,Conformity,8,Disagree,2,14,14
P0851,Conformity,9,Strongly agree,5,38,16
P0851,Conformity,10,Neither agree nor disagree,3,51,0
P0851,Conformity,11,Agree,4,53,33
P0851,Conformity,12,Neither agree nor disagree,3,40,40
P0852,Season,1,Neither agree nor disagree,3,25,25
P0852,Season,2,Neither agree nor disagree,3,100,100
P0852,Season,3,Neither agree nor disagree,3,20,20
P0852,Season,4,Disagree,2,25,25
P0852,Season,5,Strongly agree,5,60,60
P0852,Season,6,Agree,4,80,80
P0852,Season,7,Neither agree nor disagree,3,15,15
P0852,Season,8,Neither agree nor disagree,3,10,10
P0852,Season,9,Agree,4,80,80
P0852,Season,10,Agree,4,40,40
P0852,Season,11,Neither agree nor disagree,3,80,80
P0852,Season,12,Neither agree nor disagree,3,50,50
P0853,Individual,1,Agree,4,91,100
P0853,Individual,2,Agree,4,97,97
P0853,Individual,3,Strongly agree,5,70,70
P0853,Individual,4,Strongly agree,5,30,30
P0853,Individual,5,Agree,4,80,80
P0853,Individual,6,Strongly agree,5,79,79
P0853,Individual,7,Neither agree nor disagree,3,30,30
P0853,Individual,8,Neither agree nor disagree,3,43,43
P0853,Individual,9,Disagree,2,13,13
P0853,Individual,10,Neither agree nor disagree,3,17,17
P0853,Individual,11,Neither agree nor disagree,3,74,74
P0853,Individual,12,Neither agree nor disagree,3,19,19
P0854,Season,1,Strongly agree,5,47,47
P0854,Season,2,Strongly agree,5,70,70
P0854,Season,3,Strongly agree,5,50,50
P0854,Season,4,Strongly agree,5,82,82
P0854,Season,5,Agree,4,69,69
P0854,Season,6,Strongly agree,5,65,65
P0854,Season,7,Strongly disagree,1,50,50
P0854,Season,8,Strongly disagree,1,28,28
P0854,Season,9,Strongly disagree,1,43,43
P0854,Season,10,Strongly disagree,1,50,50
P0854,Season,11,Strongly disagree,1,51,51
P0854,Season,12,Strongly disagree,1,45,45
P0855,Prestige,1,Strongly agree,5,65,80
P0855,Prestige,2,Strongly agree,5,95,95
P0855,Prestige,3,Strongly agree,5,95,95
P0855,Prestige,4,Strongly disagree,1,25,41
P0855,Prestige,5,Agree,4,60,60
P0855,Prestige,6,Strongly agree,5,75,86
P0855,Prestige,7,Disagree,2,25,25
P0855,Prestige,8,Disagree,2,35,10
P0855,Prestige,9,Strongly disagree,1,10,10
P0855,Prestige,10,Disagree,2,30,30
P0855,Prestige,11,Agree,4,70,50
P0855,Prestige,12,Strongly disagree,1,15,15
P0856,Conformity,1,Strongly agree,5,80,90
P0856,Conformity,2,Strongly agree,5,70,80
P0856,Conformity,3,Strongly agree,5,70,85
P0856,Conformity,4,Neither agree nor disagree,3,50,50
P0856,Conformity,5,Neither agree nor disagree,3,50,60
P0856,Conformity,6,Strongly agree,5,60,80
P0856,Conformity,7,Neither agree nor disagree,3,50,15
P0856,Conformity,8,Disagree,2,40,10
P0856,Conformity,9,Strongly disagree,1,30,20
P0856,Conformity,10,Agree,4,50,40
P0856,Conformity,11,Agree,4,70,50
P0856,Conformity,12,Strongly disagree,1,50,20
P0857,Age,1,Strongly agree,5,75,83
P0857,Age,2,Strongly agree,5,80,80
P0857,Age,3,Strongly agree,5,85,85
P0857,Age,4,Disagree,2,27,52
P0857,Age,5,Agree,4,20,40
P0857,Age,6,Strongly agree,5,65,85
P0857,Age,7,Disagree,2,25,18
P0857,Age,8,Strongly disagree,1,30,8
P0857,Age,9,Strongly disagree,1,10,10
P0857,Age,10,Neither agree nor disagree,3,35,25
P0857,Age,11,Disagree,2,45,30
P0857,Age,12,Strongly disagree,1,16,16
P0858,Age,1,Agree,4,76,76
P0858,Age,2,Strongly agree,5,89,89
P0858,Age,3,Strongly agree,5,98,98
P0858,Age,4,Agree,4,64,64
P0858,Age,5,Neither agree nor disagree,3,57,57
P0858,Age,6,Strongly agree,5,64,64
P0858,Age,7,Disagree,2,12,12
P0858,Age,8,Disagree,2,30,30
P0858,Age,9,Disagree,2,44,44
P0858,Age,10,Neither agree nor disagree,3,17,17
P0858,Age,11,Neither agree nor disagree,3,44,44
P0858,Age,12,Strongly disagree,1,7,7
P0859,Prestige,1,Strongly agree,5,13,86
P0859,Prestige,2,Strongly agree,5,85,85
P0859,Prestige,3,Strongly agree,5,36,70
P0859,Prestige,4,Strongly agree,5,15,40
P0859,Prestige,5,Agree,4,3,59
P0859,Prestige,6,Strongly agree,5,77,89
P0859,Prestige,7,Strongly disagree,1,11,11
P0859,Prestige,8,Strongly disagree,1,20,25
P0859,Prestige,9,Strongly disagree,1,16,5
P0859,Prestige,10,Strongly disagree,1,42,22
P0859,Prestige,11,Strongly disagree,1,60,18
P0859,Prestige,12,Strongly disagree,1,23,15
P0860,Season,1,Strongly agree,5,95,95
P0860,Season,2,Strongly agree,5,95,95
P0860,Season,3,Agree,4,86,86
P0860,Season,4,Neither agree nor disagree,3,50,50
P0860,Season,5,Agree,4,75,75
P0860,Season,6,Agree,4,90,90
P0860,Season,7,Agree,4,30,30
P0860,Season,8,Disagree,2,8,8
P0860,Season,9,Disagree,2,20,20
P0860,Season,10,Neither agree nor disagree,3,46,46
P0860,Season,11,Neither agree nor disagree,3,40,40
P0860,Season,12,Disagree,2,16,16
P0861,Individual,1,Strongly agree,5,100,90
P0861,Individual,2,Strongly agree,5,100,90
P0861,Individual,3,Strongly agree,5,100,80
P0861,Individual,4,Strongly agree,5,90,80
P0861,Individual,5,Strongly agree,5,64,50
P0861,Individual,6,Strongly agree,5,100,90
P0861,Individual,7,Strongly disagree,1,0,30
P0861,Individual,8,Neither agree nor disagree,3,8,20
P0861,Individual,9,Neither agree nor disagree,3,30,50
P0861,Individual,10,Disagree,2,5,30
P0861,Individual,11,Neither agree nor disagree,3,10,40
P0861,Individual,12,Disagree,2,20,30
P0862,Conformity,1,Agree,4,96,96
P0862,Conformity,2,Agree,4,93,96
P0862,Conformity,3,Agree,4,82,91
P0862,Conformity,4,Agree,4,75,60
P0862,Conformity,5,Agree,4,78,71
P0862,Conformity,6,Agree,4,83,83
P0862,Conformity,7,Neither agree nor disagree,3,34,34
P0862,Conformity,8,Neither agree nor disagree,3,28,5
P0862,Conformity,9,Disagree,2,26,3
P0862,Conformity,10,Neither agree nor disagree,3,63,15
P0862,Conformity,11,Neither agree nor disagree,3,45,45
P0862,Conformity,12,Neither agree nor disagree,3,25,8
P0863,Conformity,1,Neither agree nor disagree,3,50,50
P0863,Conformity,2,Neither agree nor disagree,3,50,50
P0863,Conformity,3,Neither agree nor disagree,3,50,50
P0863,Conformity,4,Neither agree nor disagree,3,50,50
P0863,Conformity,5,Neither agree nor disagree,3,50,50
P0863,Conformity,6,Neither agree nor disagree,3,50,50
P0863,Conformity,7,Neither agree nor disagree,3,50,50
P0863,Conformity,8,Neither agree nor disagree,3,50,50
P0863,Conformity,9,Neither agree nor disagree,3,50,50
P0863,Conformity,10,Neither agree nor disagree,3,50,0
P0863,Conformity,11,Neither agree nor disagree,3,50,50
P0863,Conformity,12,Neither agree nor disagree,3,50,50
P0864,Season,1,Agree,4,43,43
P0864,Season,2,Strongly agree,5,85,85
P0864,Season,3,Neither agree nor disagree,3,60,60
P0864,Season,4,Disagree,2,20,20
P0864,Season,5,Agree,4,60,60
P0864,Season,6,Agree,4,81,81
P0864,Season,7,Neither agree nor disagree,3,51,51
P0864,Season,8,Strongly disagree,1,10,10
P0864,Season,9,Disagree,2,35,35
P0864,Season,10,Neither agree nor disagree,3,45,45
P0864,Season,11,Agree,4,70,70
P0864,Season,12,Disagree,2,29,29
P0865,Age,1,Strongly agree,5,98,95
P0865,Age,2,Agree,4,85,95
P0865,Age,3,Neither agree nor disagree,3,70,88
P0865,Age,4,Agree,4,80,80
P0865,Age,5,Agree,4,77,77
P0865,Age,6,Agree,4,80,85
P0865,Age,7,Disagree,2,25,15
P0865,Age,8,Disagree,2,30,12
P0865,Age,9,Disagree,2,35,5
P0865,Age,10,Disagree,2,30,20
P0865,Age,11,Agree,4,55,20
P0865,Age,12,Neither agree nor disagree,3,65,18
P0866,Individual,1,Strongly agree,5,99,100
P0866,Individual,2,Strongly agree,5,97,97
P0866,Individual,3,Strongly agree,5,99,99
P0866,Individual,4,Strongly agree,5,70,70
P0866,Individual,5,Strongly agree,5,68,68
P0866,Individual,6,Strongly agree,5,98,98
P0866,Individual,7,Strongly disagree,1,10,10
P0866,Individual,8,Strongly disagree,1,5,5
P0866,Individual,9,Strongly disagree,1,7,7
P0866,Individual,10,Disagree,2,25,25
P0866,Individual,11,Strongly disagree,1,30,30
P0866,Individual,12,Strongly disagree,1,2,2
P0867,Prestige,1,Strongly agree,5,90,92
P0867,Prestige,2,Strongly agree,5,92,94
P0867,Prestige,3,Strongly agree,5,96,93
P0867,Prestige,4,Strongly agree,5,50,55
P0867,Prestige,5,Strongly agree,5,70,70
P0867,Prestige,6,Strongly agree,5,72,80
P0867,Prestige,7,Strongly disagree,1,31,25
P0867,Prestige,8,Strongly disagree,1,45,25
P0867,Prestige,9,Strongly disagree,1,12,11
P0867,Prestige,10,Strongly disagree,1,14,20
P0867,Prestige,11,Strongly disagree,1,41,30
P0867,Prestige,12,Strongly disagree,1,38,12
P0868,Season,1,Strongly agree,5,67,80
P0868,Season,2,Strongly agree,5,89,89
P0868,Season,3,Strongly agree,5,76,76
P0868,Season,4,Strongly agree,5,86,86
P0868,Season,5,Strongly agree,5,81,81
P0868,Season,6,Strongly agree,5,76,78
P0868,Season,7,Disagree,2,35,27
P0868,Season,8,Strongly disagree,1,9,9
P0868,Season,9,Strongly disagree,1,50,18
P0868,Season,10,Disagree,2,26,26
P0868,Season,11,Disagree,2,25,25
P0868,Season,12,Strongly disagree,1,40,21
P0869,Prestige,1,Strongly agree,5,100,93
P0869,Prestige,2,Strongly agree,5,90,96
P0869,Prestige,3,Neither agree nor disagree,3,50,91
P0869,Prestige,4,Neither agree nor disagree,3,50,60
P0869,Prestige,5,Strongly agree,5,100,71
P0869,Prestige,6,Neither agree nor disagree,3,80,95
P0869,Prestige,7,Neither agree nor disagree,3,2,10
P0869,Prestige,8,Neither agree nor disagree,3,10,5
P0869,Prestige,9,Disagree,2,20,3
P0869,Prestige,10,Neither agree nor disagree,3,10,15
P0869,Prestige,11,Neither agree nor disagree,3,50,15
P0869,Prestige,12,Neither agree nor disagree,3,5,8
P0870,Individual,1,Strongly disagree,1,60,60
P0870,Individual,2,Strongly disagree,1,60,60
P0870,Individual,3,Strongly disagree,1,45,45
P0870,Individual,4,Strongly disagree,1,30,30
P0870,Individual,5,Strongly disagree,1,31,31
P0870,Individual,6,Strongly disagree,1,22,22
P0870,Individual,7,Neither agree nor disagree,3,9,9
P0870,Individual,8,Strongly agree,5,13,13
P0870,Individual,9,Agree,4,20,20
P0870,Individual,10,Strongly agree,5,23,23
P0870,Individual,11,Strongly agree,5,20,20
P0870,Individual,12,Strongly agree,5,28,28
P0871,Conformity,1,Strongly agree,5,52,94
P0871,Conformity,2,Strongly agree,5,80,84
P0871,Conformity,3,Strongly agree,5,64,75
P0871,Conformity,4,Agree,4,34,49
P0871,Conformity,5,Agree,4,18,64
P0871,Conformity,6,Strongly agree,5,32,72
P0871,Conformity,7,Neither agree nor disagree,3,39,21
P0871,Conformity,8,Strongly disagree,1,22,12
P0871,Conformity,9,Disagree,2,52,14
P0871,Conformity,10,Disagree,2,54,10
P0871,Conformity,11,Neither agree nor disagree,3,22,22
P0871,Conformity,12,Strongly disagree,1,36,18
P0872,Individual,1,Strongly agree,5,87,100
P0872,Individual,2,Strongly agree,5,96,96
P0872,Individual,3,Strongly agree,5,90,90
P0872,Individual,4,Agree,4,62,62
P0872,Individual,5,Strongly agree,5,77,77
P0872,Individual,6,Strongly agree,5,79,79
P0872,Individual,7,Disagree,2,45,45
P0872,Individual,8,Strongly disagree,1,25,25
P0872,Individual,9,Disagree,2,20,20
P0872,Individual,10,Disagree,2,56,56
P0872,Individual,11,Disagree,2,45,45
P0872,Individual,12,Strongly disagree,1,36,36
P0873,Age,1,Strongly agree,5,91,93
P0873,Age,2,Strongly agree,5,90,96
P0873,Age,3,Strongly agree,5,79,91
P0873,Age,4,Strongly agree,5,46,60
P0873,Age,5,Strongly agree,5,77,71
P0873,Age,6,Strongly agree,5,84,95
P0873,Age,7,Strongly disagree,1,9,10
P0873,Age,8,Strongly disagree,1,48,5
P0873,Age,9,Disagree,2,78,3
P0873,Age,10,Disagree,2,15,15
P0873,Age,11,Strongly disagree,1,18,15
P0873,Age,12,Strongly disagree,1,11,8
P0874,Prestige,1,Strongly agree,5,100,100
P0874,Prestige,2,Strongly agree,5,100,100
P0874,Prestige,3,Strongly agree,5,100,100
P0874,Prestige,4,Disagree,2,56,56
P0874,Prestige,5,Neither agree nor disagree,3,10,10
P0874,Prestige,6,Strongly agree,5,100,100
P0874,Prestige,7,Neither agree nor disagree,3,0,0
P0874,Prestige,8,Strongly disagree,1,0,0
P0874,Prestige,9,Strongly disagree,1,0,0
P0874,Prestige,10,Neither agree nor disagree,3,30,30
P0874,Prestige,11,Strongly disagree,1,20,20
P0874,Prestige,12,Strongly disagree,1,0,0
P0875,Conformity,1,Agree,4,70,80
P0875,Conformity,2,Agree,4,64,82
P0875,Conformity,3,Agree,4,45,61
P0875,Conformity,4,Neither agree nor disagree,3,56,56
P0875,Conformity,5,Agree,4,42,67
P0875,Conformity,6,Neither agree nor disagree,3,64,73
P0875,Conformity,7,Disagree,2,40,22
P0875,Conformity,8,Disagree,2,50,39
P0875,Conformity,9,Disagree,2,56,38
P0875,Conformity,10,Disagree,2,57,17
P0875,Conformity,11,Neither agree nor disagree,3,24,24
P0875,Conformity,12,Agree,4,52,38
P0876,Age,1,Strongly agree,5,92,92
P0876,Age,2,Strongly agree,5,97,97
P0876,Age,3,Strongly agree,5,86,88
P0876,Age,4,Strongly disagree,1,28,56
P0876,Age,5,Agree,4,81,76
P0876,Age,6,Strongly agree,5,91,91
P0876,Age,7,Strongly disagree,1,28,20
P0876,Age,8,Neither agree nor disagree,3,50,36
P0876,Age,9,Strongly disagree,1,6,6
P0876,Age,10,Neither agree nor disagree,3,37,24
P0876,Age,11,Agree,4,69,40
P0876,Age,12,Disagree,2,21,12
P0877,Season,1,Agree,4,91,91
P0877,Season,2,Agree,4,42,81
P0877,Season,3,Strongly agree,5,75,81
P0877,Season,4,Disagree,2,50,54
P0877,Season,5,Neither agree nor disagree,3,61,75
P0877,Season,6,Agree,4,61,87
P0877,Season,7,Agree,4,38,14
P0877,Season,8,Neither agree nor disagree,3,62,53
P0877,Season,9,Disagree,2,24,12
P0877,Season,10,Agree,4,70,52
P0877,Season,11,Agree,4,84,38
P0877,Season,12,Disagree,2,25,14
P0878,Conformity,1,Strongly agree,5,95,95
P0878,Conformity,2,Agree,4,81,81
P0878,Conformity,3,Strongly agree,5,94,94
P0878,Conformity,4,Disagree,2,72,72
P0878,Conformity,5,Strongly disagree,1,41,41
P0878,Conformity,6,Strongly agree,5,70,70
P0878,Conformity,7,Strongly disagree,1,20,20
P0878,Conformity,8,Agree,4,42,42
P0878,Conformity,9,Strongly disagree,1,11,11
P0878,Conformity,10,Strongly disagree,1,9,0
P0878,Conformity,11,Agree,4,62,62
P0878,Conformity,12,Strongly disagree,1,10,10
P0879,Prestige,1,Strongly agree,5,93,93
P0879,Prestige,2,Strongly agree,5,90,92
P0879,Prestige,3,Strongly agree,5,91,91
P0879,Prestige,4,Strongly agree,5,76,74
P0879,Prestige,5,Strongly agree,5,83,83
P0879,Prestige,6,Strongly agree,5,85,88
P0879,Prestige,7,Strongly disagree,1,8,8
P0879,Prestige,8,Strongly disagree,1,6,6
P0879,Prestige,9,Strongly disagree,1,6,6
P0879,Prestige,10,Strongly disagree,1,8,10
P0879,Prestige,11,Strongly disagree,1,8,8
P0879,Prestige,12,Strongly disagree,1,12,12
P0880,Individual,1,Disagree,2,40,100
P0880,Individual,2,Strongly agree,5,95,95
P0880,Individual,3,Disagree,2,30,30
P0880,Individual,4,Disagree,2,35,35
P0880,Individual,5,Disagree,2,40,40
P0880,Individual,6,Agree,4,70,70
P0880,Individual,7,Agree,4,50,50
P0880,Individual,8,Disagree,2,1,1
P0880,Individual,9,Disagree,2,20,20
P0880,Individual,10,Agree,4,65,65
P0880,Individual,11,Strongly agree,5,65,65
P0880,Individual,12,Disagree,2,25,25
P0881,Season,1,Strongly agree,5,95,95
P0881,Season,2,Strongly agree,5,73,85
P0881,Season,3,Strongly agree,5,84,84
P0881,Season,4,Strongly agree,5,38,51
P0881,Season,5,Agree,4,12,78
P0881,Season,6,Strongly agree,5,87,87
P0881,Season,7,Strongly disagree,1,63,54
P0881,Season,8,Strongly disagree,1,14,14
P0881,Season,9,Strongly disagree,1,56,26
P0881,Season,10,Disagree,2,59,48
P0881,Season,11,Neither agree nor disagree,3,17,17
P0881,Season,12,Strongly disagree,1,62,62
P0882,Age,1,Strongly agree,5,82,90
P0882,Age,2,Strongly agree,5,83,91
P0882,Age,3,Strongly agree,5,93,93
P0882,Age,4,Agree,4,35,63
P0882,Age,5,Neither agree nor disagree,3,61,75
P0882,Age,6,Agree,4,75,89
P0882,Age,7,Disagree,2,40,12
P0882,Age,8,Neither agree nor disagree,3,25,3
P0882,Age,9,Disagree,2,61,4
P0882,Age,10,Disagree,2,52,15
P0882,Age,11,Neither agree nor disagree,3,76,18
P0882,Age,12,Strongly disagree,1,36,10
P0883,Age,1,Strongly agree,5,75,95
P0883,Age,2,Strongly agree,5,70,98
P0883,Age,3,Strongly agree,5,70,95
P0883,Age,4,Agree,4,45,65
P0883,Age,5,Agree,4,30,77
P0883,Age,6,Strongly agree,5,65,97
P0883,Age,7,Strongly disagree,1,45,15
P0883,Age,8,Disagree,2,30,10
P0883,Age,9,Disagree,2,60,7
P0883,Age,10,Neither agree nor disagree,3,45,20
P0883,Age,11,Disagree,2,65,20
P0883,Age,12,Strongly disagree,1,60,20
P0884,Conformity,1,Agree,4,54,54
P0884,Conformity,2,Agree,4,22,22
P0884,Conformity,3,Neither agree nor disagree,3,54,54
P0884,Conformity,4,Disagree,2,54,54
P0884,Conformity,5,Neither agree nor disagree,3,38,40
P0884,Conformity,6,Neither agree nor disagree,3,50,50
P0884,Conformity,7,Agree,4,40,40
P0884,Conformity,8,Neither agree nor disagree,3,46,46
P0884,Conformity,9,Agree,4,1,1
P0884,Conformity,10,Agree,4,62,0
P0884,Conformity,11,Neither agree nor disagree,3,49,49
P0884,Conformity,12,Disagree,2,57,57
P0885,Season,1,Agree,4,58,58
P0885,Season,2,Neither agree nor disagree,3,56,56
P0885,Season,3,Agree,4,60,60
P0885,Season,4,Disagree,2,59,59
P0885,Season,5,Neither agree nor disagree,3,52,52
P0885,Season,6,Agree,4,59,59
P0885,Season,7,Agree,4,59,59
P0885,Season,8,Neither agree nor disagree,3,61,61
P0885,Season,9,Agree,4,61,61
P0885,Season,10,Agree,4,42,42
P0885,Season,11,Agree,4,52,52
P0885,Season,12,Agree,4,62,62
P0886,Prestige,1,Strongly agree,5,95,95
P0886,Prestige,2,Agree,4,69,86
P0886,Prestige,3,Strongly agree,5,98,98
P0886,Prestige,4,Agree,4,86,81
P0886,Prestige,5,Agree,4,89,89
P0886,Prestige,6,Agree,4,84,84
P0886,Prestige,7,Agree,4,62,43
P0886,Prestige,8,Strongly agree,5,73,75
P0886,Prestige,9,Disagree,2,97,92
P0886,Prestige,10,Strongly agree,5,84,67
P0886,Prestige,11,Strongly agree,5,83,53
P0886,Prestige,12,Disagree,2,33,33
P0887,Individual,1,Strongly agree,5,75,100
P0887,Individual,2,Strongly agree,5,85,85
P0887,Individual,3,Strongly agree,5,90,90
P0887,Individual,4,Disagree,2,50,50
P0887,Individual,5,Strongly agree,5,75,75
P0887,Individual,6,Strongly agree,5,60,60
P0887,Individual,7,Disagree,2,40,40
P0887,Individual,8,Disagree,2,40,40
P0887,Individual,9,Disagree,2,45,45
P0887,Individual,10,Disagree,2,30,30
P0887,Individual,11,Agree,4,80,80
P0887,Individual,12,Strongly disagree,1,25,25
P0888,Season,1,Strongly agree,5,70,70
P0888,Season,2,Strongly agree,5,70,70
P0888,Season,3,Strongly agree,5,75,75
P0888,Season,4,Neither agree nor disagree,3,30,30
P0888,Season,5,Agree,4,50,50
P0888,Season,6,Strongly agree,5,80,80
P0888,Season,7,Disagree,2,40,40
P0888,Season,8,Disagree,2,55,55
P0888,Season,9,Disagree,2,60,60
P0888,Season,10,Neither agree nor disagree,3,60,60
P0888,Season,11,Neither agree nor disagree,3,65,65
P0888,Season,12,Strongly disagree,1,50,50
P0889,Age,1,Strongly agree,5,70,98
P0889,Age,2,Strongly agree,5,81,98
P0889,Age,3,Strongly agree,5,62,90
P0889,Age,4,Strongly agree,5,69,69
P0889,Age,5,Agree,4,74,74
P0889,Age,6,Strongly agree,5,71,85
P0889,Age,7,Neither agree nor disagree,3,34,5
P0889,Age,8,Neither agree nor disagree,3,40,5
P0889,Age,9,Disagree,2,41,7
P0889,Age,10,Neither agree nor disagree,3,38,19
P0889,Age,11,Neither agree nor disagree,3,50,20
P0889,Age,12,Disagree,2,40,10
P0890,Individual,1,Agree,4,66,100
P0890,Individual,2,Agree,4,60,60
P0890,Individual,3,Strongly agree,5,60,60
P0890,Individual,4,Agree,4,51,51
P0890,Individual,5,Agree,4,55,55
P0890,Individual,6,Strongly agree,5,40,40
P0890,Individual,7,Disagree,2,25,25
P0890,Individual,8,Disagree,2,30,30
P0890,Individual,9,Disagree,2,20,20
P0890,Individual,10,Disagree,2,36,36
P0890,Individual,11,Disagree,2,50,50
P0890,Individual,12,Strongly disagree,1,35,35
P0891,Conformity,1,Strongly agree,5,85,86
P0891,Conformity,2,Agree,4,90,90
P0891,Conformity,3,Strongly agree,5,80,80
P0891,Conformity,4,Disagree,2,40,40
P0891,Conformity,5,Agree,4,60,60
P0891,Conformity,6,Agree,4,60,60
P0891,Conformity,7,Disagree,2,20,20
P0891,Conformity,8,Disagree,2,10,10
P0891,Conformity,9,Disagree,2,50,50
P0891,Conformity,10,Disagree,2,35,0
P0891,Conformity,11,Disagree,2,30,30
P0891,Conformity,12,Disagree,2,47,47
P0892,Prestige,1,Agree,4,88,92
P0892,Prestige,2,Strongly agree,5,95,95
P0892,Prestige,3,Agree,4,85,85
P0892,Prestige,4,Disagree,2,31,45
P0892,Prestige,5,Strongly disagree,1,1,66
P0892,Prestige,6,Agree,4,92,92
P0892,Prestige,7,Agree,4,17,10
P0892,Prestige,8,Strongly disagree,1,3,3
P0892,Prestige,9,Strongly disagree,1,4,4
P0892,Prestige,10,Agree,4,23,16
P0892,Prestige,11,Strongly agree,5,73,22
P0892,Prestige,12,Strongly disagree,1,7,7
P0893,Season,1,Agree,4,95,95
P0893,Season,2,Agree,4,75,94
P0893,Season,3,Agree,4,90,90
P0893,Season,4,Disagree,2,14,48
P0893,Season,5,Agree,4,75,75
P0893,Season,6,Agree,4,85,90
P0893,Season,7,Disagree,2,35,12
P0893,Season,8,Disagree,2,30,11
P0893,Season,9,Neither agree nor disagree,3,46,10
P0893,Season,10,Disagree,2,40,25
P0893,Season,11,Disagree,2,45,19
P0893,Season,12,Disagree,2,20,12
P0894,Age,1,Strongly agree,5,95,95
P0894,Age,2,Agree,4,95,95
P0894,Age,3,Strongly agree,5,80,90
P0894,Age,4,Strongly agree,5,80,75
P0894,Age,5,Agree,4,75,75
P0894,Age,6,Agree,4,90,95
P0894,Age,7,Disagree,2,40,15
P0894,Age,8,Strongly disagree,1,30,15
P0894,Age,9,Strongly disagree,1,10,10
P0894,Age,10,Disagree,2,35,10
P0894,Age,11,Disagree,2,50,20
P0894,Age,12,Strongly disagree,1,40,10
P0895,Conformity,1,Strongly agree,5,89,89
P0895,Conformity,2,Strongly agree,5,86,86
P0895,Conformity,3,Strongly agree,5,69,69
P0895,Conformity,4,Strongly disagree,1,16,16
P0895,Conformity,5,Strongly disagree,1,30,30
P0895,Conformity,6,Strongly agree,5,90,90
P0895,Conformity,7,Strongly agree,5,66,66
P0895,Conformity,8,Neither agree nor disagree,3,52,52
P0895,Conformity,9,Neither agree nor disagree,3,74,74
P0895,Conformity,10,Strongly agree,5,53,0
P0895,Conformity,11,Strongly agree,5,79,79
P0895,Conformity,12,Strongly disagree,1,19,19
P0896,Prestige,1,Strongly agree,5,98,98
P0896,Prestige,2,Strongly agree,5,96,96
P0896,Prestige,3,Agree,4,91,91
P0896,Prestige,4,Disagree,2,21,21
P0896,Prestige,5,Agree,4,72,72
P0896,Prestige,6,Strongly agree,5,96,96
P0896,Prestige,7,Agree,4,61,61
P0896,Prestige,8,Strongly disagree,1,20,20
P0896,Prestige,9,Neither agree nor disagree,3,46,30
P0896,Prestige,10,Strongly agree,5,57,57
P0896,Prestige,11,Neither agree nor disagree,3,39,39
P0896,Prestige,12,Disagree,2,38,38
P0897,Individual,1,Strongly agree,5,45,100
P0897,Individual,2,Strongly agree,5,82,82
P0897,Individual,3,Strongly agree,5,61,61
P0897,Individual,4,Agree,4,50,50
P0897,Individual,5,Strongly agree,5,60,60
P0897,Individual,6,Strongly agree,5,65,65
P0897,Individual,7,Strongly disagree,1,25,25
P0897,Individual,8,Strongly disagree,1,10,10
P0897,Individual,9,Strongly disagree,1,10,15
P0897,Individual,10,Strongly disagree,1,30,30
P0897,Individual,11,Strongly disagree,1,25,30
P0897,Individual,12,Strongly disagree,1,30,30
P0898,Conformity,1,Strongly agree,5,91,91
P0898,Conformity,2,Strongly agree,5,88,95
P0898,Conformity,3,Strongly agree,5,74,86
P0898,Conformity,4,Strongly agree,5,66,66
P0898,Conformity,5,Strongly agree,5,50,65
P0898,Conformity,6,Strongly agree,5,86,86
P0898,Conformity,7,Strongly disagree,1,37,25
P0898,Conformity,8,Strongly disagree,1,21,21
P0898,Conformity,9,Strongly disagree,1,20,14
P0898,Conformity,10,Strongly disagree,1,42,25
P0898,Conformity,11,Strongly disagree,1,65,30
P0898,Conformity,12,Strongly disagree,1,38,25
P0899,Season,1,Strongly agree,5,55,87
P0899,Season,2,Strongly agree,5,90,95
P0899,Season,3,Agree,4,65,87
P0899,Season,4,Agree,4,42,50
P0899,Season,5,Agree,4,68,68
P0899,Season,6,Strongly agree,5,85,90
P0899,Season,7,Disagree,2,25,13
P0899,Season,8,Disagree,2,32,5
P0899,Season,9,Strongly disagree,1,46,10
P0899,Season,10,Disagree,2,19,19
P0899,Season,11,Neither agree nor disagree,3,44,30
P0899,Season,12,Strongly disagree,1,40,15
P0900,Individual,1,Strongly agree,5,95,100
P0900,Individual,2,Strongly agree,5,96,96
P0900,Individual,3,Strongly agree,5,83,83
P0900,Individual,4,Agree,4,79,79
P0900,Individual,5,Strongly agree,5,70,70
P0900,Individual,6,Strongly agree,5,80,80
P0900,Individual,7,Disagree,2,31,31
P0900,Individual,8,Strongly disagree,1,20,20
P0900,Individual,9,Strongly disagree,1,30,30
P0900,Individual,10,Disagree,2,31,31
P0900,Individual,11,Neither agree nor disagree,3,50,50
P0900,Individual,12,Strongly disagree,1,35,35
P0901,Prestige,1,Strongly agree,5,95,95
P0901,Prestige,2,Strongly agree,5,95,95
P0901,Prestige,3,Strongly agree,5,95,95
P0901,Prestige,4,Strongly agree,5,80,80
P0901,Prestige,5,Strongly agree,5,80,80
P0901,Prestige,6,Strongly agree,5,80,80
P0901,Prestige,7,Strongly disagree,1,20,20
P0901,Prestige,8,Strongly disagree,1,25,25
P0901,Prestige,9,Strongly disagree,1,10,10
P0901,Prestige,10,Strongly disagree,1,25,25
P0901,Prestige,11,Strongly disagree,1,20,20
P0901,Prestige,12,Strongly disagree,1,10,10
P0902,Age,1,Strongly agree,5,50,50
P0902,Age,2,Strongly agree,5,95,95
P0902,Age,3,Strongly agree,5,65,65
P0902,Age,4,Neither agree nor disagree,3,50,50
P0902,Age,5,Strongly agree,5,70,70
P0902,Age,6,Strongly agree,5,80,80
P0902,Age,7,Strongly disagree,1,10,10
P0902,Age,8,Disagree,2,40,40
P0902,Age,9,Strongly disagree,1,15,15
P0902,Age,10,Strongly disagree,1,30,30
P0902,Age,11,Neither agree nor disagree,3,40,40
P0902,Age,12,Strongly disagree,1,10,10
P0903,Individual,1,Strongly agree,5,95,100
P0903,Individual,2,Agree,4,90,90
P0903,Individual,3,Agree,4,90,90
P0903,Individual,4,Neither agree nor disagree,3,75,75
P0903,Individual,5,Neither agree nor disagree,3,60,70
P0903,Individual,6,Strongly agree,5,81,81
P0903,Individual,7,Neither agree nor disagree,3,31,31
P0903,Individual,8,Disagree,2,35,35
P0903,Individual,9,Disagree,2,5,10
P0903,Individual,10,Neither agree nor disagree,3,35,35
P0903,Individual,11,Neither agree nor disagree,3,56,56
P0903,Individual,12,Neither agree nor disagree,3,25,25