Participant ID,Condition,Response,Coder 1,Coder 2,Consensus
P0001,Season,I tried to look at the Guesses of other participants and adjust my guest to theirs. I tried to think of why my guest may or may not be wrong,4,1,4
P0002,Individual,I saw no reason to revise anything as my opinions remained the same as they were 2 minutes ago.,I1,I1,I1
P0003,Conformity,I feel like the responses given of other participants are not really reflective of the curent state in the US. People say the right thing without really believing it.,C2,C2,C2
P0004,Season,I think my initial gut reaction is better then overthinking it,3,3,3
P0005,Individual,I did not choose to revise estimates.  I just went with my first gut decision.,3,3,3
P0006,Season,I revised based on what the other estimate was and changed it based on the fact that their are 3 more seasons,6,4,6
P0007,Age,I changed my estimate to move towards the provided estimate only when my estimate seems considerably far from the provided estimate.,2,2,2
P0008,Individual,I took an extra minute to think about one of the responses and after taking more time to think about it I decided to revise it.,4,4,4
P0009,Prestige,I tended to believe the guidance and revised based on that. ,7,1,E2
P0010,Prestige,I feel confident in my estimates and won't be swayed by others. ,4,3,3
P0011,Conformity,"If I was close enough, I left it as is.  If I was way off, I bridged the gap most of the way to the common response.",2,2,2
P0012,Age,"I feel the generation under 40 is more liberal than those over 40, so I adjusted accordingly.",A1,A1,A1
P0013,Conformity,"The responses showed that I'm more pessimistic about my fellow Americans than others are. I changed some when there was a massive discrepancy, but I just don't have the confidence in others. Trump being elected twice has convinced me that I can't trust other people in this country.",5,5,5
P0014,Prestige,I felt that they may be more knowledgeable on certain things than me. ,E2,E2,E2
P0015,Age,"I felt pretty confident with my answers, so I decided to keep them.",3,3,3
P0016,Conformity,If the estimate was fairly close to my original I kept it as is. If it was dramatically off I adjusted it based on that. ,2,2,2
P0017,Prestige,I was confident in my original assessments. ,3,3,3
P0018,Season,Because it was close enough to others and I saw no reason to change it,2,7,2
P0019,Conformity,There were a couple of instances where I felt like perhaps I had overestimated the number of persons who responded in a particular way. I honestly tend to be rather cynical when it comes to guessing to what degree some persons hold sexists views.,5,5,5
P0020,Individual,I kept my original estimate because I am confident that my estimates are accurate.,3,3,3
P0021,Individual,i like my answers and decided to stick with them,3,7,3
P0022,Prestige,I want to keep my original estimate. I could fine tune it but it would take more effort than I want to give to it. I am satisfied with my estimates,3,7,3
P0023,Individual,I chose to keep my answers because I based them on what women want and what men think.   I think that is the fairest assesment.,3,7,3
P0024,Age,I felt like I should change if my number was way off the number given ,2,2,2
P0025,Individual,"I tried to make reasonable estimates initially, thinking about what percentage of US citizens are conservative (about half) and also sexist (maybe 50-60% of that group). No need to second guess myself - I gave it my best shot. No revisions.",3,5,5
P0026,Age,"When I was looking at what the people age 40 and above believe, it made me rethink some of my answer and want to correct them because of being unsure. But I feel I was really ""in the ballpark"" for most of my answers.",4,4,4
P0027,Conformity,I chose to revise some of my answers because they were way off. ,2,2,2
P0028,Prestige,"I did revise some of them I was unsure about but never in agreement with what I was shown exactly, but I felt doubt considering the percentage offered as advice, although I knew it may be deceptive, it still had an influence on me.",E1,3,E1
P0029,Prestige,sounds good to me,7,7,7
P0030,Conformity,I was assuming that the average Trump voter would have somewhat misogynistic attitudes about women. About 40 to 45% of people now approve of Trump so I was initially putting 40% on many of my answers. I revised them because your stated averages were a lot different.,5,5,5
P0031,Age,If I am guessing the estimate and a statement gives me the estimated percentage then of course I would change it.,1,4,1
P0032,Conformity,i changed some of them ,7,7,7
P0033,Season,I left them all the same because these are all educated guesses at best,E2,7,7
P0034,Conformity,To improve accuracy or maintain consistency in responses.,C1,7,C1
P0035,Age,I decided to keep most of my answers because I feel that my estimate was accurate. I revised a couple after considering them further. i also kept in mind the demographic of the group whose estimate was shown. ,3,3,3
P0036,Season,"I chose to revise my original estimates partly because the respondents do not accurately represent the country as a whole, and partly because my own idea of what others think may be incorrect.",S1,6,6
P0037,Season,"Maybe I am way off, I have been living for 25 years in Asia and now in the deep South around particularly warped conservative expat men and Americans although I am from Los Angeles and a liberal person. I don't know what to think anymore. I am also around a lot of older people, 60 to 80.  The things I hear them say on a regular basis infuriate me.",5,5,5
P0038,Individual,I kept my original responses because that's what I truly believe. As far as the estimates I also kept my original responses because I think there are some people that think about women way different than me.,3,7,3
P0039,Individual,I have heard plenty of arguments about women's rights over the years. My estimates pretty much reflect what I have heard.,3,7,7
P0040,Prestige,I analyzed the average responses to compare my estimates with others' perspectives and determined if making adjustments would enhance accuracy or better align with my beliefs.,1,7,7
P0041,Season,"Statistically, some of my responses seemed out of line with the percentages that were given in regards to ""liking summer"".  I may be wrong, but those are my answers.",3,7,7
P0042,Prestige,I changed my answers to better match what most people also answer.,1,1,1
P0043,Season,"I kept most estimations based on voting percentages nationwide,  but decided to revise one or two I had already been in conflict about.",7,7,7
P0044,Age,To make sure the information is correct and easy to understand.,7,7,7
P0045,Season,I did guess work nothing much,7,7,7
P0046,Conformity,I felt that they would know better than me.,C1,7,C1
P0047,Individual,I kept my original estimate to stay consistent and provide an accurate reflection of my beliefs.,3,7,3
P0048,Age,Because a may have over or underestimated,1,7,7
P0049,Prestige,"I decided to revise some of my original estimates because I believe that I made some of them based on emotions rather than reason at first, and besides, it is wise to make corrections.",4,7,4
P0050,Season,Because the response is correct,3,7,7
P0051,Age,Because to me it felt like it was the most obvious choice and most people would also choose that and I would consider myself as an average person.,1,3,3
P0052,Prestige,I felt fairly confident in my responses but adjusted a few after looking at some other responses.,3,3,3
P0053,Conformity,To have a better chance at winning the bonus.,7,7,7
P0054,Individual,"I wasn't provided with any evidence to suggest that my estimates were incorrect, so I didn't see any need to change the estimations I'd guessed about just moments prior. ",I1,I1,I1
P0055,Age,I chose to revise the estimates based on what I think people under 40 would think about these opinions.,6,A1,A1
P0056,Prestige,I didn't revise my answers as I don't know the estimates from all social categories,6,7,6
P0057,Individual,I revised one answer because I feel it would be a higher percentage.,4,7,4
P0058,Season,I kept my estimates the same. I felt the additional information given did not provide me enough data to warrant changes.,S1,S1,S1
P0059,Individual,I feel strongly on my answers hard to tell with out basic demographics of whose taking part. Different parts of the country believe in a different way ,3,I1,I1
P0060,Individual,I saw no reason to change my answers. ,7,7,7
P0061,Prestige,The new estimates were all fairly close to mine so I didn‚Äôt have to do a dramatic adjustment. I decided to try going a tiny bit closer to the new estimates because it just felt right.,2,1,2
P0062,Season,"In most cases I stood by what I said, because what you were giving me was averages given by people who like summer. Most people don't like summer because people hate heat, so these might not have been very accurate estimations when you figure in the people who like other seasons.",S1,S1,S1
P0063,Age,i realized that more people likely thought the same way and adjusted,1,7,7
P0064,Conformity,I believe the most common answers provided is an arbitrary test rather than accurate. It is better to keep my answers than assume any of those numbers are accurate.,C2,C2,C2
P0065,Prestige,I don't think graduate students somehow know more about life than I do,E1,E1,E1
P0066,Age,"I think that the 40+ demographic represents only a portion of the total responses, and I tried to imagine what the 40+ response percentage would look like with the under-40 responses factored in based on my understanding of attitudes in that age range.",6,6,6
P0067,Conformity,I wanted to get closer to the mean I think the crowd is usually right?,C1,C1,C1
P0068,Age,I take pride in being accuracy.,3,7,7
P0069,Season,I realized your sample probably skews toward highly educated and liberal people rather than representing the US as a whole.,7,6,6
P0070,Individual,I felt very confident in my answers so I chose not to revise them.,3,3,3
P0071,Conformity,Mostly because I wasn't sure how inaccurate my responses were so it's better to follow the crowd like with speed limits its better to go the speed of cars surrounding you rather than what the sign posts.,1,C1,C1
P0072,Prestige,I based it on whether the group of PHds would have a better idea of the answer or not. I suspect some of them don't have as much experience with right-wing jackasses as I do.,E1,E1,E1
P0073,Season,I took into account the opinions of the group. Most were reasonable and not too far off from mine.,2,7,2
P0074,Age,"If my answer seemed wildly off from the shown estimate, I adjusted accordingly.",2,2,2
P0075,Individual,I tough hard about t the first time and didn't need to change. ,7,7,7
P0076,Conformity,I revised the ones that were too far off from the average. But chose to keep the ones I felt strongly about. ,2,2,2
P0077,Age,I just added a little more so I was closer to the average.,2,1,1
P0078,Individual,I thought about my estimates before I answered and saw nothing to suggest I should revise them so I didn‚Äôt change them,I1,I1,I1
P0079,Individual,I seriously gave my best answers. Without any contrary evidence I saw no reason to change threm.,I1,I1,I1
P0080,Season,I don't correlate the love of summer with the opinions of gender roles.,S1,S1,S1
P0081,Season,I revised some to make them closer to the previous respondent's answers in case those figures were more accurate than mine.,1,1,1
P0082,Individual,I didnt move them other than the attention check because I thought it was the best options for the answers,7,7,7
P0083,Age,"I accepted your numbers as real for those over 40, and revised my numbers to be closer. I don't doubt your numbers, but I do think there is a lot more anti-women sentiment (even among women!) in this country that what your number are showing.",4,1,1
P0084,Season,"I figured that the average is more accurate because it is a larger sample size and I would think that there is an even distribution of people that like different seasons, so that should not matter much in and of itself.",S2,S2,S2
P0085,Individual,I kept my original estimate because I felt confident in my choices.,3,3,3
P0086,Individual,"Because it's honestly all a guess, because I have no real idea what others think, or what the demographic makeup of this study is. So I kept everything the same.",7,7,7
P0087,Age,I felt after rereading them that I needed to think of others not my thoughts.,4,7,4
P0088,Season,"I decided to change my estimate because knowing how others responded made me think again about what I first thought, so I could match the group better.I decided to change my estimate because knowing how others responded made me think again about what I first thought, so I could match the group better.",4,4,4
P0089,Conformity,"I realized that I'd answered the wrong question.  I thought I was supposed to answer ""what percentage of people would agree with MY estimate"" and it turns out I was supposed to answer ""what percentage of people would agree with the statement"".  So I adjusted my answers where necessary to be an answer to the correct question. ",7,4,7
P0090,Prestige, I wasn't that convinced about my original estimates. ,3,3,3
P0091,Prestige,I adjusted a wee bit to move closer to professional.  One answer I realized I read wrong.,E2,7,E2
P0092,Individual,I had more time to reflect on my answers.,4,4,4
P0093,Season,"Since my evaluation was what other people thought and not my own opinion, I revised about half of my answers that were far off of what they were said to have chosen last summer.",2,2,2
P0094,Individual,"I am satisfied with my original estimate, applying the first guess is the best guess approach.",3,7,3
P0095,Age,Because some of them were way off,2,2,2
P0096,Prestige,I think the people you asked were looking at it through the lens of political correctness. I think there are still a lot of people with patriarchal biases towards the world.,7,E1,E1
P0097,Prestige,I reread each question and revised some estimates and left some the same. I looked at how the graduate would answer and then looked at my response to see if I wanted to update it.,4,7,4
P0098,Conformity,Because I don't have confidence in most of my answers. I don't know how others think,3,3,3
P0099,Season,What does participants who like summer have to do with anything? Stupid survey. ,S1,S1,S1
P0100,Conformity,I revised some answers because I saw how others answered and felt that may be more accurate. ,C1,4,C1
P0101,Conformity,Because of the estimate that you provided,4,4,4
P0102,Age,Because I estimated what younger  than 40 would do based on over 40.,6,A1,A1
P0103,Season,I though people might not have as strong of an opinion than me,7,7,7
P0104,Conformity,I really only changed it if my guess was wildly different.,2,2,2
P0105,Individual,I felt confident in my estimates. ,3,3,3
P0106,Prestige,"At first I revised because I felt like ppl with degrees would know better. Then I remembered, I have a degree too. Plus, maybe the others who answered weren't accounting for all of the people from countries with archaic views about women. ",E1,6,6
P0107,Age,how close or far from the % was my estimate.,2,2,2
P0108,Individual,I made some minor adjustments to account for demographic groups that I am not that familiar with and whose views I would consider extreme but nevertheless should be included in any well reasoned estimate.,4,7,4
P0109,Prestige,changed my mind,7,7,7
P0110,Season,i chose to go with my gut feeling.,7,3,7
P0111,Season,Because I now had relative reference via those options chosen by those favoring Summer.,4,4,4
P0112,Prestige,I chose to keep most of my original answers because the suggested percentage shown was made up of professionals which I'm thinking are more educated.,E2,7,E2
P0113,Season,I kept all of my responses because they are what I believe.,3,7,3
P0114,Prestige,sometimes i was influenced by the crowds answers,1,1,1
P0115,Prestige,"I moved my responses a little closer to the responses by the graduate-degree people's.  My reasoning was that in general they are a pretty smart bunch, and anyway, they are part of the population, so they provide some direct info about how people respond.  But I also figured their responses would tend to be a little more liberal/progressive than the population as a whole.",E2,E2,E2
P0116,Conformity,"I found the provided ""others"" estimates interesting, but after the first one, I realized I had no idea if they were true, correct, or relevant to my opinion.",C2,7,C2
P0117,Individual,I was satisfied with my original answers.,3,7,3
P0118,Prestige,i decided to do it after i got a small sample size of who was answering questions,4,7,4
P0119,Prestige,"I know that those with advanced degrees are generally leftier than those without, so I adjusted accordingly.",E1,1,E1
P0120,Age,Some of the numbers I left the same but others I did adjust. Some of them did surprise me a bit so I adjusted them thinking how people my age may feel,6,1,6
P0121,Conformity,"I decided to revise because after seeing the percentages, I rethought my prediction answers.",4,4,4
P0122,Conformity,Because there is no way for certain for me to know that the 3rd section was accurate results or not.,7,7,7
P0123,Prestige,I thought about it and realized I should change it,4,4,4
P0124,Prestige,"I realize my view might not be the same as a wider group of people, so I thought it fair to move a little closer to the average.",1,1,1
P0125,Individual,I didn't change any of my responses. I'm going off of my first guess and trying not to second guess my choices.,7,3,7
P0126,Conformity,I was going by what I thought personally.,7,7,7
P0127,Season,I have some strong opinions regrading these topics and decided to keep them for the most part.,7,3,3
P0128,Individual,I chose to revise one estimate upon rereading the question. I kept most of my answer the same based on the number of participants and my estimates on how many people in comparable group would agree with the question. ,4,7,4
P0129,Conformity,Some of the questions i needed to rethink a little longer on because once I thought longer about it i changed my mind.  ,4,4,4
P0130,Conformity,"I was unsure of my estimates, so I used the information to refine my estimates to hopefully make them more accurate.",4,3,4
P0131,Conformity,i GUESS i WANTED THEM TO BE ACCURATE.,7,7,7
P0132,Conformity,"I felt like it was nice to get other perspectives and this was a decent way to get another temperature, so to speak. I tend to be pretty negative and pessimistic, and I wanted to make room for the fact that my dark worldview may warp my perception of reality.",5,5,5
P0133,Individual,"I choose to revise a few of my responses because after giving it even more thought, I wanted to be even more accurate with my choices. ",4,4,4
P0134,Season,"If it was within 10% or so of my answer, I chose to keep my estimate, but if the difference was greater than 20%, I figured my own thought may need to be shifted, so I adjusted the number",2,2,2
P0135,Age,"I revised 1 answer, I felt I rated it too high. This had nothing to do with the percentages from the 40 and over crowd. I learned in elementary school to not second guess my work. I would always change the answer and get it wrong. So I go with my first response in most circumstances. ",7,7,7
P0136,Individual,just on i revised a little bit.  ,7,7,7
P0137,Prestige,I think most of them were on point I only changed 1 because I thought it was off not really because of the other estimate.,2,7,2
P0138,Conformity,I understand that my estimates are based on my experience and my experiences may be limited by the fact that I lead an isolated lifestyle. ,7,7,7
P0139,Individual,I go with my initial judgement because I trust my judgement,3,3,3
P0140,Individual,I paid attention and went with my gut feeling the first time.,7,3,7
P0141,Conformity,revised based on new information,4,4,4
P0142,Age,"If the statistics show that my choices were wrong, why stay wrong. So I changed to match the statistics.",1,7,1
P0143,Individual,I put thought into my first estimates and believe them to be my best guess so I did not revise,3,7,7
P0144,Season,"I originally felt like about 30 percent of the population had radical views about women, but after looking at the statistics, I lowered it a bit. ",4,5,5
P0145,Age,"Most of my answers were close to the estimates shown by the group, but when I was off more than 10%, I moved my answer to closer to the group.  ",2,2,2
P0146,Season,I'm obviously from another generation at this point.  Really didn't understand some of the responses.  I have to be true to my beliefs so I didn't change anything.,7,7,7
P0147,Prestige,I thought it would better match everyone else's answers.,1,1,1
P0148,Season,I thought about if I was wrong,7,7,7
P0149,Individual,I kept my estimates the same. I was relatively confident in my responses. ,3,3,3
P0150,Age,The under 40 group would be a substantial portion of the respondents to the survey so it makes sense to revise given their answers.,6,6,6
P0151,Prestige,I believe that the estimate didn't reflect the whole picture. I believe that my estimates were mostly accurate.,3,6,6
P0152,Prestige,Because I figure there are probably a lot of others who would put the same answers.,1,7,1
P0153,Season,"I was generally in the ballpark but somewhat unsure how my answers compared to others. Because this is a study about what other people think, i adjusted my answers to move closer to the summer respondents but did not change so much that it contradicted my original thought. For the most part we were pretty close.",1,1,1
P0154,Age,I thought I may have been off but I was somewhat confident ,3,7,3
P0155,Individual,thought i should,7,7,7
P0156,Individual,"I'm not entirely sure, I just went with my gut.  I didn't see any need to change things up.",I1,7,7
P0157,Conformity,I revised if I was way off the average response. I adjusted just a little if it was close and in between the two values.,2,2,2
P0158,Individual,"One second thought, I just felt some of my numbers were a bit unfair, and I think on my second run-through, I tended to feel less harsh towards other people and more aligned with my own beliefs.",4,4,4
P0159,Season,"I chose to revise a few of my answers because when I originally answered them, I think I compensated too much for the portion of the population that is traditional and conservative. ",4,5,5
P0160,Individual,"I think there are going to be people who don't agree with my answers, so I chose accordingly, my best guess",7,7,7
P0161,Season,"I exclusively chose to adjust my slider estimates base off of how close they were to the other respondents' estimates. Because it was only the Summer-liking respondents, I tended to adjust my estimate only partially towards that of the previous respondents where I chose to do so.",2,2,2
P0162,Age,"Considering the average of those over 40, I changed my estimate on the probability that those under 40 might follow suite. ",6,6,6
P0163,Age,"I wasn't sure what you were really asking.. I mean I saw where it said this was the estimate ect.. and how it gave me the option to revise. However, I didn't understand if I was supposed to go ahead and change that or what and why I was given the option.. I'm actually 100% completely lost on that whole entire thing lol so that's why I kept my original answers the way they were because I didn't know if I was supposed to infer that somehow ",7,7,7
P0164,Season,Because that's how i felt ,7,7,7
P0165,Conformity,"For some of them, I thought I was correct. For others, I may not have thought the common estimate was totally correct, but I either increased or decreased to get closer to the common estimate.",C2,1,C2
P0166,Age,I revised to better reflect what might be shown on this particular survey. I'm not sure if 40 and above is different than the original premise of 18-64.  ?,4,7,4
P0167,Age,"Some of them my answer was very far apart from the average, so I moved those a little.",2,2,2
P0168,Season,"I saw, for the most part, the answers were less misogynistic than I predicted. I was pleasantly surprised and am hopeful that they are closer to the true average.",6,5,5
P0169,Prestige,I gave it a little more thought and took the wider perspective of the general population.,5,7,6
P0170,Age,"After re-reading the questions, I felt that some of my responses needing to be adjusted.",4,7,4
P0171,Individual,I kept my original answers because I thought long and hard on each one originally so I was pretty confident in my original answers.,3,3,3
P0172,Season,Based on the percentage was given from other respondenants for the same question,4,7,4
P0173,Age,I thought about the questions in more depth and revised some of my answers. Thank you.,4,7,4
P0174,Prestige,Seeing the results for people holding a graduate degree were about what I would have thought for most questions.  I did change a couple answers with the results provided.,4,7,4
P0175,Prestige,"Some of the estimates that were close to what the other professionals said, I kept the same.  For the ones that I was way off, I thought about it a little differently and decided to change it.",E2,2,2
P0176,Age,"Well, I felt the influence of group-think, especially when I saw my estimates to be way off on a couple of the questions. I think I showed less faith in fairness and humanity in my original estimates. I also started thinking about who would be the most likely individuals who are taking these surveys; maybe they are people more like me and it certainly swayed me.",1,5,1
P0177,Age,I chose to revise my estimates based on the number of people in the limited pool who believed something.,4,7,4
P0178,Season,"Because I think on a few of them I was really off by double digit percentage, and when I read the question again I might have been wrong about my original estimate on it.",4,2,2
P0179,Age,"I thought that participants were likely to base their estimates on their own views but overestimate how much their own views were shared by respondents in general, so I moved my estimates toward theirs but not all the way to their numbers.",4,4,4
P0180,Individual,I felt confident in all of my predictions so I kept them the same,3,3,3
P0181,Conformity,"Given our current political climate, I believe a lot of people are more open about their racism, misogyny.",6,7,7
P0182,Season,"because I am not very confident about my own answers, I would like to adjust my answers according to the new information provided. ",3,3,3
P0183,Conformity,I rethought some of my previous decisions and made adjustment accordingly. ,4,4,4
P0184,Individual,Because I am confident in my estimates.,3,3,3
P0185,Conformity,"I feel that I sometime, especially in the current political climate, underestimate the general population. Given additional data, I was persuaded to revise my estimates for a better chance at estimating correctly. The population taking this survey is likely a small segment of the overall population, so extrapolation seemed like a good idea. ",7,7,7
P0186,Individual,i choose to not revise because i am quite certain of my responses.,3,3,3
P0187,Age,"I adjusted some of the estimates to reflect the new data presented for consideration, also keeping in mind the respondents under 40 may have different views.",6,6,6
P0188,Individual,it gave me opportunity to rethink my answer,4,4,4
P0189,Age,"If the pool account for inputs of the people that where 40 and over, then the younger pool will vote more or less the same way.",6,6,6
P0190,Season,I revised some of them.,7,7,7
P0191,Conformity,"I usually chose to revise my answer if it was drastically different then the most common response, because I assumed that I misjudged.",2,2,2
P0192,Conformity,"I had so little confidence in my answers, so I decided to go with it and adjust the answers somewhat. I think the information could be false, but it also gave me some time to think.",3,3,3
P0193,Conformity,I revised because it more accurately reflected my own opinion but I thought a small subset would lean the other way. After reading the results of the other participants I still have faith in our humanity as it relates to others. ,5,5,5
P0194,Conformity,some of them I just was unsure about. I tend to think about the people who support trump when I answer questions like these.  Those people think narrow mindedly,6,6,6
P0195,Prestige,"On the few that my estimate was grossly different . . . I just gave the question more thought and decided to come ""closer"" to the other estimate, but not exactly. I'm not sure how accurate those percentages were that I saw . . . maybe it was a trick to see if we would revise. :-)",2,2,2
P0196,Age,"If my answer was way off from the group's number, I would sometimes change my number to be a little closer to that. If my number was similar or close to the average, I usually just left it as is.",2,2,2
P0197,Age,just went with my gut,7,7,7
P0198,Season,I thought twice about my responses after seeing the average by other participants,4,4,4
P0199,Season,"Even though the group is just the people that liked summer, it is still fairly representative of the group in total, so I felt I would be more accurate if I revised my answers so that they are closer to the summer group.  The choosing of a favorite season isn't related to one's political party or gender opinions.",S2,S2,S2
P0200,Prestige,I believe that a person with a graduate or professional degree potentially has a vastly different opinion on societal issues than the vast majority of everyone else.,E1,E1,E1
P0201,Season,If I was way off I figured it would be smarter to adjust closer to the score given,2,2,2
P0202,Season,Because after I reread some of the statements I changed my mind and felt like more people would be more opposed or for them. Some of my estimates seemed about right so I kept it the same,4,4,4
P0203,Conformity,"I usually like to take into consideration facts and information - and based on what was shared (avg response), I considered it and adjusted accordingly to be within a closer range from my original estimate. ",1,1,1
P0204,Prestige,I was basing my opinions on what I feel like the general public might think since they represent a lot of what survey takers are.  I revised a few after reading what professionals think since they have more experience with the data,E2,E2,E2
P0205,Prestige,"I felt I may have been initially more cynical regarding the average person and answered accordingly, so changed a few. ",5,5,5
P0206,Prestige,People with graduate degrees likely do not think like the general pool of respondents.,E1,E1,E1
P0207,Conformity,"Other people's estimates are probably a pretty good reflection of what they themselves think about the question, so if my estimates were substantially off from theirs, I adjusted my estimate to somewhere in between their estimate and my original estimate.",2,2,2
P0208,Conformity,just following teh norm,C1,1,1
P0209,Season,Many were close however a few were way off and after thinking more about it i decided to adjust slightly.  It still a guess however,2,2,2
P0210,Prestige,I reconsidered my thoughts when presented with bigger differences.,2,2,2
P0211,Individual,After reading them a second time and seeing my response on the screen it made me more confident in the ones and I didn't change and made me think more about the question on the ones I did change.,3,7,3
P0212,Conformity,i have my own believe and perspective,3,7,7
P0213,Prestige,My answers were just from me. one person. The others were  an aggregate of multiple people. ,6,6,6
P0214,Prestige,I went with my gut,7,7,7
P0215,Prestige,"I chose to revise my estimates so they could better reflect the general views shown in the averages, rather than just relying on my first guesses

",1,6,1
P0216,Individual,I revised the majority of my estimates after I re-read my previous estimates because the opportunity to actually see my original estimate allowed me to rethink my initial instinct. ,4,4,4
P0217,Age,"I thought the older group (thought I am in that group) would give answers in line with a more conservative viewpoint, but some I just went with instinct if I thought the answer was too high or low.",A1,A1,A1
P0218,Prestige,"In situations where I was way off from the graduate's estimates I tried to ""hedge my bets"" so to speak to align myself a bit more closer to what they estimated vs. what I estimated.",2,2,2
P0219,Conformity,"i felt like i was supposed to, that was the manipulation",7,7,7
P0220,Prestige,I decided to keep my original estimate because I believe my initial judgment accurately reflects my view and the general opinions I expected from others,3,7,3
P0221,Age,I chose to revise some estimate because I thought I might be wrong.,4,4,4
P0222,Age,I took into account the outlayer responses,6,6,6
P0223,Season,"Because even though people might be different in tastes (seasons), they still have similar decisions in general.",S2,S2,S2
P0224,Age,I kept my answers the same because several of them were exactly correct. I also kept them the same because they were my own opinions.,7,7,7
P0225,Conformity,"I changed only those who I wasn't completely confident about and considered the most popular answer to adjust mine, ",3,3,3
P0226,Individual,"I kept them, as I thought about each answer so was sure of the response",3,3,3
P0227,Prestige,For the most part I didn't think estimates of a particular subset of people would be better than my own estimates.  ,E1,E1,E1
P0228,Age,i based it off of the % of people 40 and over and how they answered and then i thought about the 40 and younger and answered based on that,6,6,6
P0229,Individual,After going over it in my mind my decision changed. ,4,4,4
P0230,Conformity,The estimates I was given gave me some perspective and at least something to go on. When I did my own estimates they were complete guesses.,4,4,4
P0231,Season,"I changed my answers to more reflect the percentage of individuals who chose summer as their favorite season. I was surprised how close my original answers were to the amount of individuals who chose summer as their favorite season. Going with my gut on this one, and hopefully it helped improve my answers.",1,1,1
P0232,Individual, Gender Roles and Social Attitudes,7,7,7
P0233,Conformity,I wanted to be more accurate.,7,7,7
P0234,Age,Because it will hurt people.,7,7,7
P0235,Season,I naturally think most people are horrible conservatives that think women are liars who deserve to be beaten and need to be controlled.,5,5,5
P0236,Age,I realized that people's view are different than I thought.,7,7,7
P0237,Prestige,,7,7,7
P0238,Season,"My values are so out of step with society. (I am deeply traditional and conservative.)  So, I thought it was suitable to adjust based on the average.",5,5,5
P0239,Individual,I choose to keep my original estimates because of gut feeling,7,7,7
P0240,Prestige,I had confidence in my answers and many were very close to the revisions. I did change a few but not to the exact number they had. ,3,3,3
P0241,Season,I kept the original estimates as the correlating data was not relevant to the estimates. I do not think the preferred seasons matters when estimating. ,S1,S1,S1
P0242,Age,After seeing some estimates I rethought my original but I always made sure to keep true to myself and not give into pressure.,4,4,4
P0243,Conformity,i wanted to go with my gut feeling and not be influenced,7,7,7
P0244,Age,"If they were close, like within a few percentage points I left them alone. If it was a big difference, I adjusted my estimates",2,2,2
P0245,Individual,"I decided to keep my original choices: i think it's like a multiple choice test, where your first gut instinct is probably correct and you're more likely to make a mistake if you change it and overthink it. I am certainly prone to overthinking in general and I also realize after the most recent election how out of step I am, I guess, with the average American, so without looking answers up, I don't think I'm going to come up with something better by mulling and mulling it",7,7,7
P0246,Individual,I felt I had made the right decisions already.,7,7,7
P0247,Conformity,"I kept them because other people were in the same boat and just guessing like I am, so it was not much extra insight. ",C2,C2,C2
P0248,Prestige,i chose to keep,7,7,7
P0249,Season,I tend to stick with my gut estimates as usually revising you end up second guessing yourself into a wrong answer.,7,7,7
P0250,Prestige,I decided to keep my original guesses because they were fairly close to the advised ones.,2,2,2
P0251,Age,I tried to bring my number closer to the +40 group but not exact. I still used my personal beliefs.,2,7,1
P0252,Individual,I decided to keep my estimates the same because i have no more information to go off of,I1,I1,I1
P0253,Season,I feel like the estimates given in the previous section were not based in fact based on what the current political climate looks like.,7,7,7
P0254,Season,I felt like my original choices were skewed in a certain direction so I adjusted accordingly. ,2,2,2
P0255,Individual,I didn't change my estimates. I believe they were accurate to begin with.,3,3,3
P0256,Season,It seemed like I was way off on the majority of my original estimates. I wanted to adjust them so they would align more closely with the other respondents. ,1,1,1
P0257,Individual,I kept my original estimates because I did not really have any new information presented to me to make me think otherwise.,I1,I1,I1
P0258,Prestige,I chose to keep most of my estimates untouched unless my decisions were way off from the graduates estimate; then I changed my estimates a little.,2,2,2
P0259,Age,"At first, I went with my gut guesses on what I thought the estimate was. Seeing how some were drastically different than I thought, I readjusted it to be in between the estimate and my first guess.",2,2,2
P0260,Age,I chose to revise the previous section because I was presented with new information that caused me to re-evaluate them.,4,4,4
P0261,Individual,I tried to just stick with my estimates as nothing about my opinion would change in 1 minute,7,7,7
P0262,Season,i kept my original estimate because i trust my instincts ,3,7,3
P0263,Season,I thought my answers may have been incorrect ,3,7,7
P0264,Individual,I revised some. I think some of them I was being too wishful.,7,7,7
P0265,Season,Because I was confident in my inital guesses.,3,3,3
P0266,Season,I see no point revising my estimate.,7,7,7
P0267,Conformity,I went off my gut feeling for my original estimates but I revised based on the majority opinion so that I would hopefully be more accurate.,C1,C1,C1
P0268,Conformity,I wanted to be more accurate. ,7,7,7
P0269,Individual,I think my first estimate is correct.,3,3,3
P0270,Individual,"After I thought about it, I feel like more men would be against women's independence, so I changed some of them.",4,4,4
P0271,Conformity,"The disparity may have been large, and I agree with the majority o n a second thought.",1,2,1
P0272,Age,"I took a look at what the other particpants chose and then tried to decide if that swayed my opinion. In some cases it did, in others it did not.",4,4,4
P0273,Individual,Because I want my answers to be as accurate as possible.,7,7,7
P0274,Prestige,I underestimated some percentages,2,7,7
P0275,Individual,"I just rethought the question and if I felt maybe a little different, I changed it slightly ",4,4,4
P0276,Prestige,if my answer was really different i would change it closer ,2,2,2
P0277,Prestige,"I chose to keep my original estimates because I am very confident that I am correct in all of them. It is simple, just think about what the majority of those in the population would think. ",3,3,3
P0278,Conformity,I wanted to be firm but fair.,7,7,7
P0279,Prestige,"Most of my answers I felt good about and I was fairly close to the estimate, one of them I felt like I originally answered too far from what I was thinking and I adjusted it.",2,2,2
P0280,Individual,"I choose to keep my original estimate. Without any true additional information, a revised estimate would just be another random guess.",I1,I1,I1
P0281,Prestige,I didn't I'm pretty confident in my estimates actually,3,3,3
P0282,Age,Because i adjust on new data.,4,4,4
P0283,Conformity,I felt some answers were way off,2,2,2
P0284,Prestige,i am confident in what I chose,3,3,3
P0285,Season,To have more changes to get the bonus in the end,7,7,7
P0286,Conformity,"I mean the other participants estimates matter, especially fi they are other survey takers. I know from my own grad school experience that survey takers online skew very strongly female, so I was trying to incorporate that into my estimate. I do hope that you share the true results with us -- not just for the bonus. I am genuinely curious! Thanks!",4,7,6
P0287,Season,"Having some sort of baseline figure to compare to, even if somewhat arbitrary (like having the same favorite season in common) makes you really want to try and adjust, especially if the figure you have is wildly different.",2,2,2
P0288,Age,"To try to get the best results based on what others answered. Some answers I was fairly close already, so I only changed the percentage very slightly",2,2,2
P0289,Individual,I put careful though into both my original answers and again when reviewing them.,4,4,4
P0290,Conformity,"I was honestly more pessimistic in my predictions (considering the current political environment seeming to be very anti-female).  When I saw the predictions that others had made, it made me think that perhaps I was being slightly too pessimistic in my estimate based on other people's beliefs.",5,5,5
P0291,Prestige,I changed the ones that had a huge difference vs mine. ,2,2,2
P0292,Individual,I kept them because they were my gut reactions,7,7,7
P0293,Conformity,"I definitely lean toward more liberal ideas, so in my initial estimates I toned down my opinion because I think most people are more conservative than I am. So when a common average for a statement was shown that is more progressive than my initial guess, that's when i was swayed to adjust some of my answers to more closely reflect my opinion",5,5,5
P0294,Season,"If I was way off I revised, if i was close I left it.",2,2,2
P0295,Age,I only revised it if it was extremely different since that age group is only a small sample size.,2,2,2
P0296,Conformity,"If I was way off, I chose to change it. If I was within a reasonable range, I would keep it the same. ",2,2,2
P0297,Season,"I don't see anyway seasons would correlate to the responses unless some study can demonstrate that to me, so I had no reason to change my responses.",S1,S1,S1
P0298,Age,I just wanted to be closer to the guess,2,7,1
P0299,Conformity,"The opinions I had when I made the original estimates were likely best representative of my thoughts, so I did not feel the need to revise them.",3,3,3
P0300,Individual,I felt very confident in my original estimates. I had no reason to change them,3,3,3
P0301,Conformity,I looked at the common estimate and I agree with most of them.,C1,C1,C1
P0302,Age,Depending on what the question was I adjusted it still based on what I thought other people would think by like 5% because if the information was accurate it would smart just to get an estimate of what other people thought.,1,7,7
P0303,Age,because the answers from the people age 40 and over would skew the average away from my original guess. ,2,7,6
P0304,Conformity,I felt that some were underestimating the amount of far left and far right answers that might be out in the real world.,2,2,2
P0305,Prestige,"I chose not to change any of my answers. Although I HOPE I'm wrong for most of my guesses, I live in a Trump-state, and I know many people here believe ignorant things, such as the things you asked about on the survey. Also, even some democrats (men) voted against Kamala simply because she's a woman, and they don't think women should hold a position of power. Therefore, I stick with my answers. (But again, I hope I'm wrong for the sake of humanity!)",7,7,7
P0306,Season,"Seeing the responses of 'those who liked summer' made me realize I was maybe being too pessimistic in my responses. I also thought that even though my responses were being compared to those who liked summer, I didn't think there would likely be too much disparity among those who chose the other seasons.",5,5,5
P0307,Prestige,I may have over or underestimated how some please think.,2,2,2
P0308,Age,"I kept my original answers because it seems like second guessing something I was already not very confident on would make me want to do it a third time, and fourth, etc. I figured sticking to it was best.",3,3,3
P0309,Prestige,"I wasn't too confident in my guesses. However, I also didn't want to change it completely to the offered percentages, as people with higher degrees may actually be more out of touch in some ways.",E1,E1,E1
P0310,Prestige,"I looked at what I had and felt that it was a bit off. It didn't have to do with the graduate / prof degree part, rather that i took a second look and made an adjustment.",2,4,2
P0311,Conformity,I stuck with my first guess because I trusted it.,3,3,3
P0312,Prestige,Some of my guesses were pretty far off so I thought I should move them closer to the average of what I saw.,2,2,2
P0313,Individual,I stood by my original answers because I had no new information to go off of.,I1,I1,I1
P0314,Conformity,I tried to split the difference on estimates that were far off to try to get closer to the bonus payment ,2,2,2
P0315,Conformity,"If I was unsure about my response and the gap was large between my choice and the provided estimates, I revised in that direction. Otherwise, I kept my answer if I was either confident or relatively close.",3,3,3
P0316,Season,"I looked for answers where my choice deviated far from the average. Regardless of how I felt, I chose to align more closely to that average thinking the group may be more aware or representative than just myself.",1,6,1
P0317,Age,Seeing other peoples opinion made me rethink my decision.,4,4,4
P0318,Season,I revised my answers when the estimates provided were far off from my original answers,2,2,2
P0319,Conformity,I chose to keep them the same because I am confident.,3,3,3
P0320,Individual,I had second thoughts about one that I wanted to line up better with my other estimates.,1,4,4
P0321,Age,I chose to keep my original estimate as it is my opinion on how people would answer. If everyone changed their answer the data would be skewed based on the average given. ,7,7,7
P0322,Conformity,"I felt like depending on the question and how others answered, I wanted to be closer to the average response of the study participants as well as my gut feeling. I felt like if I shifted my answers closer to the study participants, then I would have a better shot at getting the best average. ",C1,C1,C1
P0323,Prestige,I revised some to try and make them more accurate ,7,7,7
P0324,Season,"I assume I'm outside the normal demographic for a study like this, and I was mostly guessing.",7,7,7
P0325,Individual,"I was not presented any new or relevant information, so i kept my original estimates.",I1,I1,I1
P0326,Season,Because  i gave it a second thought and found more reasons to change my response,4,4,4
P0327,Individual,"While I'm very unsure how most people feel, I tried to reflect the way I have seen people across different demographics vote, which politicians or religions and media personalities with which ideologies are being supported, and my experience in dozens of military communities with thousands of men of various ages over the past 22 years. I would like to be wrong about several of these, and I hope I am.",3,7,7
P0328,Individual,I kept my original estimate because I was confident in my initial estimates.,3,3,3
P0329,Age,i was of by a lot on some of the questions so i decided to revise them.,2,2,2
P0330,Age,I made my answers based on how society would answer the questions I was given,7,7,7
P0331,Season,Because I felt quite confident in my estimates,3,3,3
P0332,Individual,I feel comfortable with the estimates I selected.,3,3,3
P0333,Age,"I misinterpreted many questions and now feel stupid because feel like some my original answers were giving sexist. I think it is because I do see some alt right talking points for ex, JD Vance does believe women should stay in DV marriages which is something that weighed in my mind. ",7,7,7
P0334,Individual,its based on my beliefs so i did not want to change my answers,3,3,3
P0335,Individual,I kept my original estimates because I am sure of my answers.,3,3,3
P0336,Prestige,I revised it because some of my estimates were a little off.,2,7,2
P0337,Prestige,based on the data presented ,4,4,4
P0338,Individual,"I'm genuinely unsure of my estimates, especially because I'm unsure of the demographic answering this survey.",3,3,3
P0339,Season,I am so very unsure of my responses that I tried to moderate them based on the responses shown (it felt like at least some guidance on topics I know little about).,3,3,3
P0340,Prestige,Because after looking at the other people estimates I felt I might have been a bit not as accurate.,1,7,7
P0341,Individual,Because I am truly confident in the estimates I made and that is how I truly feel and view the statements.,3,3,3
P0342,Individual,"I kept my original estimate the same for almost all of the asked questions, as I feel that the general population would also agree with my sentiment. I feel that I am representative of the average opinion pertaining to these issues.",3,7,3
P0343,Season,So that it was closer to what other people are putting.,1,1,1
P0344,Conformity,I chose to revise if there was more than a 20-point difference between percentages.,2,2,2
P0345,Season,sticking to my first guess,7,7,7
P0346,Season,My estimate still felt right for the most part,3,3,3
P0347,Season,I revised some of my answers based on the opinion of other participants because this assessment seemed legitimate and I value other's opinions.,4,7,1
P0348,Conformity,I was too unsure of my estimates to know if I should change. ,3,3,3
P0349,Age,Just rethinking compared to if I thought the other number was likely more accurate than mine or not.,4,4,4
P0350,Individual,Because I feel confident in my answers,3,3,3
P0351,Season,"Each time I was presented with the questions again, i thought more about how my response should change",4,4,4
P0352,Conformity,"I chose to revise because after thinking upon it further, I originally have thought more people would hold onto the nuclear family values.",5,4,4
P0353,Individual,I paid attention to the questions being asked and I was careful when answering.,7,7,7
P0354,Conformity,Started to have a different opinion based on consensus. ,7,7,7
P0355,Conformity,"I think I may tend to think the worst  of people sometimes, so I adjusted some answers to account for that bias. ",5,5,5
P0356,Season,I decided on to revise or keep it as I looked at the data provide to try and see if I was maybe too far one way or another in my answers.,2,2,2
P0357,Age,"I figured that half of the respondents (whose averages I get to see) would be generally close to the ""real"" average, with some variation from the unobserved younger crowd.",6,A1,A2
P0358,Conformity,I think the ones that I seemed to be far off of the estimate made me think that I needed to revisit my options and see how I was far off and how I can bring it closer. ,2,2,2
P0359,Individual,I revised one or two because I was skeptical about what people's opinions about those situations would really be.,7,7,7
P0360,Conformity,I revised because I was off by a lot and wanted to reflect more of the common values,1,2,1
P0361,Age,I revised because I was thinking the worst of people and the averages made me want to be most positive plus I just had no idea because my views feel isolated in my area and I am in an echo chamber online so 9,5,5,5
P0362,Age,I changed my answers when It was wildly off the estimates. I also perceive older people to be more liberal so I adjusted based on that.,A1,A1,A1
P0363,Conformity,I don't let others opinion change my world views.,7,7,7
P0364,Prestige,"Some of the numbers provided seemed like they were assuming that the population at large thinks like their cohort, which seems unlikely.  Americans writ large are *phenomenally* sexist, it's horrible.",E1,E1,E1
P0365,Prestige,It made me re-think and realize/understand the overall opinion. ,4,4,4
P0366,Age,I wanted to be more reflective of the data provided. ,1,1,1
P0367,Prestige,I choose to keep because the two estimates were almost similar.,2,2,2
P0368,Conformity,"I don't trust my own judgement, but also I don't believe the average estimates given, so I'm just really conflicted.",C2,C2,C2
P0369,Season,I was confident with some of my answers,3,3,3
P0370,Prestige,"The summaries shown were only from one demographic and I would imagine a smaller portion as well so I didn't move too many. Also, I feel like its all just guessing anyway so I might as well stick with me gut.",6,6,6
P0371,Age,"I think I usually have a tendency to overestimate. I will have an initial idea, but tend to go above that. I figured that it was safer to fall within the range that most people choose.",1,1,1
P0372,Age,"These averages are based on participants 40 years old or something. Younger participants may be more liberal with their opinions, or younger male participants may be more resentful towards women. ",A1,A1,A1
P0373,Prestige,"I kept my original estimate because I felt confident it already reflected my best judgment.
",3,3,3
P0374,Season,"mr krabs money money money. honestly, i had less faith in the general public, but this is sample size does not represent the general public or the people that i interact with on a daily basis. thanks for the survey",7,7,7
P0375,Individual,I kept my original responses because I tend to answer more accurately when I first response in survey/test questions. ,7,4,4
P0376,Season,I chose to revise a couple of my question because the other participant percentages made me think twice about my own answer,4,4,4
P0377,Age,"Honestly I figured more conservative respondents would have had very different answers than me, which would have shifted the scale - seeing the estimates you had provided though made me think such respondents were giving performative answers rather than honest ones, and I changed my own estimates to reflect this possibility.",7,7,7
P0378,Season,I chose to revise if my estimates were far from what others said. I moved the slider to more accurately match what others said.,2,2,2
P0379,Age,I wanted to revise my estimate because of the notation I came to that not all people think like I do,7,7,7
P0380,Individual,Because this is what I feel confident in my answers.,3,3,3
P0381,Age,Because I realized some of my estimations were somewhat far away from the estimate that was given. I just corrected them to be more realistic. ,2,2,2
P0382,Conformity,I went with my gut and how people I know would act,7,7,7
P0383,Season,"I chose to revise based on what the participant who liked ""summer"" because, we have different opinions and the true average should fall somewhere in between",4,4,4
P0384,Age,I felt that if my original estimation wasn't even close to what others have been predicting in a similar age bracket it made sense to rethink and adjust accordingly. ,2,4,2
P0385,Individual,I think more people think men and women believe that men and women should have the same profession.,7,7,7
P0386,Conformity,"When the average was far from own response, it made me reevaluate it, especially the ones I was initially unsure about. However, if I felt more strongly about a certaiin issue, then I just left my original guess.",2,2,2
P0387,Conformity,I revised some that I may have been on the fence on when I answered initially and thought the estimates may be closer to right.,3,3,3
P0388,Age,Some of my original estimates were way off from the averages we were given. I revised most of my answers to be more in line with the average responses.,1,1,1
P0389,Age,"My original estimates were informed by a more pessimistic viewpoint of potential respondents, and the new estimates felt more realistic.",5,5,5
P0390,Season,"I only revised the answer that I realized were drastically different than the ""other peoples"" opinions. ",2,2,2
P0391,Prestige,I revised it to align a bit more with the percentage provided while keeping in mind that people with graduate degrees are not representative of the general public and tend to have more progressive views. ,E1,E1,E1
P0392,Age,"Some of my answers were way off from the average, so I decided to change them to be closer to that average. The ones I kept the same I was fairly confident in.",2,2,2
P0393,Prestige,"I chose to revise my original estimate because it does make sense, I was pretty conservative in my estimates.",5,5,5
P0394,Prestige,I really only adjusted one in a significant way because I misread the negatives and flipped the percentages of what I meant to answer.  Aside from that I made some slight adjustments to move closer to the estimate but many of my responses were relatively close to the estimates of the other graduate level participants. ,7,7,7
P0395,Conformity,"I feel my percentages were more reflective of the general American population. Also, many of the most common listed slider selections were on the very ends of either side of the slider, and in studies it is rare to find that level of agreement even for the most preposterous of questions. ",7,C1,C2
P0396,Conformity,"I think I was more likely to revise when the most common estimate was very different from mine or if I felt particularly unfamiliar or unsure about the question. If my estimate was close to the common estimate or if I had a strong opinion, I kept my previous guess.",2,2,2
P0397,Individual,I felt like most people would share my values on gender equality. ,7,7,7
P0398,Season,"At first I assumed there would be about an equal separation of people who liked each season, but then I questioned that and though well maybe there are only 10 people out of 1000 who like summer so I went back and changed some of my answers to closer to my personal guess.",1,7,6
P0399,Prestige,"I thought that the professionals were educated and they would have more knowledge than my intuitive impressions. For most responses, I chose in between our answers.",E2,E2,E2
P0400,Conformity,I chose to redo the ones I was on the fence with. ,3,3,3
P0401,Individual,i chose to keep them the same because i didnt have additional information to amend them,I1,I1,I1
P0402,Season,Some of them I ended up feeling were too extreme,7,7,7
P0403,Age,I kept my estimates because I did not trust the values being given to me. Some of them seemed extremely inaccurate or very biased.,7,7,7
P0404,Individual,I chose to revise because I thought about the question again and wanted to change my estimate to better realistic answer.,4,4,4
P0405,Season,I felt like my initial estimates were noticeably different from the other estimates.,2,2,2
P0406,Season,I revused/did not revise based on how confident I was in my answers.,3,3,3
P0407,Conformity,I wanted to align my response with the most common estimate provided by other participants.,1,1,1
P0408,Season,"I guess I wanted to be more in line with others, I tried splitting the difference to be closer without outright copying their responses.",1,1,1
P0409,Individual,Its my own decision for mind thought.,7,7,7
P0410,Individual,I got no new information so I kept my initial answers as is.,I1,I1,I1
P0411,Age,"I expected, at the very least, for the older generations to have more dated answers so when I saw they didn't, I adjusted.",5,A1,A1
P0412,Prestige,I viewed the information from those with a graduate or professional degree as valuable and wanted to find a balance between my estimate and theirs.,E2,E2,E2
P0413,Prestige,"My judgement on the percentages was slightly biased due to the negative experiences I have seen happening in the world today.  While I may not know how many educated people took the survey vs uneducated, some of the results showed me that it may not be as bad as I previously had thought and gave me hope that others views aligned closer to mine.",5,5,5
P0414,Season,because i feel like they are right ,7,7,7
P0415,Age,My estimates were close enough to the average ,2,2,2
P0416,Season,I had a hunch with certain questions.,7,7,7
P0417,Prestige,I felt like some people may not agree with my estimates.,7,7,7
P0418,Prestige,I had doubts about my choice,3,3,3
P0419,Age,"I revised in most cases, because I figured the other participant gave me a decent idea of what others rated it.",4,4,4
P0420,Individual,"I was being kind of safe in my initial responses so after reading them again I decided to bump them up or down in the direction I felt. In this way it works as a sort of fine tuning for my choices, if it was already probable then it is a bit more sure, if I am unsure the second time then I feel like it is less likely and average it out downwards.",4,4,4
P0421,Season,"New insight was provided so I figure that if my numbers were significantly off from the estimates and there is still unseen data, I should revise. I knew that the average could still be brought up or down, but I wanted to get my prediction closer to the data provided.",2,7,7
P0422,Age,Because most of them would do the same thing,7,7,7
P0423,Age,I had a chance to revisit the work and give it a thought again.,4,4,4
P0424,Prestige,I chose to revise if the estimate was far off because maybe there are things my peers considered that I didn't. If my estimates were close then I just left them or if I felt strongly about my answer I left it.,2,2,2
P0425,Prestige,To perfect my opinion,7,7,7
P0426,Conformity,I felt a little influenced when seeing what other peoples percentages were so i made minor adjustments for only some that were way off from mine.,2,2,2
P0427,Age,felt like it,7,7,7
P0428,Prestige,"Because The people with more education made me think about it again, and I wanted to do my best to try for the bonus money.",4,4,4
P0429,Season,"I revised some of them a little bit because I felt that the people who chose Summer were likely to be somewhat right & the majority, compared to the people who chose other seasons.",S2,S2,S2
P0430,Conformity,I thought it was best to stick to my gut for the most part and i was close to most of the others answers anyway but some i felt were a little to far off,2,2,2
P0431,Conformity,I think the suggested estimate is better.,C1,C1,C1
P0432,Age,I was influenced by the percentages. I think that others will be too.,4,7,7
P0433,Prestige,The ones close I kept and the answers that were way off I adjusted.,2,2,2
P0434,Individual,I thought more about the vast pool of people and thought about the contexts of the other questions I answered.,7,7,7
P0435,Prestige,I wanted to compromise a bit and possibly get a better estimate.,7,7,7
P0436,Individual,I don‚Äôt doubt myself on instinctual decisions that don‚Äôt have serious repercussions.,3,3,3
P0437,Conformity,"If there was too big of a gap between what the average was versus what I put, I adjusted mine to be a little more in the middle.",2,2,2
P0438,Conformity,I realized later that there were about two responses that I never looked into keenly.,7,7,7
P0439,Age,I revised about half and kept half. ,7,7,7
P0440,Age,"I revised it to match the average estimate of the population over 40 years because I expected them to be more conservative, but it turns out they were more progressive than I estimated so I adjusted my estimates to reflect that.",A1,A1,A1
P0441,Individual,Cause i was sure of them,3,3,3
P0442,Season,I am confident in my choices so I did not change any of them. ,3,3,3
P0443,Prestige,I stand by my estimates,3,7,3
P0444,Season,I assumed other people may have disagreed with my answers some so I over compensated when I first selected them. ,4,7,5
P0445,Individual,"I revised some estimates to better reflect current U.S. attitudes and social norms. I kept others the same when my original estimate already seemed accurate.

",4,7,4
P0446,Prestige,Some of my answers were way outside the average so I adjusted somewhat,2,2,2
P0447,Individual,I chose to keep my estimate because the original information still makes sense and nothing has changed to need a new one.,I1,I1,I1
P0448,Prestige,I revised to stay closer to group averages for accuracy.,1,1,1
P0449,Season,I change a few of my answers because I thought that maybe the consensus of a lot of people (the people who like summer) was probably closer to the actual answer than my own answer.,S2,S2,S2
P0450,Individual,I didn't see a need to revise my answers since I wasn't given any type of direction on whether they were right or wrong. If I had some kind of extra data given in between the original and final estimates then maybe I'd change answers.,I1,I1,I1
P0451,Conformity,I wanted it to reflect what the majority of people had said.,C1,C1,C1
P0452,Conformity,"I have no better information in order to revise them any closer, just other peoples uninformed opinions",C2,C2,C2
P0453,Conformity,"I would keep my estimate if it was close to the most common estimate. If my estimate and the most common estimate were different from each other, I would first consider if the common estimate seems likely, then change my answer if it was.",1,1,1
P0454,Season,If I was very off from the given estimate of the summer group I chose to adjust the be closer to said estimate.,2,2,2
P0455,Conformity,I wasn't sure about a lot of the questions and how people answer. ,3,3,3
P0456,Conformity,I was fairly certain about my responses. So most of them that I did move. I moved if they were over 15% or more off. I moved them at least 10% closer to cover things. The one I remember doing so for where the women need to have a baby to feel fulfilled. I think I was quite a bit lower percentage than the most answered percentage given. The rest I was not so far off. ,2,2,2
P0457,Season,"If the initial estimate was very different than the average of the sample that was given, it was a sign that I inaccurately predicted it.",2,2,2
P0458,Prestige,I thought it would be better to come a bit closer in my estimate to others taking the poll.,1,1,1
P0459,Prestige,I chose to revise some of the estimates after seeing the estimate of a fellow graduate which made me feel some of it might be right. Didn't revise most because they were close to my estimate.,E2,E2,E2
P0460,Season,I thought more about outliers,6,7,6
P0461,Age,"I wanted a better shot at getting the bonus, and if the consensus of the answers was different then mine then I would go with the average answer. ",1,7,1
P0462,Prestige,"Well it depended on the question but for the most part, I revised my original estimates because I figured people with a graduate or professional degree might be more informed on certain matters than I might be, so if I saw a big gap about something I wasn't really-really sure on, I figured I should revise my estimate somewhat. It also gave me a chance to rethink things and think about them from a different perspective. But for the one's I left alone, I just felt really strongly that I was more correct than they were and I figured they might even be slightly biased towards certain things due to the environments that they were educated in.",E2,E2,E2
P0463,Prestige,I chose to revise some original estimations of mine because i got additional time to have second thoughts and opinions.,4,4,4
P0464,Individual,"I thought about it a little bit more in depth and altered a couple just slightly, due to different age groups in the study possibly conflicting the ""norm"" and have either more open or closed minded thinking. It was tough to estimate hypothetically.",4,4,4
P0465,Season,I felt the discrepanices between my initial thoughts and the results showed a big bias on my part,2,2,2
P0466,Individual,"I chose to keep my original estimate. This is because when I chose those responses, I was very confident in them.",3,3,3
P0467,Age,"People above 40 are pretty representative, so I shifted towards that knowing I don't know much about younger people but I assumed they would be more progressive.",6,6,6
P0468,Prestige,I chose to revise the ones I felt where I did not know much about. I kept the ones I felt confident about.,3,3,3
P0469,Conformity,I'd like to keep the original estimate.,7,7,7
P0470,Age,compare to the estimation I feel to increase the point,7,7,7
P0471,Prestige,"I chose to keep my estimate because I felt confident in my answers and chose not to revise them because I believe when people are answering honest survey questions, they may reveal answers to those gender beliefs that they may hold but choose not to express.  My answers are based on my experiences and those with whom I interact, whether on social media, in person, work, or otherwise. ",3,3,3
P0472,Conformity,It makes sense to choose the value chosen most by others if I am trying to guess the right number.,1,7,C1
P0473,Season,I stuck with my first guess because I trusted it.,3,3,3
P0474,Conformity,"I chose to revise my answer because after reviewing the information more carefully, I realized there were details I had overlooked in my initial estimate.",4,4,4
P0475,Individual,"I chose to keep my original estimates because I want to go with my gut feeling. Also, I have no idea of the type of people who will take this survey (political, religious, and socioeconomic backgrounds) so it is difficult to try to guess how they will respond.",7,7,7
P0476,Prestige,"I choose to keep my original estimate in some sections because I believe people are better understanding in today's time and age. But I choose to revise some sections as well because after thinking about it again, it made better sense.",4,4,4
P0477,Age,I stuck with all my original answers because I like to trust my gut instinct and a lot of them were close to the numbers that were being reported.,2,7,3
P0478,Conformity,"I'm supposed to come closest to a number you provide, and you provided a number. It's not clear where the number comes from, so I probably should have just set it to exactly that to win the bonus, but I can't bring myself to care enough to figure out where you get the number to compare to.",7,7,7
P0479,Age,"I think it is the accurate answers, according to me",7,7,7
P0480,Individual,"After thinking about it again, I believe more survey takers would be more progressive.",4,5,4
P0481,Age,I choose the keep my original estimates because I felt confident in my guesses.,3,3,3
P0482,Prestige,Some of the guesses I revised I was fairly uncertain about. Having another estimate gave me a better way to gauge where the truth may lay at.,3,3,3
P0483,Conformity,I chose to keep my original estimate because I still think it is correct.,3,3,3
P0484,Individual,I wanted to stick to what I originally thought others may answer.,7,7,7
P0485,Age,I chose to revise after looking at the average given,7,7,7
P0486,Season,I revised because I realized that my answers were too extreme,5,2,2
P0487,Conformity,I revised my estimates because some had a significant difference between my estimates and the estimates other participants.,2,2,2
P0488,Prestige,"I realized I may have been overestimating and the same goes for the othjer person, so the true answer should be somewhere in between our estimates",2,2,2
P0489,Conformity,I wanted to be as close as possible to the true answers.,C1,C1,C1
P0490,Season,for confirmation,7,7,7
P0491,Individual,I chose to keep my original estimates in the previous section because I wasn't provided with any additional information that might alter my thinking.,I1,I1,I1
P0492,Individual,I wanted to stick with my previous assumptions because i felt good about them ,3,3,3
P0493,Individual,"I carefully chose the percentages I selected the first time, so I didn't change all of them. I changed some of them, because thinking it over again, I changed my mind about how many people out of 1000 would think those things. ",4,4,4
P0494,Conformity,Because I believed your estimates because they were closer to what I personally believed. The initial estimates I gave were mostly guesses of what I thought other people would think. I really wasn't sure of myself the first time so I changed my estimates when I seen how off I was on some of them. A few of them I was pretty close.,2,3,3
P0495,Prestige,"Hearing a different perspective can cause me to reconsider, especially when I wasn't very confident in the answers to begin with.",4,3,3
P0496,Age,"I chose to revise the estimates that were far off from the average of 40+ , because I still needed to account for the 40 and below and I was further off from the estimate. ",6,6,6
P0497,Season,I chose to keep it because I was thinking of society as a whole. I don't know everyone who is contributing to this survey...,6,7,7
P0498,Prestige,"When I look at the professional and my estimate side by side, I try to even them out so they are closer. Also I rethought some of the answers and chose to revise them.",E2,4,E2
P0499,Prestige,Some of the answers presented made sense. This made me adjust them.,1,7,E2
P0500,Individual,"Second guessing, my revisions were not that different",7,7,7
P0501,Age,i was confident about my estimates,3,3,3
P0502,Conformity,"I revised my estimate when there was a large difference between the perceived average response and mine, as to narrow the potential deficit of having an outlier choice.",2,2,2
P0503,Season,It's my first instinct,7,7,7
P0504,Prestige,i was not that sure about my estimates so i decided to revise ,3,3,3
P0505,Prestige,i choose to reverse some and keep original  because i was confident in most and some needed some adjustment,3,3,3
P0506,Conformity,Having a second opinion or thought made me think I was being a little harsh on how I believe my peers might think.,5,4,5
P0507,Conformity,"This study helped me to realize I may be a bit pessimistic toward the world, so I decided to revise my estimate to correct myself.",5,5,5
P0508,Individual,I kept them because I did not have a reason to change my opinions ,I1,7,7
P0509,Conformity,I went with my gut feeling. We will see if i was correct.,7,7,7
P0510,Age,I chose to revise to meet close to the estimates I was shown. I am open to being wrong and I like to revise my answers.,1,1,1
P0511,Prestige,"I kept my original estimate because the situation matched real-world making it seem believable.
",7,7,7
P0512,Age,"Basically, it was just ""gut feeling""/intuition. If there was a difference between my estimate and the provided estimate and my intuition told me that the provided estimate is probably closer, then I adjusted mine in that direction, oftentimes splitting the difference.",2,7,7
P0513,Season,"I believe the most accurate estimates are typically found somewhere in the middle (ie. somewhere between my original estimates and the estimates of the participants who like summer), so I chose to adjust the majority of my estimates based on this principle. ",7,7,7
P0514,Individual,I chose to keep my original estimate because I believe my estimates are correct.,3,3,3
P0515,Individual,"I kept my original estimates because I believed they were well-reasoned and consistent with what I know about public opinion. I only adjusted one response as instructed, since it was an attention check.",3,3,3
P0516,Age,I felt confident enough in my answers to trust my guts first instinct.,3,3,3
P0517,Season,I read it over again and though maybe I didn't think well before answering that because much more people seemed to think it true better.,1,4,4
P0518,Age,"I thought a bit about how people I know would respond, and how people age 40 and up might respond.",4,7,4
P0519,Season,"I chose to only revise one answer because I really thought about each question and my ranking while reviewing each. When I got to the one I did revise, I thought about the current time we live in and how mentalities are changing. For the rest, I remain somewhat confident, and I don't like to second guess myself all the time because that normally doesn't work out for me. ",4,7,7
P0520,Age,"I revised a lot of my responses to better align with the reality of what people in my demographic believe and even though I understand that there is an equal distribution of participants across age and sex, I expect that people under 40 will be more liberal in their positions on some things and adjusted my numbers accordingly. As for the ones I kept the same, I expected that my number was within the range that those under 40 would select so I kept my original estimate - but that was for very few questions that I was within range.",6,A1,A1
P0521,Season,I felt that I was either too modest or too generous with my numbers,7,7,7
P0522,Age,"I gave you choices based on what you asked for, not my personal views.",7,7,7
P0523,Conformity,I decided to just keep my original estimates because we all have no idea what people are thinking and their beliefs. I will not change my estimate based on guesses of other people,7,C2,7
P0524,Prestige,I did not want to over exaggerate my predictions compared to the average prediction.,2,2,2
P0525,Conformity,Due to the most common estimate. And i had some further thoughts.,1,4,4
P0526,Age,I chose to keep my original estimates because I felt that I was accurate with them. ,3,3,3
P0527,Season,I am assuming this isn't bs and that the averages for every season will be relatively similar and I am tired of thinking about it.,S2,S2,S2
P0528,Season,I wanted to stick with my gut instincts ,7,7,7
P0529,Prestige,I kept my original estimate because I felt confident in my initial assessment of the  public opinion.,3,3,3
P0530,Conformity,The estimates provided by others gave me the impression that the other study participants whose responses I would be rating were far more liberal than I expected.,5,5,5
P0531,Individual,"There were some statements where I put myself in a couple of person's shoes, like my step-dad and his brother for example.  What would they agree and not agree to?",4,7,7
P0532,Individual,I kept most of my estimates the same because I thoroughly thought them through the first time and therefore I felt no need of revising them.,3,3,3
P0533,Individual,I chose to keep itBecause I felt I made the right decisions,3,3,3
P0534,Prestige,Because I am open minded and therefore accept other people's decisions as long as they impact me positively.,7,7,7
P0535,Individual,I kept my original estimates all across,7,7,7
P0536,Prestige,Some I think the percentages helped give me a general idea of where people fall. ,7,7,7
P0537,Individual,"For the answers I changed, I considered how others might feel and think about it better.",4,7,4
P0538,Prestige,"The estimates I was confident in I didn't revise, and the ones I did I wasn't so confident in. Plus, the estimates of the people with degrees seemed a bit more valid. I assumed that they'd do research to provide the estimates, which made it seem trustworthy.",E2,E2,E2
P0539,Individual,"I revised the original estimate of male and female professionals, as there remains a perception among some that women cannot be professionals.",4,7,7
P0540,Season,While my opinion might fall into another category of participants I adjusted most of my estimates based on the new information. I considered it to be representative source that could potentially define the final outcome of the study.,S2,S2,S2
P0541,Prestige,"when I compared some of my estimated responses I re read the statements out load and thought of both the percentages in front of me and I invisioned multiple different groups off 1000 people of different ages, races, and backgrounds and put a little more thought behind my estimated almost instant (gut feeling) response. which gave me more perspective in which I did alter a few of my answers after.",4,4,4
P0542,Age,I think m y gut feeling is my best work,7,7,7
P0543,Conformity,I mostly kept my original estimates. However a few of them I had to rethink about how most people would estimate them. ,4,4,4
P0544,Age,"I revised my estimate to align more closely with the overall percentile while still considering my own reasoning. The majority‚Äôs input also influenced my decision, but I balanced it with my individual opinion to reach a fair estimate.",1,1,1
P0545,Conformity,"While the percentage may have influenced my thinking, there are those things that I know based on our biological differences, us and men. So I may have added or subtracted the estimate.",4,7,7
P0546,Prestige,Because some were way off but some were pretty close ,2,2,2
P0547,Age,I had some second guessing when I saw the estimates.,4,4,4
P0548,Conformity,I chose to revise if I felt less confident in the estimate and the feedback estimation was far from my original estimate.,3,3,3
P0549,Season,I feel my initial instincts were pretty accurate.,3,3,3
P0550,Conformity,I felt that adjusting made the most sense since I was fairly unsure of my answers overall,3,3,3
P0551,Season,Because i didn‚Äôt find the other estimates relevant ,S1,S1,S1
P0552,Season,I thought that having knowledge of other people's data helped to revise my estimates since people that like other seasons (not summer) likely share some of the same beliefs.,S2,S2,S2
P0553,Prestige,I want to follow professionals,E2,E2,E2
P0554,Individual,I didn't have any change in thought from the first time since it was so soon after so I didn't feel the need to change my estimates.,7,7,7
P0555,Individual,Being able to question it a bit more and more imporantly see my other percentages as well,4,7,4
P0556,Individual,There was no new information which warranted me changing my answers,I1,I1,I1
P0557,Season,I wasn't sure about the demographic of the people who have answered so far and the data gave me a better idea.,4,S2,4
P0558,Age,I hope The estimation is fulfill for me.,7,7,7
P0559,Age,The percentage from the 40 year olds and up helped me to revise some of my answers in order to provide the best guess.,4,6,4
P0560,Age,"Most of my answers seemed to be in line with the majority but for those that were way off I reconsidered and tried to see why the others disagree. If I felt strongly enough about my stance I kept it, otherwise I changed.",1,2,2
P0561,Season,I felt that I may have overestimated the strength of the opinions of others. Based on my lack of confidence in my original estimates and the information provided I made changes. ,3,3,3
P0562,Individual,I kept my original estimate because I am somewhat confident in the estimate and I believe that it is close to the right percentage ,3,3,3
P0563,Prestige,Not much. I feel i was close enough with most,2,2,2
P0564,Season,To me its because the estimates I gave are close to what they thought they were. So i felt good to go or confident enough in myself not to change the responses. ,2,3,2
P0565,Season,"I know their is going to many people doing the survey, and I feel like I will keep some of my answers but the ones I was not sure of I would change .",3,3,3
P0566,Age,"Well I chose to revise my estimates since some questions were attention checks that required a specific answer, while for other revisions i might have over estimated the values the first time.",2,2,2
P0567,Prestige,I was confident in my original answers ,3,3,3
P0568,Conformity,"i felt some of my answers needed to be adjusted based on the most common estimates, for accuracy sake instead of leaving it as is.",C1,C1,C1
P0569,Prestige,"Given the context of some of the answers by other people made me think/realise I was too far off in my original estimation, so I decided to change my answer.",2,2,2
P0570,Conformity,I feel I trust my choices initially,3,3,3
P0571,Conformity,Only if I was really off my prediction would I revise my estimate to a great extent.,2,2,2
P0572,Individual,i misread the question so adjusted my answer,7,7,7
P0573,Season,I changed my estimates if it seemed or felt like I was off.,2,7,7
P0574,Prestige,I adjusted some of my ratings with the new info since that group would still be a part of the responding population but not on every response. I know the graduate degree answers would be more favorable to women,E1,E1,E1
P0575,Season,I was confident enough in my original answers that the estimates given were not enough to sway me.,3,3,3
P0576,Age,To find a happy medium between my responses and the data provided ,2,7,7
P0577,Conformity,I honestly have no idea what percentage of people will agree or disagree but I do hope there's as little misogyny as other people estimated lol.,7,7,7
P0578,Prestige,I did it based off intuition.,7,7,7
P0579,Prestige,I chose to revise my estimates because they seemed to over or underestimate percentages. ,2,2,2
P0580,Prestige,"Even thiugh others thought differently thats how I felt. Also the statement when it said if a woman gets treated bad by their partner they should stay for their kids. I'm not agreeing for them to stay because they are getting treated badly, but she shouldn't leave her children to get treated badly if it was a choice to take the children with her, then I would've chose that.",7,7,7
P0581,Individual,"I think at first I was assuming 'the worst' in people, but I felt maybe I was being too harsh and made it so there were only a small portion of people who would agree with the statement.",5,7,4
P0582,Individual,"I thought about how sometimes people vote differently than they say outwardly. They may say they believe women and men are equals, but then vote and think differently. ",4,7,7
P0583,Conformity,I chose to because I knew some of my answers were going to be a little off and getting estimates was a good way to know which ones I had to change.,2,7,7
P0584,Individual,I only revised a few of my answers. I changed what to what might be more realistic. ,4,7,7
P0585,Season,"Because some of my estimates were either way higher or lower than the participants who only chose Summer, so I assumed I should adjust my numbers to account for the 3 other seasons that people may have selected.",6,6,6
P0586,Conformity,Because the responses of the others seem to be a little bit accurate than my estimates,C1,C1,C1
P0587,Age,"In instances where my original estimate was vastly different from the given average % of 40+'s, I revised it to align more closely to the given % mainly due to my lack of confidence in my original estimate.  In instances where my original estimate closely aligned with the given average %, I was content to let my original estimate stand and see how the total % ends up.",2,2,2
P0588,Individual,I kept my original estimates because I thought about it the first time.,7,7,7
P0589,Conformity,I chose to revise some my answers if they were way different from the other participants answers.,2,2,2
P0590,Season,I felt that maybe I overestimated some statements,2,2,2
P0591,Conformity,Most of my estimates were unchanged because I used personal experiences and logic to influence my estimates. There were a few I changed due to much deliberation.,7,7,7
P0592,Age,The demographic shown was the one I thought would skew the answers either higher or lower than my own beliefs but when the numbers were shown to be closer to my personal beliefs I adjusted.,2,7,7
P0593,Age,"I assumed that the response for all ages would be similar to the response for those 40 plus. Therefore, I adjusted my estimate.",6,6,6
P0594,Individual,"I was trying to think about the current social and political climate of the country, as well as the demographic makeup of who might be taking the survey, and decided to adjust some of my answers.",4,4,4
P0595,Season,Some of them i was undecided so i moved it more to what the other answer says,3,7,1
P0596,Age,I chose to retain my original estimate because I carefully considered all factors when making my estimates.,3,7,3
P0597,Individual,My mind didn‚Äôt change ,7,7,7
P0598,Conformity,One of them was an attention check and the others I felt as if I was completely wrong with the estimate after seeing some percentages,3,7,7
P0599,Individual,I kept my original estimates and did not revise any of them.,7,7,7
P0600,Prestige,I revised them because I think they are reflective of the general population.,1,6,6
P0601,Prestige,I just adjusted a little bit with the input plus my own opinion.,4,4,4
P0602,Prestige,"I revised some because after seeing the estimate and re-reading the question, I felt I was likely off on my answer.",2,4,4
P0603,Season,"I chose to revise some of my original estimates because I think regardless of the people who like a certain season, some of my estimates were too high or too low.",4,7,4
P0604,Individual,"I chose to keep my original estimates because I have no new information, and I thought carefully about others' opinions when selecting it the first time, thinking mostly of how actual elections go vs how they're predicted, and how people will sometimes say things they feel bitter about out loud in surveys. ",I1,I1,I1
P0605,Conformity,One of them was revised because I had made the wrong choice at first due to the negative wording. The others were revised because I was not very confident in my choice.,3,3,3
P0606,Prestige,"The results, which only reflected a small (and highly educated) response set, did seem ""reasonable"" to me by gut feeling.",E2,E2,E2
P0607,Age,I felt like I had a hard time judging when I first answered. I living in a fairly homogenous region and have a hard time estimating the responses of a national sample. ,3,3,3
P0608,Age,"Only if there was a significant difference did I really adjust my choice, and usually just by a bit in the direction of the newly understood data ",2,2,2
P0609,Prestige,My original estimates were based on assumptions about the other people that may have been too extreme,5,7,7
P0610,Individual,I decided to revise my original estimate after thinking about how participants could have similar opinions.,4,7,7
P0611,Season,I chose to revise because I wanted a better chance at receiving the bonus. ,7,7,7
P0612,Prestige,"If I felt that the question would differ more based on gender than on education, I adjusted (or didn't adjust) my estimates accordingly. If I felt education was a bigger factor, I aligned my estimates closer to those provided. ",1,7,1
P0613,Conformity,"I'm not entirely confident if it's right, but i have no idea if the other participants are right either  So I'm willing to take  a gamble here.",3,3,3
P0614,Season,"There were some estimates that I thought I might have over or underestimated, the season preferences really didn't have much of an impact if any.",S1,7,2
P0615,Individual,Trust initial answer,3,3,3
P0616,Conformity,I was making guesses because I don't really know the sample size or types of people asked. I moderated most of my original guesses based on the numbers I was given.,7,7,7
P0617,Age,Because new information was made available . These are my estimates related to a a slightly older collection of my peers . Also I dont believe most are honest in their answers . ,A1,A1,A1
P0618,Conformity,"I revised mine because I did feel like my original estimates were way off from the typical responses. I didn't adjust mine to match the typical responses, though, because I still felt like the original estimates were a fairly accurate representation of the attitudes I see in today's politics and interactions. ",2,2,2
P0619,Season,"if it was glaringly different. because i do believe majority of survey takers pick summer as favorite so its likely similar to overall stat
",S2,S2,S2
P0620,Age,"I did that because people are meant to change opinions and how they feel, that's why i revise it. I choose to keep my original estimate based on how i really felt people react to those statements because it relates to what's happening presently in the states.",7,7,7
P0621,Season,I chose to revise them because I trust the averages were closer to the correct answer than my original estimates.,1,S2,1
P0622,Conformity,It's what I think and It's what I chose,7,7,7
P0623,Age,I revised some of my estimates. The rest of the estimates i kept the original as i saw it was within the range.,2,7,2
P0624,Individual,I still have the same opinion as I did when I started. Not much has changed so I decided to keep many of them. ,7,7,7
P0625,Age,some of my guesses were wildly different than the averages. ,2,2,2
P0626,Conformity,to be more accurate with the actual responses.,C1,C1,C1
P0627,Prestige,"I wasn't certain about my own answers. I felt that I should revise them a bit, in lieu of the new information.",3,3,3
P0628,Individual,Am quite confident with my choices so i chose not to revise them i think I accurately match with many people in the survey.,3,3,3
P0629,Season,"I feel like Summer is likely to be one of if not the most popular seasons so that could be a very large group of people it's representing. However, I really thought about my answers based on what I've learned about the world in my life and I feel like those really are my best guesses.",S2,S2,S2
P0630,Season,I chose to keep all my answers the same because I like sticking with my gut feeling. If you keep thinking about it more or revising your numbers you can talk yourself in or out of anything.,7,7,7
P0631,Conformity,The few responses I adjusted were those of which I was concerned that you may have an influx of very conservative Republicans in your pool and I tried to re-establish a baseline for myself after seeing the most estimated percentages.,5,5,5
P0632,Age,I chose to change them because I didn't feel very confident in them.,3,3,3
P0633,Season,I was not very confident in my answers,3,3,3
P0634,Age,In general I feel my original estimates were great but additional information led me to revise some of my estimates. ,2,4,4
P0635,Age,"My original estimates were very similar to what other people said, so I chose to keep most of them.",2,2,2
P0636,Individual,"I just felt like it's the most estimate, most likely scenario based on speculated guess. How society treats individuals in general and how most adapted to certain mindsets.",7,7,7
P0637,Season,I chose to keep my original estimate in my previous section because I still stand strong of my beliefs.,3,3,3
P0638,Conformity,I chose to revise more towards what others thought so maybe I had a chance at getting them correct ,C1,7,C1
P0639,Prestige,"I felt with the information given and a chance to review and rethink, I changed my mind about my previous position. ",4,4,4
P0640,Prestige,i chose to keep most of the original because I still agreed to it,3,7,3
P0641,Age,"When the percentage matched exactly what I predicted I decided to keep my statement as there is a high chance the general population agrees as well. However, if I was off, I took the average between my guess and the 40 and up guess. ",2,1,2
P0642,Conformity,Revised to match.,1,7,1
P0643,Individual,I kept my original estimates because I think I made pretty accurate estimates. I am confident that these are my best estimates.,3,3,3
P0644,Prestige,"If there was a large difference between my rating and the other person's, I felt like moving mine somewhere between the two was a safer bet as opposed to fully trusting myself or the other person.",2,2,2
P0645,Age,I wanted to adjust my rating in hopes of receiving the bonus.,7,7,7
P0646,Season,Season preference isn't correlated with anything. ,S1,S1,S1
P0647,Season,"I was given some additional information, and refined my estimates using that additional information.",4,4,4
P0648,Age,I'm confident with my estimates,3,3,3
P0649,Prestige,"I was shown a slightly different perspective or given hope, in some cases. The general population is very diverse, and in today's current state of the world it's become very evident. ",E1,E1,E1
P0650,Individual,I feel confident in my answers ,3,3,3
P0651,Prestige,I hope the estimation is well done,7,7,7
P0652,Season,If I was really far off from what the other people said I was more likely to revise.,2,2,2
P0653,Conformity,I only edited a couple that I felt needed a second guess.,7,7,7
P0654,Prestige,"I revised my estimates most of the time because I was not confident in my original answers, so I wanted to be more in-line with the averages",3,3,3
P0655,Individual,I was given no additional information so I kept all of them the same. Except for the one that said to move it to 60.,I1,I1,I1
P0656,Prestige,I found that I tended to choose a more percentage that might reflect the beliefs of someone possibly less educated or less progressive. When I found then my guesses were a lot different than that of the person with the graduate degree I tried to choose a value in the middle. ,2,E2,2
P0657,Age,I just don't trust that people know what they're talking about.,7,7,7
P0658,Age,"I'm somewhat uncertain that the statistics provided to me were real, but I am willing to accept that my guesses were wrong if the data given shows that my guesses were wrong. ",7,7,7
P0659,Conformity,"I revised my answers, if I was too far away in an extreme.",2,2,2
P0660,Age,I kept my original estimate because I felt my initial judgment already reflected what most participants would likely think.,2,7,3
P0661,Season,I chose to revise some to get my answer closer to the average. I kept my original estimate in others because I felt like it was close enough to the average.,2,7,2
P0662,Conformity,Comparing to the avg,1,7,7
P0663,Prestige,tried to compare the averages and actually reflect on the popularity of views,1,7,7
P0664,Conformity,I revised my original estimate when I was significantly off in comparison to the provided statistic.,2,2,2
P0665,Individual,Because I feel like my answers are close to being right and I trust my gut.,3,3,3
P0666,Individual,Because I was honest from start,7,7,7
P0667,Season,"I decided to revise my answers to better align with others because that means others feel that way, and it would increase my chances of being accurate. ",1,7,1
P0668,Conformity,I felt as though I was originally trying to include those with different opinions than mine.,4,7,7
P0669,Age,I only revised if my response was WILDLY different than the example.,2,2,2
P0670,Individual,I did not really get new information when I made my revisions. I just revised some of them a little bit after I reconsidered things.,I1,I1,I1
P0671,Conformity,"Other people's opinions on these estimates had no bearing on my own estimates. Also, some of them seemed quite off. I stand by what I said.",3,C2,3
P0672,Season,I thought my first instincts might be more correct. ,3,3,3
P0673,Conformity,"I believed that the average estimates were true (i.e. these were real averages and not just provided by the researchers for the sake of this study). I think that in a large sample size (1,000 people), the mean of guesses is likely to be closer to the actual number than my single guess. If my guess was pretty close to the mean, I kept it the same. On a few questions, especially where it was an unpopular opinion (like men being better political leaders), I thought the group average might be too low because those who hold the unpopular opinion believe they are alone when really they are not.",C1,C1,C1
P0674,Prestige,If there was a big discrepancy i chose to revise as my original was probably inaccurate,2,2,2
P0675,Age,because i wanted to be closer to the real answer,1,1,1
P0676,Age,I've had time to rethink my answers more logically.,4,4,4
P0677,Individual,I chose to keep my original estimates because I feel pretty confident in my choices the first time around. ,3,3,3
P0678,Age,I trust my own choices. I only changed those I was just unsure about and saw a drastic difference,2,2,2
P0679,Prestige,"I revised some of my answers because I did some rethinking and concluded that I was off on some of them, so they needed revision. ",2,4,4
P0680,Season,I decided to keep them the same because it's the percentage I would choose,7,7,7
P0681,Season,"I trusted my initial opinions and I felt like a person's favorite season had no impact on their answers to the questions, so they did not affect my opinions one bit.",S1,S1,S1
P0682,Conformity,I wanted to be closer to others estimates on some questions.,1,1,1
P0683,Individual,I revised some estimates because I felt most people may not have the same thoughts or ideas as mine. ,4,7,4
P0684,Season,"I don't really care what the summer people think, so I didn't revise my answers.",S1,7,S1
P0685,Individual,"I kept them the same because considering where we are at in this country, i feel like everything is a toss up. ",7,7,7
P0686,Conformity,"I didn't have any new information, so I kept my ratings the same.",7,7,7
P0687,Season,To a adjust to the right answer ,1,7,1
P0688,Individual,I kept them because i put alot of thought in answering them the first time ,7,7,7
P0689,Age,the results leaned more progressive than i anticipated.,5,5,5
P0690,Prestige,I chose to revise some of my estimates because they didn‚Äôt seem right after further consideration.,4,4,4
P0691,Prestige,"I chose to revise my estimates. The reason why is, while the respondents with Graduate degrees may make a small subset of the study's sampled population, their guesses are still much more likely to be accurate than my (single) estimate.",6,E2,E2
P0692,Season,I went with my gut,7,7,7
P0693,Conformity,Some I kept that were close in line with the other participants results.  Others were off and I felt that reflected the average thoughts of the group and perhaps I was off.  So I adjusted based on that.,3,7,2
P0694,Age,i believe most responses are very close in range due to the average response. ,2,2,2
P0695,Individual,I am trying to stop second guessing myself on things even if it is just small things.,7,7,7
P0696,Season,I like to stick to my gut,7,7,7
P0697,Conformity,I seen one answer that was far off of what I put so I changed it afterwards ,2,2,2
P0698,Prestige,"Most of my estimates were already relatively close, some being 20 off and others being only 2 off, so I decided to keep my estimates regardless.",2,7,7
P0699,Age,I may have been way off and the majority percentages seemed to be more correct and on point. Seeing other's viewpoints persuaded me to change a few. ,2,4,2
P0700,Prestige,Because I wanted my estimate to be close to the expert data. They know more than me. Some estimates I keep due to impassioned opinions.,E2,E2,E2
P0701,Individual,I tried to consider democrat vs republican and indigenous vs foreign values in adjusting my estimates. ,4,7,7
P0702,Conformity,I felt confident enough in most of my responses that I didn't think I needed to change them.,3,3,3
P0703,Conformity,Because I believe the estimates may be more accurate. I do not trust my own intuition.,C1,C1,C1
P0704,Individual,"I decided to keep my estimates because it is important to trust my first choice, I did not receive any new information that would make me want to revise. ",I1,I1,I1
P0705,Prestige,The percentages given showed me that perhaps my answers were not the most accurate. I decided to change my answers a bit given that I may have been a little too critical.,5,7,7
P0706,Season,I chose to revise some of my answers due to the fact that other participants on average had responses that made my estimates appear to be less accurate.,1,7,1
P0707,Individual,Just trusting my instincts,3,7,3
P0708,Age,I feel like people in their 40's have a pretty good understanding of society and daily life than younger people but they still have a lot of their own biases.,A2,A2,A2
P0709,Prestige,"I kept most of my answers the same, but I did choose to revise a few based on the input from the graduates when I saw that some of my estimates were vastly different from theirs on certain subjects.",2,2,2
P0710,Individual,THere was no compelling reason to revise my numbers.,7,7,7
P0711,Conformity,I thought it was off my estimate.,2,7,2
P0712,Season,I was quite pessimistic with most of my estimates,5,5,5
P0713,Season,based on how I felt,7,7,7
P0714,Prestige,I think that people with professional/grad degrees tend to skew more liberal and have more liberal people around them so they might over/under estimate a more general population.,E1,E1,E1
P0715,Age,Because I have firm beliefs it is true based on my experience in the workforce,3,3,3
P0716,Conformity,I revised some of my answers to be more in line with the answers by other participants. I kept some because I thought my estimate was pretty accurate.,1,1,1
P0717,Age,Because i think the recommended estimate might be true,1,1,1
P0718,Individual,"I chose to keep my original estimates because I was going based off my gut feeling of the statements. If I overthink them too much, I would likely change my estimates and I don't know enough about the survey takers to know if my answers are close or not. ",7,7,7
P0719,Age,I revised because I got a better understanding of the census of certain questions I wasn't too sure about. ,3,3,3
P0720,Age,"I chose to revise my estimate because I thought I may have overestimated the immorality, or uncaringness of the worlds population.",5,5,5
P0721,Season,"Honestly I was trying to guess what other people might think, not what I believe, so I adjusted based on feedback on other groups.",1,7,1
P0722,Prestige,Because I felt like my estimates were way off and I trusted the advisor's answers. ,2,2,2
P0723,Prestige,I wanted to go with my real answers without any influence from others,7,7,7
P0724,Conformity,some just took another minute to think about after seeing others' responses,4,7,4
P0725,Conformity,The estimate for all participants in this study might be closer to the actual number of the 1000 participants.,6,C1,C1
P0726,Season,"I kept most of my original estimates because they still felt accurate, but slightly changed one or two because I felt the average responses given seemed more accurate than my originals.",1,7,1
P0727,Individual,i went with gut the first time so i chose not to revise my answers. ,7,7,7
P0728,Age,for a better estimate,7,7,7
P0729,Individual,I decided to keep my original estimate because it still felt like a reasonable reflection of how most people in the sample would respond.,3,7,3
P0730,Season,I kept them because I don‚Äôt think favorite season affects these topics. ,S1,S1,S1
P0731,Prestige,I revised my estimate because I seen how much of a difference the numbers were and I wanted them to be closer based off the information I got. ,2,2,2
P0732,Individual,I chose to revise some because gut feeling idk broski,7,7,7
P0733,Season,I Decided To Be Safe and Just Tweak a Little Bit of My Estimates.,7,7,7
P0734,Prestige,I feel like outside input made me feel like at least some of the participants would shift the curve up or down.,4,7,7
P0735,Age,"I chose to revise my estimates because I was overestimating the way most people felt
",2,5,2
P0736,Individual,"I kept most of my estimates the same, as I went with my initial gut instinct on how people would respond. ",7,7,7
P0737,Conformity,"My estimates were slightly revised in response to the average of the other respondents' estimates, as I was looking to find a middle ground",2,2,2
P0738,Prestige,Because I am estimating based on the general public. About 3% of the population holds graduate degrees.,6,6,6
P0739,Age,I chose to revise my original estimates because I felt there was a higher likelihood of them being more accurate afterwards.,7,7,7
P0740,Season,"Seeing the other participants responses did influence me to change some of my answers somewhat. I guess some of my responses looked a little extreme after seeing the other participants responses, so I thought I should revise some of them. ",5,2,5
P0741,Individual,I kept my statements because I feel like I have a relatively good intutition on other's perception on this topic.,3,3,3
P0742,Conformity,"I gave it a bit more thought, and was reminded how many narrow minded, awful people live in america.",4,5,4
P0743,Conformity,I chose to revise my answers in order to align more with the apparent majority,1,1,1
P0744,Season,I choose to revise my original estimate to more accurately reflect general opinions,1,1,1
P0745,Prestige,"I chose to revise some because the number of people exceeded my expectations, and I chose to keep others because they were in similar ranges to other responses.",5,2,5
P0746,Conformity,I wanted to keep it a bit closer to others estimates.,1,7,1
P0747,Age,People aged 40 and over have a different mindset then those who were born afterwards but still share most major opinions.,A1,A1,A1
P0748,Prestige,i chose to revise some estimates just based on gut intuition after i saw what others estimated.,4,7,7
P0749,Season,I adjusted based on the summer participant percentage while still taking into consideration the possible opinions of the participants from the three other seasons.,6,6,6
P0750,Age,"I chose to revise some of them because my initial estimate was way off. One of them I got dead on actually, which I'm happy about.",2,2,2
P0751,Age,i figured the total would be closer to that percentage once factoring in all ages ,6,6,6
P0752,Individual,Because I thought about it a second time and decided to make amends to my estimates,4,4,4
P0753,Prestige,"Graduate educated people do not represent all people, some may come from different backgrounds with a different perspective.",E1,E1,E1
P0754,Prestige,I believe that when more people take this survey it may change.,7,7,7
P0755,Conformity,I revised it to the new esitmate because they made more sense than what I picked,C1,1,C1
P0756,Season,"I think that I misread the last question, I didn‚Äôt mean to imply that I think 90% of people would‚Äôve wanted the woman to stay with an abusive husband just because of their children. ",7,7,7
P0757,Prestige,I choose to revise,7,7,7
P0758,Individual,i remember a lot these being discussed on social media so i based my percentages on what i felt seemed to be the more agreed answer ,7,7,7
P0759,Season,"I feel like stats with summer were uncorrelated with my estimates, therefore I left my responses the same.",S1,S1,S1
P0760,Conformity,I chose to revise when our answer where way off.,2,2,2
P0761,Age,The information told me a lot about how a lot of the participants thought about these circumstances and allowed me to better understand the estimates.,4,4,4
P0762,Conformity,I was confident in my choices and did not want to change them,3,3,3
P0763,Individual,"When revising my answers, I realized the amount of young men who are red pilled. So at least half of the men taking this study will disagree with a lot of this",4,4,4
P0764,Prestige,Because I had to think carefully about my estimate again.,4,4,4
P0765,Individual,I simply reconsidered my expectations of humanity and the current scope of people's views,4,4,4
P0766,Season,I assumed that people who like summer are like everyone else so I adjusted some of my answer to reflect that.,S2,S2,S2
P0767,Age,"In most cases I was only about 2-10% off from the other estimates that were provided, so I felt fairly comfortable with the answers I had before.",2,7,2
P0768,Age,Because I trust my judgements more:,3,3,3
P0769,Conformity,"Given the higher age cap, I was choosing my answers based on what I believed the older generations might think",1,1,1
P0770,Season,I revised some of my responses based on a second consideration.,4,4,4
P0771,Prestige,"some of my guesses were just so far off that i had to update them to be more accurate, but others i still felt were good guesses.",2,2,2
P0772,Individual,"I thought my answers through the first time, and didn't feel a need to change them.",7,7,7
P0773,Prestige,i trust the graduates did their research and are more informed than me,E2,E2,E2
P0774,Season,I think I am far to cynical about others opinions ,5,5,5
P0775,Individual,I chose to keep my original estimate because I am confident in my choices. ,3,3,3
P0776,Age,"I chose to change my answers just a little to adjust for the older age group estimate, but not entirely since the younger half (where I belong) could very well have drastically different responses. ",6,A1,A1
P0777,Prestige,I chose to revise my answers because I saw the adjusted percentages.,4,4,4
P0778,Age,I chose to revise because once I saw the percentage of the answer of other users I took it into consideration.,4,4,4
P0779,Conformity,"I chose to revise when the most common number was so extreme, as this tells me lots of people consider it normal to an extreme",C1,C1,C1
P0780,Individual,I didn't think it was necessary to revise them.,7,7,7
P0781,Conformity,I revised a few because I think that the most common estimates are indicative of how others answered the survey.,C1,C1,C1
P0782,Season,"Because i had a gut feeling, my answers were closer to the true %.",3,3,3
P0783,Season,Mostly stuck with my gut,7,7,7
P0784,Conformity,"Some of the answers were closer to what my actual opinions are, but I wasn't sure if everyone else would think the same way so I was trying to be more conservative. ",2,7,7
P0785,Age,"I felt that the older generation tends to be more conservative on this topic, so I felt that they might be more accurate in their predications. I also did not have much support in my answers, so would trust others compared to myself ",A1,A1,A1
P0786,Individual,I revised them due to more consideration and thinking I could have been wrong. ,4,4,4
P0787,Prestige,Based off the new information,4,4,4
P0788,Prestige,I'm hoping some people have a kind heart for women.,7,7,7
P0789,Individual,I kept all my original estimates in the previous section because I feel good about them and don't want to doubt myself. I also feel like changing my estimates will increase my chances of being less accurate.,7,7,7
P0790,Season,I chose to keep my original estimates because the estimates of other people don't matter.,7,7,7
P0791,Age,"I chose move over some as my view has been through social media, television and personal views from people I met through work (retail average customers) and many gave me this feeling that many do hold down on opinions especially older generations and current ones in regarding what is ok and isn't. The fact most women's rights are constantly changing in which STATE you go to while a man doesn't have to consistently worry about his body. In some cases I was hopeful that most people still hold onto good morals ex: Women's education and safety to leave.",A1,A1,A1
P0792,Prestige,I chose to keep most of them because I felt that my answers were my best guess. I was also influenced by the provided estimated numbers being close to my own responses.,2,7,2
P0793,Conformity,I just tweaked a few percentages here and there,7,7,7
P0794,Conformity,Because it seemed that I was wrong about my estimates,7,7,7
P0795,Conformity,"I felt in some cases I was fortunately, quite a bit off.",2,7,7
P0796,Individual,Some of them I reconsidered and thought my original answer was too extreme. ,5,4,5
P0797,Season,Well at first I was seeing the percentage was higher or lower by alot in mine but then I caught a pattern which I dont really believe those results and I feel I was being tested so instead I revised based on rethinking the question instead cause I feel my percentage was off no matter the actual percentage you gave. ,7,7,7
P0798,Age,I choose to revise it because some of it is not true and some is. Everyone has their own opinions.,7,7,7
P0799,Age,I chose to revise my original estimate because I thought other participants would be more old-schooled and think that men were above women. I didn't realize that participants were more free and open-minded. ,A1,A1,A1
P0800,Individual,I was confident in my original estimates so I barely changed anything.,3,3,3
P0801,Season,"I chose to revise estimates that were far off, because even if the people who like summer are only 1/4 of the participants, it still shows what a good amount of people thought. If the estimates were already close, I didn't change them.",2,6,S2
P0802,Prestige,"My initial assumptions were that many participants don‚Äôt have good education but when I saw the percentages the people with degrees had, my guesses were very off so I adjusted accordingly. It depends on how many participants have degrees, so I adjusted my guesses but still didn‚Äôt want to completely match their exact percentages.",6,6,6
P0803,Individual,"I changed one answer because when i looked at it again i felt i may have slightly underestimated the percentage, so i moved it up to 5%",2,7,4
P0804,Prestige,i felt pretty good with what i had,3,3,3
P0805,Age,I changed some of the ones that we very far off of the others but decided to keep most of mine the same because I think I could have a good guess. ,2,2,2
P0806,Season,"I revised a couple, because seeing how low other predictors had them, made me realize perhaps I was being pessimistic about some of my answers. What I mean is that I believed something to be more likely, as I believed people held more negative views.",5,5,5
P0807,Conformity,"I revised mine to closer reflect the average of what others thought, I still kept it within a range I thought was more exact.",1,C1,1
P0808,Individual,I would remember some stuff that would change my opinion when I was given the chance to revise my estimates.,7,7,7
P0809,Conformity,I chose to revise to make my answers more accurate to the actual answers.,C1,1,1
P0810,Prestige,I view this world more cruel than it is. ,5,7,7
P0811,Individual,Because that‚Äôs my opinion and that‚Äôs how I think it should be,7,7,7
P0812,Age,I thought about the average decisions of the aged 40 and above and chose the best suited answer. ,4,7,A2
P0813,Season,I kept my original estimates because they were my honest opinions.,7,7,7
P0814,Season,I tried to put myself in someone elses position and view the question from their eyes. ,4,7,7
P0815,Age,Older people often have more conservative views. ,A1,A1,A1
P0816,Prestige,I always trust my first instinct so I kept my original estimates,3,3,3
P0817,Conformity,I thought that my initial estimates were more correct than the data the participants themselves provided in the first place.,3,7,C2
P0818,Age,"I think seeing a drastic difference in some of the estimates between my own guess and the guess of the demographic that was shown to me did make me go ""Maybe I'm thinking too cynically."" and so I did revise quite a few of them, somewhat. But I did keep in mind that it was only one demographic's estimates.",5,5,5
P0819,Conformity,I thought it might get me more money,7,7,7
P0820,Season,I think the sample of people who like summer would closely reflect the whole participant pool because I don‚Äôt think season affects people‚Äôs opinions.,S2,S2,S2
P0821,Prestige,If others see how I would choose estimates I think it would show some in a better positive light. ,7,7,7
P0822,Prestige,I kept most of my estimates because the average estimates from graduates seemed too low and I didn't trust them. There were a few that I revised just based on a hunch that I was a little off so I adjusted my estimation.,E1,E1,E1
P0823,Individual,I reconsidered the demographic of people who would choose to take this type of survey and adjusted my estimates accordingly,4,4,4
P0824,Age,"Seeing others' responses made me realize my estimates may have been significantly inaccurate, and in many cases I decided to revise my estimate to be closer to the consensus.",1,1,1
P0825,Conformity,"I honestly have no idea what the average would be - I could guess if it were filtered by particular demographics, but I have no idea what the demographics of these surveys are. Therefore I adjusted to be closer for each one based on overall estimate. ",1,1,1
P0826,Individual,I felt like they were close enough,2,7,3
P0827,Season,"Reading the estimates made me realize on some statements that it'd definitely lean towards one side, so I moved the slider closer to the provided estimate.",1,4,1
P0828,Age,"I was under the bias that there was going to be a lot more negativity when choosing where to keep the estimates, so I chose to revise them.",5,5,5
P0829,Individual,I kept original estimates because no new information was given that would alter my estimate,I1,I1,I1
P0830,Prestige,I didn't wanna change mine and doubt myself based on others thoughts because mine could be right who knows. ,7,7,7
P0831,Season,"I chose to revise most of my original estimates based on the assumption that spring, winter, and fall respondents would lean less into gender conformity based on a hunch. So, I just adjusted close to the summer respondent estimates, but more towards the nonconforming side, with the assumption that with those respondent's data added it would lean more that way.",7,6,6
P0832,Conformity,I chose to revise because I thought it would increase the accuracy. ,C1,1,1
P0833,Age,I tended to answer closer to the middle even if my intuition thought it was further away,2,2,2
P0834,Prestige,I adjusted towards the suggestion but kept in mind that most people do not have graduate degrees like me,E2,E1,E2
P0835,Individual,I had already thought my decisions over well.,3,3,3
P0836,Conformity,i believe that what others think others think is irrelevant,7,7,7
P0837,Season,because I believed my estimates might be slightly off.,2,7,7
P0838,Individual,i revised one option by just a little i kept the rest,7,7,7
P0839,Prestige,"I missed one question, but also I think the graduate answers would be more 'liberal' than the general public. So a survey of 1000 people, the answers would not be as extreme as a graduates. (i.e. very low or very high % spread)",E1,E1,E1
P0840,Age,"I tried to think what ""old people"" might think, and when the data disagreed with my guess, I would adjust my estimate, but I still tried to account for the different responses for younger people.",6,A1,6
P0841,Conformity,"If the goal is to align estimates with the 1000 participants, using the most common estimates of other participants will be a better approximates.",C1,C1,C1
P0842,Season,I rethought it,4,4,4
P0843,Conformity,I wasn't super confident on some of my responses and decided to follow what the majority of other participants answered as it was probably closer than my estimate. ,C1,C1,C1
P0844,Season,I kept my original estimates because they felt right.,7,7,7
P0845,Individual,I believe my original answers were pretty spot on.,3,3,3
P0846,Age,Because I felt they were right,3,3,3
P0847,Prestige,"I chose to revise the estimate because we were told what the averages were, which is at least some insight and background knowledge on the situation.",1,1,1
P0848,Age,"Some of these questions I had assumed that people aged 40 or older would have been the ones that were disagreeing with me, so assuming these were correct, I recalculated some of them if I believed they were more accurate or I felt they were more progressive than I thought they would be.",4,A1,A1
P0849,Individual,I kept the original estimate because I think I made the best possible guesses.,3,3,3
P0850,Prestige,"I mean, I figured for education questions specifically this group would tend to lean towards thinking education was important themselves and so probably heavily overestimate how much other people saw it as important, and so for those sorts of questions I tended to just ignore them, but for other kinds of question, occasionally if their estimates were way off from mine I would reconsider if there might have been something wrong with my estimate, and as an example for the question on if a woman should be able to divorce her husband even if the husband is against the idea, I figured ""You know what? My estimate was probably too low before, and I probably failed to account for how divorce is largely normalized in today's society"", but that wasn't necessarily always the case, and sometimes I figured my original estimate was fine.",E2,E1,E1
P0851,Conformity,Second guessing,7,7,7
P0852,Season,"Because I thought about my answers clearly, and didn‚Äôt want other opinions to affect those statements",7,7,7
P0853,Individual,I kept my original bc I don‚Äôt like to second guess myself,7,7,7
P0854,Season,I was confident enough in my estimates to just keep it the same.,3,3,3
P0855,Prestige,Some of them I realized that I was too much or too little. So once I saw the other people's estimates I chose to change it. ,2,1,2
P0856,Conformity,If the estimate was off by a lot compared to the consensus I tried to make a adjustment to close the gap.,2,2,2
P0857,Age,"I chose not to adjust many of my estimates by much, but if I did, it was to bring it to a somewhat closer average to the others. ",1,1,1
P0858,Age,"The age group seemed like it could have been narrow, so I stayed with my original thoughts.",6,7,6
P0859,Prestige,I believe people who have had gotten their graduate or professional degree have more accurate responses. I didn't change them to be exact because overall they are just rough estimates.,E2,E2,E2
P0860,Season,i chose to keep my estimates because i was pretty close on most of them,2,2,2
P0861,Individual,I wanted to revise my estimates because most survey participants simply aren't as humble and understanding of women as I am.,7,7,7
P0862,Conformity,"My OCD wanted me to match them up with everyone elses, there really isnt any other reason, I would say my answers were in the right direction of the majority though.",1,7,7
P0863,Conformity,For attention checks.,7,7,7
P0864,Season,I chose to keep my original estimates because they are what I truly believe in,3,3,3
P0865,Age,I chose to revise because my original estimates felt too low and too high.  ,2,2,2
P0866,Individual,I decided to keep my original estimates because nothing significant happened in the time between me answering the questions and getting to revise them that would make me change my answer.,7,7,7
P0867,Prestige,"Revise, because I made adjustments based on the average estimation.",1,7,4
P0868,Season,I decided to change them after giving a second look at the question. It made me realize that maybe i misjudged what people would actually put.,5,4,4
P0869,Prestige,I choose to revise because I want to make sure my estimates are accurate upon review.,1,7,1
P0870,Individual,i just have no idea of the actual answers so i figure my gut is right i guess. ,7,7,7
P0871,Conformity,Just seemed like the right thing to do when given extra information.,4,4,4
P0872,Individual,I kept my original estimates because I saw no reason to change them.,7,7,7
P0873,Age,To see if it'll affect my chances of getting a bonus payment.,7,7,7
P0874,Prestige,"Since this is a online survey and it's free to start doing, I felt like more young people who are on the internet would be doing the survey. I figured that I need to consider how young people have a different mentality of the topics in this study, so I adjusted based on what I think the majority of young people would think.",6,6,6
P0875,Conformity,Because some of my guesses were way off.,2,2,2
P0876,Age,"just trying to roughly even the odds of being correct. I do not personally believe some of the percentages are realistic, but it is best to try and be accurate based on the information I was given.",4,1,1
P0877,Season,I revised some of my scores on the more controversial topics as I feel I may have overestimated how many people would agree with it. But for some that I felt were more accurate than the average I kept my same current estimates,5,5,5
P0878,Conformity,I trust my decisions.,3,3,3
P0879,Prestige,"I considered the additional info and thought about my specific predictions again and adjusted some percentages slightly, taking into account the new info and reconsidering what a full dataset of participants might choose.",6,4,6
P0880,Individual,I chose to keep it because they were carefully thought through the first time,3,3,3
P0881,Season,"I figured that liking summer and each of these questions are independent, so its equivalent to saying a random subset of people estimate this, which seemed valuable.",S2,S2,S2
P0882,Age,Because some of mine were way off. I think that people are worse than they assume.,2,7,2
P0883,Age,I presumed that the listed statistics were closer to reality.,1,1,1
P0884,Conformity,i was quite confident with my answers.,3,3,3
P0885,Season,I stuck to my guns,7,7,7
P0886,Prestige,Some of my responses were very off and made me doubt my choice so i changed the ones with the massive difference. ,2,2,2
P0887,Individual,I feel pretty confident in my original answers,3,3,3
P0888,Season,I chose to keep my estimate since because the new information I received did not change my guesses,7,7,7
P0889,Age,I was basing my estimates on what side of the political spectrum the average participant would land on.,4,7,7
P0890,Individual,I had not changed my mind on anything during revision. ,7,7,7
P0891,Conformity,There is no reason to revise what my estimates for.,7,7,7
P0892,Prestige,i choose to adjust my estimate based on the trend ,1,7,1
P0893,Season,I chose to revise my original estimates based on the information given about people who chose summer as their favorite season.,4,7,4
P0894,Age,"I did not realize that older participants, voted the way they did. I assumed they would be a little more sexist.",5,5,5
P0895,Conformity,"I chose not to revise any original estimates, since I'm very confident in my decisions and am not easily influenced by others.",3,3,3
P0896,Prestige,I think the graduate and professional degree pool is way more liberal than the country.,E1,E1,E1
P0897,Individual,I re-evaluated the question for a minute,4,4,4
P0898,Conformity,I choose to change based on how others answered as it was slightly convincing. I tried not to falter too much because I think that people have very different opinions. For example one of the answers illustrated that only 30 out of 1000 people believed something. There is basically no way that will be statistically accurate.,C1,7,4
P0899,Season,"I chose to revise my answers because the sample group was made up of multiple people, which would mean their responses together will be closer to the average estimate.",1,S2,S2
P0900,Individual,I had no new information which would cause me to adjust my answers,I1,I1,I1
P0901,Prestige,I chose to keep my original estimates because they were close to what other graduate school grads would say. I also trust my instincts a little bit. ,2,2,2
P0902,Age,I chose to keep my original estimates because I am fairly confident in what I believe to be true.,3,3,3
P0903,Individual,I just thought about the statements a little bit more in-depth,4,4,4
